[Licensing::Module] Trying to connect to existing licensing client channel...
Built from '6000.4/staging' branch; Version is '6000.4.4f1 (360f97ecca93) revision 3542935'; Using compiler version '194234433'; Build Type 'Release'
OS: 'Windows 11  (10.0.26200) Core' Language: 'en' Physical Memory: 32387 MB
[Licensing::IpcConnector] Successfully connected to: "LicenseClient-paulp" at "2026-05-04T21:10:21.2360121Z"
BatchMode: 1, IsHumanControllingUs: 0, StartBugReporterOnCrash: 0, Is64bit: 1
System  architecture: x64
Process architecture: x64
Date: 2026-05-04T21:10:21Z

COMMAND LINE ARGUMENTS:
A:\UnityHub\Unity Hub\6000.4.4f1\Editor\Unity.exe
-adb2
-batchMode
-noUpm
-name
AssetImportWorker5
-projectPath
A:/UnityHub/CSC493FP-Work
-logFile
Logs/AssetImportWorker5.log
-srvPort
58648
-licensingIpc
LicenseClient-paulp
-force-d3d12
-job-worker-count
7
-background-job-worker-count
8
-gc-helper-count
1
-name
AssetImport
Successfully changed project path to: A:/UnityHub/CSC493FP-Work
A:/UnityHub/CSC493FP-Work
[UnityMemory] Configuration Parameters - Can be set up in boot.config
    "memorysetup-temp-allocator-size-gi-baking-worker=262144"
    "memorysetup-temp-allocator-size-gi-baking-worker=262144"
    "memorysetup-temp-allocator-size-gi-baking-worker=262144"
    "memorysetup-temp-allocator-size-gi-baking-worker=262144"
    "memorysetup-temp-allocator-size-gi-baking-worker=262144"
    "memorysetup-temp-allocator-size-nav-mesh-worker=65536"
    "memorysetup-temp-allocator-size-audio-worker=65536"
    "memorysetup-temp-allocator-size-cloud-worker=32768"
    "memorysetup-temp-allocator-size-gfx=262144"
    "memorysetup-temp-allocator-size-preload-manager=33554432"
    "memorysetup-temp-allocator-size-job-worker=262144"
    "memorysetup-temp-allocator-size-background-worker=32768"
    "memorysetup-allocator-temp-initial-block-size-main=262144"
    "memorysetup-allocator-temp-initial-block-size-worker=262144"
    "memorysetup-bucket-allocator-granularity=16"
    "memorysetup-bucket-allocator-bucket-count=8"
    "memorysetup-bucket-allocator-block-size=33554432"
    "memorysetup-bucket-allocator-block-count=8"
    "memorysetup-main-allocator-block-size=16777216"
    "memorysetup-thread-allocator-block-size=16777216"
    "memorysetup-gfx-main-allocator-block-size=16777216"
    "memorysetup-gfx-thread-allocator-block-size=16777216"
    "memorysetup-cache-allocator-block-size=4194304"
    "memorysetup-typetree-allocator-block-size=2097152"
    "memorysetup-profiler-bucket-allocator-granularity=16"
    "memorysetup-profiler-bucket-allocator-bucket-count=8"
    "memorysetup-profiler-bucket-allocator-block-size=33554432"
    "memorysetup-profiler-bucket-allocator-block-count=8"
    "memorysetup-profiler-allocator-block-size=16777216"
    "memorysetup-profiler-editor-allocator-block-size=1048576"
    "memorysetup-temp-allocator-size-main=16777216"
    "memorysetup-job-temp-allocator-block-size=2097152"
    "memorysetup-job-temp-allocator-block-size-background=1048576"
    "memorysetup-job-temp-allocator-reduction-small-platforms=262144"
Player connection [10808]  Target information:

Player connection [10808]  * "[IP] 192.168.0.96 [Port] 0 [Flags] 2 [Guid] 1910806189 [EditorId] 1910806189 [Version] 1048832 [Id] WindowsEditor(7,WarMachinePP) [Debug] 1 [PackageName] WindowsEditor [ProjectName] Editor" 

Player connection [10808] Host joined multi-casting on [225.0.0.222:54997]...
Player connection [10808] Host joined alternative multi-casting on [225.0.0.222:34997]...
JobSystem: Creating JobQueue using job-worker-count value 7
Input System module state changed to: Initialized.
[Physics::Module] Initialized fallback backend.
[Physics::Module] Id: 0xdecafbad
Library Redirect Path: Library/
[Physics::Module] Selected backend.
[Physics::Module] Name: PhysX
[Physics::Module] Id: 0xf2b8ea05
[Physics::Module] SDK Version: 4.1.2
[Physics::Module] Integration Version: 1.0.0
[Physics::Module] Threading Mode: Multi-Threaded
Refreshing native plugins compatible for Editor in 7.35 ms, found 4 plugins.
Initialize engine version: 6000.4.4f1 (360f97ecca93)
[Subsystems] Discovering subsystems at path A:/UnityHub/Unity Hub/6000.4.4f1/Editor/Data/Resources/UnitySubsystems
[Subsystems] Discovering subsystems at path A:/UnityHub/CSC493FP-Work/Assets
Forcing GfxDevice: Direct3D 12
GfxDevice: creating device client; kGfxThreadingModeNonThreaded
d3d12: failed to query info queue interface (0x80004002).
Direct3D:
    Version:         Direct3D 12 [level 12.2]
    Renderer:        NVIDIA GeForce RTX 4070 Laptop GPU (ID=0x2860)
    Vendor:          NVIDIA
    VRAM:            7948 MB
    App VRAM Budget: 7180 MB
    Driver:          32.0.15.9636
Initialize mono
Mono path[0] = 'A:/UnityHub/Unity Hub/6000.4.4f1/Editor/Data/Managed'
Mono path[1] = 'A:/UnityHub/Unity Hub/6000.4.4f1/Editor/Data/MonoBleedingEdge/lib/mono/unityjit-win32'
Mono config path = 'A:/UnityHub/Unity Hub/6000.4.4f1/Editor/Data/MonoBleedingEdge/etc'
Using monoOptions --debugger-agent=transport=dt_socket,embedding=1,server=y,suspend=n,address=127.0.0.1:56060
CodeReloadManager initialized
Begin MonoManager ReloadAssembly
Registering precompiled unity dll's ...
Register platform support module: A:/UnityHub/Unity Hub/6000.4.4f1/Editor/Data/PlaybackEngines/WebGLSupport/UnityEditor.WebGL.Extensions.dll
Register platform support module: A:/UnityHub/Unity Hub/6000.4.4f1/Editor/Data/PlaybackEngines/WindowsStandaloneSupport/UnityEditor.WindowsStandalone.Extensions.dll
Registered in 0.002555 seconds.
Native extension for WindowsStandalone target not found
Native extension for WebGL target not found
Package Manager log level set to [2]
[Package Manager] Failed to launch server process. Reason: Unity was launched with the -noUpm command-line argument
[Package Manager] Unable to send message (not connected to server process).
[Package Manager] Cannot connect to Unity Package Manager local server
ScheduleIndexationOnStartup MainProcess:False IndexOnStartup:True
Mono: successfully reloaded assembly
- Finished resetting the current domain, in  1.345 seconds
Domain Reload Profiling: 2199ms
	BeginReloadAssembly (277ms)
	RebuildCommonClasses (65ms)
	RebuildNativeTypeToScriptingClass (20ms)
	initialDomainReloadingComplete (110ms)
	LoadAllAssembliesAndSetupDomain (376ms)
		LoadAssemblies (277ms)
		AnalyzeDomain (358ms)
			TypeCache.Refresh (357ms)
				TypeCache.ScanAssembly (334ms)
	FinalizeReload (1351ms)
		SetupLoadedEditorAssemblies (0ms)
			InitializePlatformSupportModulesInManaged (79ms)
			BeforeProcessingInitializeOnLoad (255ms)
			ProcessInitializeOnLoadAttributes (487ms)
			ProcessInitializeOnLoadMethodAttributes (372ms)
========================================================================
Worker process is ready to serve import requests
Import Worker Mode flag is 0x00
[Licensing::Client] Error: HandshakeResponse reported an error:
	ResponseCode: 505
	ResponseStatus: Unsupported protocol version '1.18.1'.
[Licensing::Module] Error: Failed to handshake to channel: "LicenseClient-paulp"
[Licensing::IpcConnector] LicenseClient-paulp channel disconnected successfully.
[Licensing::IpcConnector] Successfully connected to: "LicenseClient-paulp-6000.4.4" at "2026-05-04T21:10:25.9715236Z"
Begin MonoManager ReloadAssembly
[Licensing::Module] Licensing is not yet initialized.
[Licensing::Client] Handshaking with LicensingClient:
  Version:                 1.18.1+9fbee8e
  Session Id:              2b9c568595dc44f5ac81372470a64bb0
  Correlation Id:          0ed2e0aa8a725d0709b580bcf38da216
  External correlation Id: 5105033009103413269
  Machine Id:              qRZcJ3jZoV+klU0f72OZIpRyvBw=
[Licensing::Module] Successfully connected to LicensingClient on channel: "LicenseClient-paulp-6000.4.4" (connect: 0.01s, validation: 0.00s, handshake: 3.31s)
[Licensing::IpcConnector] Successfully connected to: "LicenseClient-paulp-6000.4.4-notifications" at "2026-05-04T21:10:29.287985Z"
[Licensing::Module] Licensing Background thread has ended after 8.05s
[Licensing::Module] Licensing is initialized (took 3.08s).
[Licensing::Client] Successfully resolved entitlement details
[Licensing::Module] License group:
  Id: 2474244442130-UnityPersXXXX
  Product: Unity Personal
  Type: Assigned
  Expiration: Unlimited
Assembly Assembly-CSharp-Editor-firstpass.dll at Library/ScriptAssemblies/Assembly-CSharp-Editor-firstpass.dll not valid. Loading of assembly skipped.
Assembly Assembly-CSharp-firstpass.dll at Library/ScriptAssemblies/Assembly-CSharp-firstpass.dll not valid. Loading of assembly skipped.
Assembly DocCodeExamples.dll at Library/ScriptAssemblies/DocCodeExamples.dll not valid. Loading of assembly skipped.
Assembly TestNewCustomAssembly.dll at Library/ScriptAssemblies/TestNewCustomAssembly.dll not valid. Loading of assembly skipped.
Assembly Unity.2D.Sprite.Package.EditorTests.dll at Library/ScriptAssemblies/Unity.2D.Sprite.Package.EditorTests.dll not valid. Loading of assembly skipped.
Assembly Unity.Collections.BurstCompatibilityGen.dll at Library/ScriptAssemblies/Unity.Collections.BurstCompatibilityGen.dll not valid. Loading of assembly skipped.
Assembly Unity.Collections.DocCodeSamples.dll at Library/ScriptAssemblies/Unity.Collections.DocCodeSamples.dll not valid. Loading of assembly skipped.
Assembly Unity.Collections.PerformanceTests.dll at Library/ScriptAssemblies/Unity.Collections.PerformanceTests.dll not valid. Loading of assembly skipped.
Assembly Unity.Collections.Tests.dll at Library/ScriptAssemblies/Unity.Collections.Tests.dll not valid. Loading of assembly skipped.
Assembly Unity.Collections.Tests.Playmode.dll at Library/ScriptAssemblies/Unity.Collections.Tests.Playmode.dll not valid. Loading of assembly skipped.
Assembly Unity.InputSystem.IntegrationTests.dll at Library/ScriptAssemblies/Unity.InputSystem.IntegrationTests.dll not valid. Loading of assembly skipped.
Assembly Unity.Mathematics.Tests.dll at Library/ScriptAssemblies/Unity.Mathematics.Tests.dll not valid. Loading of assembly skipped.
Assembly Unity.Multiplayer.Center.Editor.Tests.dll at Library/ScriptAssemblies/Unity.Multiplayer.Center.Editor.Tests.dll not valid. Loading of assembly skipped.
Assembly Unity.Multiplayer.Center.Tests.dll at Library/ScriptAssemblies/Unity.Multiplayer.Center.Tests.dll not valid. Loading of assembly skipped.
Assembly Unity.Nuget.Mono-Cecil.dll at Library/ScriptAssemblies/Unity.Nuget.Mono-Cecil.dll not valid. Loading of assembly skipped.
Assembly Unity.PathTracing.Editor.Tests.dll at Library/ScriptAssemblies/Unity.PathTracing.Editor.Tests.dll not valid. Loading of assembly skipped.
Assembly Unity.PathTracing.Runtime.Tests.dll at Library/ScriptAssemblies/Unity.PathTracing.Runtime.Tests.dll not valid. Loading of assembly skipped.
Assembly Unity.RenderPipelines.Core.Editor.Tests.dll at Library/ScriptAssemblies/Unity.RenderPipelines.Core.Editor.Tests.dll not valid. Loading of assembly skipped.
Assembly Unity.RenderPipelines.Core.Runtime.Tests.dll at Library/ScriptAssemblies/Unity.RenderPipelines.Core.Runtime.Tests.dll not valid. Loading of assembly skipped.
Assembly Unity.RenderPipelines.Universal.Config.Editor.Tests.dll at Library/ScriptAssemblies/Unity.RenderPipelines.Universal.Config.Editor.Tests.dll not valid. Loading of assembly skipped.
Assembly Unity.RenderPipelines.Universal.Editor.Tests.dll at Library/ScriptAssemblies/Unity.RenderPipelines.Universal.Editor.Tests.dll not valid. Loading of assembly skipped.
Assembly Unity.RenderPipelines.Universal.Runtime.Tests.dll at Library/ScriptAssemblies/Unity.RenderPipelines.Universal.Runtime.Tests.dll not valid. Loading of assembly skipped.
Assembly Unity.Searcher.EditorTests.dll at Library/ScriptAssemblies/Unity.Searcher.EditorTests.dll not valid. Loading of assembly skipped.
Assembly Unity.ShaderGraph.Editor.Tests.dll at Library/ScriptAssemblies/Unity.ShaderGraph.Editor.Tests.dll not valid. Loading of assembly skipped.
Assembly Unity.TextMeshPro.Editor.Tests.dll at Library/ScriptAssemblies/Unity.TextMeshPro.Editor.Tests.dll not valid. Loading of assembly skipped.
Assembly Unity.TextMeshPro.Tests.dll at Library/ScriptAssemblies/Unity.TextMeshPro.Tests.dll not valid. Loading of assembly skipped.
Assembly Unity.UnifiedRayTracing.Editor.Tests.dll at Library/ScriptAssemblies/Unity.UnifiedRayTracing.Editor.Tests.dll not valid. Loading of assembly skipped.
Assembly UnityEditor.UI.Common.Tests.dll at Library/ScriptAssemblies/UnityEditor.UI.Common.Tests.dll not valid. Loading of assembly skipped.
Assembly UnityEditor.UI.EditorTests.dll at Library/ScriptAssemblies/UnityEditor.UI.EditorTests.dll not valid. Loading of assembly skipped.
Assembly UnityEngine.UI.Tests.dll at Library/ScriptAssemblies/UnityEngine.UI.Tests.dll not valid. Loading of assembly skipped.
Refreshing native plugins compatible for Editor in 2.37 ms, found 4 plugins.
Native extension for WindowsStandalone target not found
Native extension for WebGL target not found
[Package Manager] Failed to launch server process. Reason: Unity was launched with the -noUpm command-line argument
[Package Manager] Unable to send message (not connected to server process).
[Package Manager] Cannot connect to Unity Package Manager local server
Refreshing native plugins compatible for Editor in 2.52 ms, found 4 plugins.
[Package Manager] Failed to launch server process. Reason: Unity was launched with the -noUpm command-line argument
[Package Manager] Unable to send message (not connected to server process).
[Package Manager] Cannot connect to Unity Package Manager local server
ScheduleIndexationOnStartup MainProcess:False IndexOnStartup:True
Mono: successfully reloaded assembly
- Finished resetting the current domain, in  1.374 seconds
Domain Reload Profiling: 5772ms
	BeginReloadAssembly (3400ms)
		DisableScriptedObjects (10ms)
		CreateAndSetChildDomain (41ms)
	RebuildCommonClasses (56ms)
	RebuildNativeTypeToScriptingClass (19ms)
	initialDomainReloadingComplete (107ms)
	LoadAllAssembliesAndSetupDomain (815ms)
		LoadAssemblies (608ms)
		AnalyzeDomain (402ms)
			TypeCache.Refresh (290ms)
				TypeCache.ScanAssembly (266ms)
			BuildScriptInfoCaches (93ms)
			ResolveRequiredComponents (17ms)
	FinalizeReload (1375ms)
		SetupLoadedEditorAssemblies (0ms)
			InitializePlatformSupportModulesInManaged (3ms)
			BeforeProcessingInitializeOnLoad (205ms)
			ProcessInitializeOnLoadAttributes (716ms)
			ProcessInitializeOnLoadMethodAttributes (119ms)
			AfterProcessingInitializeOnLoad (3ms)
		AwakeInstancesAfterBackupRestoration (10ms)
Launched and connected shader compiler UnityShaderCompiler.exe after 0.02 seconds
Refreshing native plugins compatible for Editor in 2.29 ms, found 4 plugins.
Unloading 24 Unused Serialized files (Serialized files now loaded: 0)
Unloading 6635 unused Assets / (5.7 MB). Loaded Objects now: 7459.
Memory consumption went from 162.2 MB to 156.4 MB.
Total: 11.707900 ms (FindLiveObjects: 0.565100 ms CreateObjectMapping: 0.438900 ms MarkObjects: 8.018000 ms  DeleteObjects: 2.682800 ms)

========================================================================
Received Prepare
Begin MonoManager ReloadAssembly
Assembly Assembly-CSharp-Editor-firstpass.dll at Library/ScriptAssemblies/Assembly-CSharp-Editor-firstpass.dll not valid. Loading of assembly skipped.
Assembly Assembly-CSharp-firstpass.dll at Library/ScriptAssemblies/Assembly-CSharp-firstpass.dll not valid. Loading of assembly skipped.
Assembly DocCodeExamples.dll at Library/ScriptAssemblies/DocCodeExamples.dll not valid. Loading of assembly skipped.
Assembly TestNewCustomAssembly.dll at Library/ScriptAssemblies/TestNewCustomAssembly.dll not valid. Loading of assembly skipped.
Assembly Unity.2D.Sprite.Package.EditorTests.dll at Library/ScriptAssemblies/Unity.2D.Sprite.Package.EditorTests.dll not valid. Loading of assembly skipped.
Assembly Unity.Collections.BurstCompatibilityGen.dll at Library/ScriptAssemblies/Unity.Collections.BurstCompatibilityGen.dll not valid. Loading of assembly skipped.
Assembly Unity.Collections.DocCodeSamples.dll at Library/ScriptAssemblies/Unity.Collections.DocCodeSamples.dll not valid. Loading of assembly skipped.
Assembly Unity.Collections.PerformanceTests.dll at Library/ScriptAssemblies/Unity.Collections.PerformanceTests.dll not valid. Loading of assembly skipped.
Assembly Unity.Collections.Tests.dll at Library/ScriptAssemblies/Unity.Collections.Tests.dll not valid. Loading of assembly skipped.
Assembly Unity.Collections.Tests.Playmode.dll at Library/ScriptAssemblies/Unity.Collections.Tests.Playmode.dll not valid. Loading of assembly skipped.
Assembly Unity.InputSystem.IntegrationTests.dll at Library/ScriptAssemblies/Unity.InputSystem.IntegrationTests.dll not valid. Loading of assembly skipped.
Assembly Unity.Mathematics.Tests.dll at Library/ScriptAssemblies/Unity.Mathematics.Tests.dll not valid. Loading of assembly skipped.
Assembly Unity.Multiplayer.Center.Editor.Tests.dll at Library/ScriptAssemblies/Unity.Multiplayer.Center.Editor.Tests.dll not valid. Loading of assembly skipped.
Assembly Unity.Multiplayer.Center.Tests.dll at Library/ScriptAssemblies/Unity.Multiplayer.Center.Tests.dll not valid. Loading of assembly skipped.
Assembly Unity.Nuget.Mono-Cecil.dll at Library/ScriptAssemblies/Unity.Nuget.Mono-Cecil.dll not valid. Loading of assembly skipped.
Assembly Unity.PathTracing.Editor.Tests.dll at Library/ScriptAssemblies/Unity.PathTracing.Editor.Tests.dll not valid. Loading of assembly skipped.
Assembly Unity.PathTracing.Runtime.Tests.dll at Library/ScriptAssemblies/Unity.PathTracing.Runtime.Tests.dll not valid. Loading of assembly skipped.
Assembly Unity.RenderPipelines.Core.Editor.Tests.dll at Library/ScriptAssemblies/Unity.RenderPipelines.Core.Editor.Tests.dll not valid. Loading of assembly skipped.
Assembly Unity.RenderPipelines.Core.Runtime.Tests.dll at Library/ScriptAssemblies/Unity.RenderPipelines.Core.Runtime.Tests.dll not valid. Loading of assembly skipped.
Assembly Unity.RenderPipelines.Universal.Config.Editor.Tests.dll at Library/ScriptAssemblies/Unity.RenderPipelines.Universal.Config.Editor.Tests.dll not valid. Loading of assembly skipped.
Assembly Unity.RenderPipelines.Universal.Editor.Tests.dll at Library/ScriptAssemblies/Unity.RenderPipelines.Universal.Editor.Tests.dll not valid. Loading of assembly skipped.
Assembly Unity.RenderPipelines.Universal.Runtime.Tests.dll at Library/ScriptAssemblies/Unity.RenderPipelines.Universal.Runtime.Tests.dll not valid. Loading of assembly skipped.
Assembly Unity.Searcher.EditorTests.dll at Library/ScriptAssemblies/Unity.Searcher.EditorTests.dll not valid. Loading of assembly skipped.
Assembly Unity.ShaderGraph.Editor.Tests.dll at Library/ScriptAssemblies/Unity.ShaderGraph.Editor.Tests.dll not valid. Loading of assembly skipped.
Assembly Unity.TextMeshPro.Editor.Tests.dll at Library/ScriptAssemblies/Unity.TextMeshPro.Editor.Tests.dll not valid. Loading of assembly skipped.
Assembly Unity.TextMeshPro.Tests.dll at Library/ScriptAssemblies/Unity.TextMeshPro.Tests.dll not valid. Loading of assembly skipped.
Assembly Unity.UnifiedRayTracing.Editor.Tests.dll at Library/ScriptAssemblies/Unity.UnifiedRayTracing.Editor.Tests.dll not valid. Loading of assembly skipped.
Assembly UnityEditor.UI.Common.Tests.dll at Library/ScriptAssemblies/UnityEditor.UI.Common.Tests.dll not valid. Loading of assembly skipped.
Assembly UnityEditor.UI.EditorTests.dll at Library/ScriptAssemblies/UnityEditor.UI.EditorTests.dll not valid. Loading of assembly skipped.
Assembly UnityEngine.UI.Tests.dll at Library/ScriptAssemblies/UnityEngine.UI.Tests.dll not valid. Loading of assembly skipped.
Refreshing native plugins compatible for Editor in 2.51 ms, found 4 plugins.
Native extension for WindowsStandalone target not found
Native extension for WebGL target not found
[Package Manager] Failed to launch server process. Reason: Unity was launched with the -noUpm command-line argument
[Package Manager] Unable to send message (not connected to server process).
[Package Manager] Cannot connect to Unity Package Manager local server
[Package Manager] Failed to launch server process. Reason: Unity was launched with the -noUpm command-line argument
[Package Manager] Unable to send message (not connected to server process).
[Package Manager] Cannot connect to Unity Package Manager local server
ScheduleIndexationOnStartup MainProcess:False IndexOnStartup:True
Mono: successfully reloaded assembly
- Finished resetting the current domain, in  1.423 seconds
Domain Reload Profiling: 2639ms
	BeginReloadAssembly (353ms)
		DisableScriptedObjects (7ms)
		CreateAndSetChildDomain (61ms)
	RebuildCommonClasses (58ms)
	RebuildNativeTypeToScriptingClass (20ms)
	initialDomainReloadingComplete (106ms)
	LoadAllAssembliesAndSetupDomain (679ms)
		LoadAssemblies (570ms)
		AnalyzeDomain (308ms)
			TypeCache.Refresh (11ms)
			BuildScriptInfoCaches (276ms)
			ResolveRequiredComponents (17ms)
	FinalizeReload (1424ms)
		SetupLoadedEditorAssemblies (0ms)
			InitializePlatformSupportModulesInManaged (5ms)
			BeforeProcessingInitializeOnLoad (253ms)
			ProcessInitializeOnLoadAttributes (716ms)
			ProcessInitializeOnLoadMethodAttributes (107ms)
			AfterProcessingInitializeOnLoad (3ms)
		AwakeInstancesAfterBackupRestoration (23ms)
Refreshing native plugins compatible for Editor in 4.07 ms, found 4 plugins.
Unloading 24 Unused Serialized files (Serialized files now loaded: 0)
Unloading 6633 unused Assets / (5.5 MB). Loaded Objects now: 7475.
Memory consumption went from 167.1 MB to 161.6 MB.
Total: 12.085500 ms (FindLiveObjects: 1.361000 ms CreateObjectMapping: 0.378300 ms MarkObjects: 7.156000 ms  DeleteObjects: 3.188100 ms)

Prepare: number of updated asset objects reloaded= 0
========================================================================
Received Prepare
Begin MonoManager ReloadAssembly
[Licensing::Client] Successfully resolved entitlement details
Assembly Assembly-CSharp-Editor-firstpass.dll at Library/ScriptAssemblies/Assembly-CSharp-Editor-firstpass.dll not valid. Loading of assembly skipped.
Assembly Assembly-CSharp-firstpass.dll at Library/ScriptAssemblies/Assembly-CSharp-firstpass.dll not valid. Loading of assembly skipped.
Assembly DocCodeExamples.dll at Library/ScriptAssemblies/DocCodeExamples.dll not valid. Loading of assembly skipped.
Assembly TestNewCustomAssembly.dll at Library/ScriptAssemblies/TestNewCustomAssembly.dll not valid. Loading of assembly skipped.
Assembly Unity.2D.Sprite.Package.EditorTests.dll at Library/ScriptAssemblies/Unity.2D.Sprite.Package.EditorTests.dll not valid. Loading of assembly skipped.
Assembly Unity.Collections.BurstCompatibilityGen.dll at Library/ScriptAssemblies/Unity.Collections.BurstCompatibilityGen.dll not valid. Loading of assembly skipped.
Assembly Unity.Collections.DocCodeSamples.dll at Library/ScriptAssemblies/Unity.Collections.DocCodeSamples.dll not valid. Loading of assembly skipped.
Assembly Unity.Collections.PerformanceTests.dll at Library/ScriptAssemblies/Unity.Collections.PerformanceTests.dll not valid. Loading of assembly skipped.
Assembly Unity.Collections.Tests.dll at Library/ScriptAssemblies/Unity.Collections.Tests.dll not valid. Loading of assembly skipped.
Assembly Unity.Collections.Tests.Playmode.dll at Library/ScriptAssemblies/Unity.Collections.Tests.Playmode.dll not valid. Loading of assembly skipped.
Assembly Unity.InputSystem.IntegrationTests.dll at Library/ScriptAssemblies/Unity.InputSystem.IntegrationTests.dll not valid. Loading of assembly skipped.
Assembly Unity.Mathematics.Tests.dll at Library/ScriptAssemblies/Unity.Mathematics.Tests.dll not valid. Loading of assembly skipped.
Assembly Unity.Multiplayer.Center.Editor.Tests.dll at Library/ScriptAssemblies/Unity.Multiplayer.Center.Editor.Tests.dll not valid. Loading of assembly skipped.
Assembly Unity.Multiplayer.Center.Tests.dll at Library/ScriptAssemblies/Unity.Multiplayer.Center.Tests.dll not valid. Loading of assembly skipped.
Assembly Unity.Nuget.Mono-Cecil.dll at Library/ScriptAssemblies/Unity.Nuget.Mono-Cecil.dll not valid. Loading of assembly skipped.
Assembly Unity.PathTracing.Editor.Tests.dll at Library/ScriptAssemblies/Unity.PathTracing.Editor.Tests.dll not valid. Loading of assembly skipped.
Assembly Unity.PathTracing.Runtime.Tests.dll at Library/ScriptAssemblies/Unity.PathTracing.Runtime.Tests.dll not valid. Loading of assembly skipped.
Assembly Unity.RenderPipelines.Core.Editor.Tests.dll at Library/ScriptAssemblies/Unity.RenderPipelines.Core.Editor.Tests.dll not valid. Loading of assembly skipped.
Assembly Unity.RenderPipelines.Core.Runtime.Tests.dll at Library/ScriptAssemblies/Unity.RenderPipelines.Core.Runtime.Tests.dll not valid. Loading of assembly skipped.
Assembly Unity.RenderPipelines.Universal.Config.Editor.Tests.dll at Library/ScriptAssemblies/Unity.RenderPipelines.Universal.Config.Editor.Tests.dll not valid. Loading of assembly skipped.
Assembly Unity.RenderPipelines.Universal.Editor.Tests.dll at Library/ScriptAssemblies/Unity.RenderPipelines.Universal.Editor.Tests.dll not valid. Loading of assembly skipped.
Assembly Unity.RenderPipelines.Universal.Runtime.Tests.dll at Library/ScriptAssemblies/Unity.RenderPipelines.Universal.Runtime.Tests.dll not valid. Loading of assembly skipped.
Assembly Unity.Searcher.EditorTests.dll at Library/ScriptAssemblies/Unity.Searcher.EditorTests.dll not valid. Loading of assembly skipped.
Assembly Unity.ShaderGraph.Editor.Tests.dll at Library/ScriptAssemblies/Unity.ShaderGraph.Editor.Tests.dll not valid. Loading of assembly skipped.
Assembly Unity.TextMeshPro.Editor.Tests.dll at Library/ScriptAssemblies/Unity.TextMeshPro.Editor.Tests.dll not valid. Loading of assembly skipped.
Assembly Unity.TextMeshPro.Tests.dll at Library/ScriptAssemblies/Unity.TextMeshPro.Tests.dll not valid. Loading of assembly skipped.
Assembly Unity.UnifiedRayTracing.Editor.Tests.dll at Library/ScriptAssemblies/Unity.UnifiedRayTracing.Editor.Tests.dll not valid. Loading of assembly skipped.
Assembly UnityEditor.UI.Common.Tests.dll at Library/ScriptAssemblies/UnityEditor.UI.Common.Tests.dll not valid. Loading of assembly skipped.
Assembly UnityEditor.UI.EditorTests.dll at Library/ScriptAssemblies/UnityEditor.UI.EditorTests.dll not valid. Loading of assembly skipped.
Assembly UnityEngine.UI.Tests.dll at Library/ScriptAssemblies/UnityEngine.UI.Tests.dll not valid. Loading of assembly skipped.
Refreshing native plugins compatible for Editor in 2.14 ms, found 4 plugins.
Native extension for WindowsStandalone target not found
Native extension for WebGL target not found
[Package Manager] Failed to launch server process. Reason: Unity was launched with the -noUpm command-line argument
[Package Manager] Unable to send message (not connected to server process).
[Package Manager] Cannot connect to Unity Package Manager local server
[Package Manager] Failed to launch server process. Reason: Unity was launched with the -noUpm command-line argument
[Package Manager] Unable to send message (not connected to server process).
[Package Manager] Cannot connect to Unity Package Manager local server
ScheduleIndexationOnStartup MainProcess:False IndexOnStartup:True
Mono: successfully reloaded assembly
- Finished resetting the current domain, in  1.259 seconds
Domain Reload Profiling: 2467ms
	BeginReloadAssembly (372ms)
		DisableScriptedObjects (10ms)
		CreateAndSetChildDomain (63ms)
	RebuildCommonClasses (64ms)
	RebuildNativeTypeToScriptingClass (23ms)
	initialDomainReloadingComplete (94ms)
	LoadAllAssembliesAndSetupDomain (654ms)
		LoadAssemblies (572ms)
		AnalyzeDomain (284ms)
			TypeCache.Refresh (15ms)
			BuildScriptInfoCaches (250ms)
			ResolveRequiredComponents (16ms)
	FinalizeReload (1260ms)
		SetupLoadedEditorAssemblies (0ms)
			InitializePlatformSupportModulesInManaged (3ms)
			BeforeProcessingInitializeOnLoad (216ms)
			ProcessInitializeOnLoadAttributes (647ms)
			ProcessInitializeOnLoadMethodAttributes (118ms)
			AfterProcessingInitializeOnLoad (5ms)
		AwakeInstancesAfterBackupRestoration (25ms)
Refreshing native plugins compatible for Editor in 4.17 ms, found 4 plugins.
Unloading 24 Unused Serialized files (Serialized files now loaded: 0)
Unloading 6633 unused Assets / (4.7 MB). Loaded Objects now: 7478.
Memory consumption went from 170.1 MB to 165.3 MB.
Total: 11.262000 ms (FindLiveObjects: 0.626500 ms CreateObjectMapping: 0.450700 ms MarkObjects: 7.537100 ms  DeleteObjects: 2.645900 ms)

Prepare: number of updated asset objects reloaded= 0
========================================================================
Received Prepare
Begin MonoManager ReloadAssembly
Assembly Assembly-CSharp-Editor-firstpass.dll at Library/ScriptAssemblies/Assembly-CSharp-Editor-firstpass.dll not valid. Loading of assembly skipped.
Assembly Assembly-CSharp-firstpass.dll at Library/ScriptAssemblies/Assembly-CSharp-firstpass.dll not valid. Loading of assembly skipped.
Assembly DocCodeExamples.dll at Library/ScriptAssemblies/DocCodeExamples.dll not valid. Loading of assembly skipped.
Assembly TestNewCustomAssembly.dll at Library/ScriptAssemblies/TestNewCustomAssembly.dll not valid. Loading of assembly skipped.
Assembly Unity.2D.Sprite.Package.EditorTests.dll at Library/ScriptAssemblies/Unity.2D.Sprite.Package.EditorTests.dll not valid. Loading of assembly skipped.
Assembly Unity.Collections.BurstCompatibilityGen.dll at Library/ScriptAssemblies/Unity.Collections.BurstCompatibilityGen.dll not valid. Loading of assembly skipped.
Assembly Unity.Collections.DocCodeSamples.dll at Library/ScriptAssemblies/Unity.Collections.DocCodeSamples.dll not valid. Loading of assembly skipped.
Assembly Unity.Collections.PerformanceTests.dll at Library/ScriptAssemblies/Unity.Collections.PerformanceTests.dll not valid. Loading of assembly skipped.
Assembly Unity.Collections.Tests.dll at Library/ScriptAssemblies/Unity.Collections.Tests.dll not valid. Loading of assembly skipped.
Assembly Unity.Collections.Tests.Playmode.dll at Library/ScriptAssemblies/Unity.Collections.Tests.Playmode.dll not valid. Loading of assembly skipped.
Assembly Unity.InputSystem.IntegrationTests.dll at Library/ScriptAssemblies/Unity.InputSystem.IntegrationTests.dll not valid. Loading of assembly skipped.
Assembly Unity.Mathematics.Tests.dll at Library/ScriptAssemblies/Unity.Mathematics.Tests.dll not valid. Loading of assembly skipped.
Assembly Unity.Multiplayer.Center.Editor.Tests.dll at Library/ScriptAssemblies/Unity.Multiplayer.Center.Editor.Tests.dll not valid. Loading of assembly skipped.
Assembly Unity.Multiplayer.Center.Tests.dll at Library/ScriptAssemblies/Unity.Multiplayer.Center.Tests.dll not valid. Loading of assembly skipped.
Assembly Unity.Nuget.Mono-Cecil.dll at Library/ScriptAssemblies/Unity.Nuget.Mono-Cecil.dll not valid. Loading of assembly skipped.
Assembly Unity.PathTracing.Editor.Tests.dll at Library/ScriptAssemblies/Unity.PathTracing.Editor.Tests.dll not valid. Loading of assembly skipped.
Assembly Unity.PathTracing.Runtime.Tests.dll at Library/ScriptAssemblies/Unity.PathTracing.Runtime.Tests.dll not valid. Loading of assembly skipped.
Assembly Unity.RenderPipelines.Core.Editor.Tests.dll at Library/ScriptAssemblies/Unity.RenderPipelines.Core.Editor.Tests.dll not valid. Loading of assembly skipped.
Assembly Unity.RenderPipelines.Core.Runtime.Tests.dll at Library/ScriptAssemblies/Unity.RenderPipelines.Core.Runtime.Tests.dll not valid. Loading of assembly skipped.
Assembly Unity.RenderPipelines.Universal.Config.Editor.Tests.dll at Library/ScriptAssemblies/Unity.RenderPipelines.Universal.Config.Editor.Tests.dll not valid. Loading of assembly skipped.
Assembly Unity.RenderPipelines.Universal.Editor.Tests.dll at Library/ScriptAssemblies/Unity.RenderPipelines.Universal.Editor.Tests.dll not valid. Loading of assembly skipped.
Assembly Unity.RenderPipelines.Universal.Runtime.Tests.dll at Library/ScriptAssemblies/Unity.RenderPipelines.Universal.Runtime.Tests.dll not valid. Loading of assembly skipped.
Assembly Unity.Searcher.EditorTests.dll at Library/ScriptAssemblies/Unity.Searcher.EditorTests.dll not valid. Loading of assembly skipped.
Assembly Unity.ShaderGraph.Editor.Tests.dll at Library/ScriptAssemblies/Unity.ShaderGraph.Editor.Tests.dll not valid. Loading of assembly skipped.
Assembly Unity.TextMeshPro.Editor.Tests.dll at Library/ScriptAssemblies/Unity.TextMeshPro.Editor.Tests.dll not valid. Loading of assembly skipped.
Assembly Unity.TextMeshPro.Tests.dll at Library/ScriptAssemblies/Unity.TextMeshPro.Tests.dll not valid. Loading of assembly skipped.
Assembly Unity.UnifiedRayTracing.Editor.Tests.dll at Library/ScriptAssemblies/Unity.UnifiedRayTracing.Editor.Tests.dll not valid. Loading of assembly skipped.
Assembly UnityEditor.UI.Common.Tests.dll at Library/ScriptAssemblies/UnityEditor.UI.Common.Tests.dll not valid. Loading of assembly skipped.
Assembly UnityEditor.UI.EditorTests.dll at Library/ScriptAssemblies/UnityEditor.UI.EditorTests.dll not valid. Loading of assembly skipped.
Assembly UnityEngine.UI.Tests.dll at Library/ScriptAssemblies/UnityEngine.UI.Tests.dll not valid. Loading of assembly skipped.
Refreshing native plugins compatible for Editor in 3.30 ms, found 4 plugins.
Native extension for WindowsStandalone target not found
Native extension for WebGL target not found
[Package Manager] Failed to launch server process. Reason: Unity was launched with the -noUpm command-line argument
[Package Manager] Unable to send message (not connected to server process).
[Package Manager] Cannot connect to Unity Package Manager local server
[Package Manager] Failed to launch server process. Reason: Unity was launched with the -noUpm command-line argument
[Package Manager] Unable to send message (not connected to server process).
[Package Manager] Cannot connect to Unity Package Manager local server
ScheduleIndexationOnStartup MainProcess:False IndexOnStartup:True
Mono: successfully reloaded assembly
- Finished resetting the current domain, in  1.224 seconds
Domain Reload Profiling: 2341ms
	BeginReloadAssembly (325ms)
		DisableScriptedObjects (7ms)
		CreateAndSetChildDomain (58ms)
	RebuildCommonClasses (56ms)
	RebuildNativeTypeToScriptingClass (20ms)
	initialDomainReloadingComplete (85ms)
	LoadAllAssembliesAndSetupDomain (631ms)
		LoadAssemblies (528ms)
		AnalyzeDomain (283ms)
			TypeCache.Refresh (10ms)
			BuildScriptInfoCaches (251ms)
			ResolveRequiredComponents (19ms)
	FinalizeReload (1225ms)
		SetupLoadedEditorAssemblies (0ms)
			InitializePlatformSupportModulesInManaged (3ms)
			BeforeProcessingInitializeOnLoad (217ms)
			ProcessInitializeOnLoadAttributes (629ms)
			ProcessInitializeOnLoadMethodAttributes (109ms)
			AfterProcessingInitializeOnLoad (3ms)
		AwakeInstancesAfterBackupRestoration (22ms)
Refreshing native plugins compatible for Editor in 2.26 ms, found 4 plugins.
Unloading 24 Unused Serialized files (Serialized files now loaded: 0)
Unloading 6633 unused Assets / (5.0 MB). Loaded Objects now: 7481.
Memory consumption went from 173.3 MB to 168.2 MB.
Total: 10.895300 ms (FindLiveObjects: 0.577900 ms CreateObjectMapping: 0.431200 ms MarkObjects: 7.607000 ms  DeleteObjects: 2.277900 ms)

Prepare: number of updated asset objects reloaded= 0
========================================================================
Received Prepare
Begin MonoManager ReloadAssembly
[Licensing::Client] Successfully resolved entitlement details
Assembly Assembly-CSharp-Editor-firstpass.dll at Library/ScriptAssemblies/Assembly-CSharp-Editor-firstpass.dll not valid. Loading of assembly skipped.
Assembly Assembly-CSharp-firstpass.dll at Library/ScriptAssemblies/Assembly-CSharp-firstpass.dll not valid. Loading of assembly skipped.
Assembly DocCodeExamples.dll at Library/ScriptAssemblies/DocCodeExamples.dll not valid. Loading of assembly skipped.
Assembly TestNewCustomAssembly.dll at Library/ScriptAssemblies/TestNewCustomAssembly.dll not valid. Loading of assembly skipped.
Assembly Unity.2D.Sprite.Package.EditorTests.dll at Library/ScriptAssemblies/Unity.2D.Sprite.Package.EditorTests.dll not valid. Loading of assembly skipped.
Assembly Unity.Collections.BurstCompatibilityGen.dll at Library/ScriptAssemblies/Unity.Collections.BurstCompatibilityGen.dll not valid. Loading of assembly skipped.
Assembly Unity.Collections.DocCodeSamples.dll at Library/ScriptAssemblies/Unity.Collections.DocCodeSamples.dll not valid. Loading of assembly skipped.
Assembly Unity.Collections.PerformanceTests.dll at Library/ScriptAssemblies/Unity.Collections.PerformanceTests.dll not valid. Loading of assembly skipped.
Assembly Unity.Collections.Tests.dll at Library/ScriptAssemblies/Unity.Collections.Tests.dll not valid. Loading of assembly skipped.
Assembly Unity.Collections.Tests.Playmode.dll at Library/ScriptAssemblies/Unity.Collections.Tests.Playmode.dll not valid. Loading of assembly skipped.
Assembly Unity.InputSystem.IntegrationTests.dll at Library/ScriptAssemblies/Unity.InputSystem.IntegrationTests.dll not valid. Loading of assembly skipped.
Assembly Unity.Mathematics.Tests.dll at Library/ScriptAssemblies/Unity.Mathematics.Tests.dll not valid. Loading of assembly skipped.
Assembly Unity.Multiplayer.Center.Editor.Tests.dll at Library/ScriptAssemblies/Unity.Multiplayer.Center.Editor.Tests.dll not valid. Loading of assembly skipped.
Assembly Unity.Multiplayer.Center.Tests.dll at Library/ScriptAssemblies/Unity.Multiplayer.Center.Tests.dll not valid. Loading of assembly skipped.
Assembly Unity.Nuget.Mono-Cecil.dll at Library/ScriptAssemblies/Unity.Nuget.Mono-Cecil.dll not valid. Loading of assembly skipped.
Assembly Unity.PathTracing.Editor.Tests.dll at Library/ScriptAssemblies/Unity.PathTracing.Editor.Tests.dll not valid. Loading of assembly skipped.
Assembly Unity.PathTracing.Runtime.Tests.dll at Library/ScriptAssemblies/Unity.PathTracing.Runtime.Tests.dll not valid. Loading of assembly skipped.
Assembly Unity.RenderPipelines.Core.Editor.Tests.dll at Library/ScriptAssemblies/Unity.RenderPipelines.Core.Editor.Tests.dll not valid. Loading of assembly skipped.
Assembly Unity.RenderPipelines.Core.Runtime.Tests.dll at Library/ScriptAssemblies/Unity.RenderPipelines.Core.Runtime.Tests.dll not valid. Loading of assembly skipped.
Assembly Unity.RenderPipelines.Universal.Config.Editor.Tests.dll at Library/ScriptAssemblies/Unity.RenderPipelines.Universal.Config.Editor.Tests.dll not valid. Loading of assembly skipped.
Assembly Unity.RenderPipelines.Universal.Editor.Tests.dll at Library/ScriptAssemblies/Unity.RenderPipelines.Universal.Editor.Tests.dll not valid. Loading of assembly skipped.
Assembly Unity.RenderPipelines.Universal.Runtime.Tests.dll at Library/ScriptAssemblies/Unity.RenderPipelines.Universal.Runtime.Tests.dll not valid. Loading of assembly skipped.
Assembly Unity.Searcher.EditorTests.dll at Library/ScriptAssemblies/Unity.Searcher.EditorTests.dll not valid. Loading of assembly skipped.
Assembly Unity.ShaderGraph.Editor.Tests.dll at Library/ScriptAssemblies/Unity.ShaderGraph.Editor.Tests.dll not valid. Loading of assembly skipped.
Assembly Unity.TextMeshPro.Editor.Tests.dll at Library/ScriptAssemblies/Unity.TextMeshPro.Editor.Tests.dll not valid. Loading of assembly skipped.
Assembly Unity.TextMeshPro.Tests.dll at Library/ScriptAssemblies/Unity.TextMeshPro.Tests.dll not valid. Loading of assembly skipped.
Assembly Unity.UnifiedRayTracing.Editor.Tests.dll at Library/ScriptAssemblies/Unity.UnifiedRayTracing.Editor.Tests.dll not valid. Loading of assembly skipped.
Assembly UnityEditor.UI.Common.Tests.dll at Library/ScriptAssemblies/UnityEditor.UI.Common.Tests.dll not valid. Loading of assembly skipped.
Assembly UnityEditor.UI.EditorTests.dll at Library/ScriptAssemblies/UnityEditor.UI.EditorTests.dll not valid. Loading of assembly skipped.
Assembly UnityEngine.UI.Tests.dll at Library/ScriptAssemblies/UnityEngine.UI.Tests.dll not valid. Loading of assembly skipped.
Refreshing native plugins compatible for Editor in 2.52 ms, found 4 plugins.
Native extension for WindowsStandalone target not found
Native extension for WebGL target not found
[Package Manager] Failed to launch server process. Reason: Unity was launched with the -noUpm command-line argument
[Package Manager] Unable to send message (not connected to server process).
[Package Manager] Cannot connect to Unity Package Manager local server
[Package Manager] Failed to launch server process. Reason: Unity was launched with the -noUpm command-line argument
[Package Manager] Unable to send message (not connected to server process).
[Package Manager] Cannot connect to Unity Package Manager local server
ScheduleIndexationOnStartup MainProcess:False IndexOnStartup:True
Mono: successfully reloaded assembly
- Finished resetting the current domain, in  1.262 seconds
Domain Reload Profiling: 2406ms
	BeginReloadAssembly (341ms)
		DisableScriptedObjects (8ms)
		CreateAndSetChildDomain (56ms)
	RebuildCommonClasses (57ms)
	RebuildNativeTypeToScriptingClass (19ms)
	initialDomainReloadingComplete (91ms)
	LoadAllAssembliesAndSetupDomain (635ms)
		LoadAssemblies (539ms)
		AnalyzeDomain (287ms)
			TypeCache.Refresh (16ms)
			BuildScriptInfoCaches (252ms)
			ResolveRequiredComponents (17ms)
	FinalizeReload (1263ms)
		SetupLoadedEditorAssemblies (0ms)
			InitializePlatformSupportModulesInManaged (4ms)
			BeforeProcessingInitializeOnLoad (218ms)
			ProcessInitializeOnLoadAttributes (662ms)
			ProcessInitializeOnLoadMethodAttributes (111ms)
			AfterProcessingInitializeOnLoad (3ms)
		AwakeInstancesAfterBackupRestoration (23ms)
Refreshing native plugins compatible for Editor in 2.92 ms, found 4 plugins.
Unloading 24 Unused Serialized files (Serialized files now loaded: 0)
Unloading 6633 unused Assets / (5.5 MB). Loaded Objects now: 7484.
Memory consumption went from 176.5 MB to 171.0 MB.
Total: 11.080200 ms (FindLiveObjects: 0.597900 ms CreateObjectMapping: 0.451900 ms MarkObjects: 7.004400 ms  DeleteObjects: 3.024100 ms)

Prepare: number of updated asset objects reloaded= 0
========================================================================
Received Prepare
Begin MonoManager ReloadAssembly
Assembly Assembly-CSharp-Editor-firstpass.dll at Library/ScriptAssemblies/Assembly-CSharp-Editor-firstpass.dll not valid. Loading of assembly skipped.
Assembly Assembly-CSharp-firstpass.dll at Library/ScriptAssemblies/Assembly-CSharp-firstpass.dll not valid. Loading of assembly skipped.
Assembly DocCodeExamples.dll at Library/ScriptAssemblies/DocCodeExamples.dll not valid. Loading of assembly skipped.
Assembly TestNewCustomAssembly.dll at Library/ScriptAssemblies/TestNewCustomAssembly.dll not valid. Loading of assembly skipped.
Assembly Unity.2D.Sprite.Package.EditorTests.dll at Library/ScriptAssemblies/Unity.2D.Sprite.Package.EditorTests.dll not valid. Loading of assembly skipped.
Assembly Unity.Collections.BurstCompatibilityGen.dll at Library/ScriptAssemblies/Unity.Collections.BurstCompatibilityGen.dll not valid. Loading of assembly skipped.
Assembly Unity.Collections.DocCodeSamples.dll at Library/ScriptAssemblies/Unity.Collections.DocCodeSamples.dll not valid. Loading of assembly skipped.
Assembly Unity.Collections.PerformanceTests.dll at Library/ScriptAssemblies/Unity.Collections.PerformanceTests.dll not valid. Loading of assembly skipped.
Assembly Unity.Collections.Tests.dll at Library/ScriptAssemblies/Unity.Collections.Tests.dll not valid. Loading of assembly skipped.
Assembly Unity.Collections.Tests.Playmode.dll at Library/ScriptAssemblies/Unity.Collections.Tests.Playmode.dll not valid. Loading of assembly skipped.
Assembly Unity.InputSystem.IntegrationTests.dll at Library/ScriptAssemblies/Unity.InputSystem.IntegrationTests.dll not valid. Loading of assembly skipped.
Assembly Unity.Mathematics.Tests.dll at Library/ScriptAssemblies/Unity.Mathematics.Tests.dll not valid. Loading of assembly skipped.
Assembly Unity.Multiplayer.Center.Editor.Tests.dll at Library/ScriptAssemblies/Unity.Multiplayer.Center.Editor.Tests.dll not valid. Loading of assembly skipped.
Assembly Unity.Multiplayer.Center.Tests.dll at Library/ScriptAssemblies/Unity.Multiplayer.Center.Tests.dll not valid. Loading of assembly skipped.
Assembly Unity.Nuget.Mono-Cecil.dll at Library/ScriptAssemblies/Unity.Nuget.Mono-Cecil.dll not valid. Loading of assembly skipped.
Assembly Unity.PathTracing.Editor.Tests.dll at Library/ScriptAssemblies/Unity.PathTracing.Editor.Tests.dll not valid. Loading of assembly skipped.
Assembly Unity.PathTracing.Runtime.Tests.dll at Library/ScriptAssemblies/Unity.PathTracing.Runtime.Tests.dll not valid. Loading of assembly skipped.
Assembly Unity.RenderPipelines.Core.Editor.Tests.dll at Library/ScriptAssemblies/Unity.RenderPipelines.Core.Editor.Tests.dll not valid. Loading of assembly skipped.
Assembly Unity.RenderPipelines.Core.Runtime.Tests.dll at Library/ScriptAssemblies/Unity.RenderPipelines.Core.Runtime.Tests.dll not valid. Loading of assembly skipped.
Assembly Unity.RenderPipelines.Universal.Config.Editor.Tests.dll at Library/ScriptAssemblies/Unity.RenderPipelines.Universal.Config.Editor.Tests.dll not valid. Loading of assembly skipped.
Assembly Unity.RenderPipelines.Universal.Editor.Tests.dll at Library/ScriptAssemblies/Unity.RenderPipelines.Universal.Editor.Tests.dll not valid. Loading of assembly skipped.
Assembly Unity.RenderPipelines.Universal.Runtime.Tests.dll at Library/ScriptAssemblies/Unity.RenderPipelines.Universal.Runtime.Tests.dll not valid. Loading of assembly skipped.
Assembly Unity.Searcher.EditorTests.dll at Library/ScriptAssemblies/Unity.Searcher.EditorTests.dll not valid. Loading of assembly skipped.
Assembly Unity.ShaderGraph.Editor.Tests.dll at Library/ScriptAssemblies/Unity.ShaderGraph.Editor.Tests.dll not valid. Loading of assembly skipped.
Assembly Unity.TextMeshPro.Editor.Tests.dll at Library/ScriptAssemblies/Unity.TextMeshPro.Editor.Tests.dll not valid. Loading of assembly skipped.
Assembly Unity.TextMeshPro.Tests.dll at Library/ScriptAssemblies/Unity.TextMeshPro.Tests.dll not valid. Loading of assembly skipped.
Assembly Unity.UnifiedRayTracing.Editor.Tests.dll at Library/ScriptAssemblies/Unity.UnifiedRayTracing.Editor.Tests.dll not valid. Loading of assembly skipped.
Assembly UnityEditor.UI.Common.Tests.dll at Library/ScriptAssemblies/UnityEditor.UI.Common.Tests.dll not valid. Loading of assembly skipped.
Assembly UnityEditor.UI.EditorTests.dll at Library/ScriptAssemblies/UnityEditor.UI.EditorTests.dll not valid. Loading of assembly skipped.
Assembly UnityEngine.UI.Tests.dll at Library/ScriptAssemblies/UnityEngine.UI.Tests.dll not valid. Loading of assembly skipped.
Refreshing native plugins compatible for Editor in 2.43 ms, found 4 plugins.
Native extension for WindowsStandalone target not found
Native extension for WebGL target not found
[Package Manager] Failed to launch server process. Reason: Unity was launched with the -noUpm command-line argument
[Package Manager] Unable to send message (not connected to server process).
[Package Manager] Cannot connect to Unity Package Manager local server
[Package Manager] Failed to launch server process. Reason: Unity was launched with the -noUpm command-line argument
[Package Manager] Unable to send message (not connected to server process).
[Package Manager] Cannot connect to Unity Package Manager local server
ScheduleIndexationOnStartup MainProcess:False IndexOnStartup:True
Mono: successfully reloaded assembly
- Finished resetting the current domain, in  1.204 seconds
Domain Reload Profiling: 2342ms
	BeginReloadAssembly (329ms)
		DisableScriptedObjects (7ms)
		CreateAndSetChildDomain (55ms)
	RebuildCommonClasses (57ms)
	RebuildNativeTypeToScriptingClass (20ms)
	initialDomainReloadingComplete (94ms)
	LoadAllAssembliesAndSetupDomain (637ms)
		LoadAssemblies (538ms)
		AnalyzeDomain (288ms)
			TypeCache.Refresh (10ms)
			BuildScriptInfoCaches (258ms)
			ResolveRequiredComponents (17ms)
	FinalizeReload (1205ms)
		SetupLoadedEditorAssemblies (0ms)
			InitializePlatformSupportModulesInManaged (3ms)
			BeforeProcessingInitializeOnLoad (210ms)
			ProcessInitializeOnLoadAttributes (617ms)
			ProcessInitializeOnLoadMethodAttributes (108ms)
		AwakeInstancesAfterBackupRestoration (21ms)
Refreshing native plugins compatible for Editor in 2.36 ms, found 4 plugins.
Unloading 24 Unused Serialized files (Serialized files now loaded: 0)
Unloading 6633 unused Assets / (5.3 MB). Loaded Objects now: 7487.
Memory consumption went from 179.6 MB to 174.3 MB.
Total: 12.033100 ms (FindLiveObjects: 0.713600 ms CreateObjectMapping: 0.451600 ms MarkObjects: 7.970200 ms  DeleteObjects: 2.895800 ms)

Prepare: number of updated asset objects reloaded= 0
========================================================================
Received Prepare
Begin MonoManager ReloadAssembly
Assembly Assembly-CSharp-Editor-firstpass.dll at Library/ScriptAssemblies/Assembly-CSharp-Editor-firstpass.dll not valid. Loading of assembly skipped.
Assembly Assembly-CSharp-firstpass.dll at Library/ScriptAssemblies/Assembly-CSharp-firstpass.dll not valid. Loading of assembly skipped.
Assembly DocCodeExamples.dll at Library/ScriptAssemblies/DocCodeExamples.dll not valid. Loading of assembly skipped.
Assembly TestNewCustomAssembly.dll at Library/ScriptAssemblies/TestNewCustomAssembly.dll not valid. Loading of assembly skipped.
Assembly Unity.2D.Sprite.Package.EditorTests.dll at Library/ScriptAssemblies/Unity.2D.Sprite.Package.EditorTests.dll not valid. Loading of assembly skipped.
Assembly Unity.Collections.BurstCompatibilityGen.dll at Library/ScriptAssemblies/Unity.Collections.BurstCompatibilityGen.dll not valid. Loading of assembly skipped.
Assembly Unity.Collections.DocCodeSamples.dll at Library/ScriptAssemblies/Unity.Collections.DocCodeSamples.dll not valid. Loading of assembly skipped.
Assembly Unity.Collections.PerformanceTests.dll at Library/ScriptAssemblies/Unity.Collections.PerformanceTests.dll not valid. Loading of assembly skipped.
Assembly Unity.Collections.Tests.dll at Library/ScriptAssemblies/Unity.Collections.Tests.dll not valid. Loading of assembly skipped.
Assembly Unity.Collections.Tests.Playmode.dll at Library/ScriptAssemblies/Unity.Collections.Tests.Playmode.dll not valid. Loading of assembly skipped.
Assembly Unity.InputSystem.IntegrationTests.dll at Library/ScriptAssemblies/Unity.InputSystem.IntegrationTests.dll not valid. Loading of assembly skipped.
Assembly Unity.Mathematics.Tests.dll at Library/ScriptAssemblies/Unity.Mathematics.Tests.dll not valid. Loading of assembly skipped.
Assembly Unity.Multiplayer.Center.Editor.Tests.dll at Library/ScriptAssemblies/Unity.Multiplayer.Center.Editor.Tests.dll not valid. Loading of assembly skipped.
Assembly Unity.Multiplayer.Center.Tests.dll at Library/ScriptAssemblies/Unity.Multiplayer.Center.Tests.dll not valid. Loading of assembly skipped.
Assembly Unity.Nuget.Mono-Cecil.dll at Library/ScriptAssemblies/Unity.Nuget.Mono-Cecil.dll not valid. Loading of assembly skipped.
Assembly Unity.PathTracing.Editor.Tests.dll at Library/ScriptAssemblies/Unity.PathTracing.Editor.Tests.dll not valid. Loading of assembly skipped.
Assembly Unity.PathTracing.Runtime.Tests.dll at Library/ScriptAssemblies/Unity.PathTracing.Runtime.Tests.dll not valid. Loading of assembly skipped.
Assembly Unity.RenderPipelines.Core.Editor.Tests.dll at Library/ScriptAssemblies/Unity.RenderPipelines.Core.Editor.Tests.dll not valid. Loading of assembly skipped.
Assembly Unity.RenderPipelines.Core.Runtime.Tests.dll at Library/ScriptAssemblies/Unity.RenderPipelines.Core.Runtime.Tests.dll not valid. Loading of assembly skipped.
Assembly Unity.RenderPipelines.Universal.Config.Editor.Tests.dll at Library/ScriptAssemblies/Unity.RenderPipelines.Universal.Config.Editor.Tests.dll not valid. Loading of assembly skipped.
Assembly Unity.RenderPipelines.Universal.Editor.Tests.dll at Library/ScriptAssemblies/Unity.RenderPipelines.Universal.Editor.Tests.dll not valid. Loading of assembly skipped.
Assembly Unity.RenderPipelines.Universal.Runtime.Tests.dll at Library/ScriptAssemblies/Unity.RenderPipelines.Universal.Runtime.Tests.dll not valid. Loading of assembly skipped.
Assembly Unity.Searcher.EditorTests.dll at Library/ScriptAssemblies/Unity.Searcher.EditorTests.dll not valid. Loading of assembly skipped.
Assembly Unity.ShaderGraph.Editor.Tests.dll at Library/ScriptAssemblies/Unity.ShaderGraph.Editor.Tests.dll not valid. Loading of assembly skipped.
Assembly Unity.TextMeshPro.Editor.Tests.dll at Library/ScriptAssemblies/Unity.TextMeshPro.Editor.Tests.dll not valid. Loading of assembly skipped.
Assembly Unity.TextMeshPro.Tests.dll at Library/ScriptAssemblies/Unity.TextMeshPro.Tests.dll not valid. Loading of assembly skipped.
Assembly Unity.UnifiedRayTracing.Editor.Tests.dll at Library/ScriptAssemblies/Unity.UnifiedRayTracing.Editor.Tests.dll not valid. Loading of assembly skipped.
Assembly UnityEditor.UI.Common.Tests.dll at Library/ScriptAssemblies/UnityEditor.UI.Common.Tests.dll not valid. Loading of assembly skipped.
Assembly UnityEditor.UI.EditorTests.dll at Library/ScriptAssemblies/UnityEditor.UI.EditorTests.dll not valid. Loading of assembly skipped.
Assembly UnityEngine.UI.Tests.dll at Library/ScriptAssemblies/UnityEngine.UI.Tests.dll not valid. Loading of assembly skipped.
Refreshing native plugins compatible for Editor in 2.63 ms, found 4 plugins.
Native extension for WindowsStandalone target not found
Native extension for WebGL target not found
[Package Manager] Failed to launch server process. Reason: Unity was launched with the -noUpm command-line argument
[Package Manager] Unable to send message (not connected to server process).
[Package Manager] Cannot connect to Unity Package Manager local server
[Package Manager] Failed to launch server process. Reason: Unity was launched with the -noUpm command-line argument
[Package Manager] Unable to send message (not connected to server process).
[Package Manager] Cannot connect to Unity Package Manager local server
ScheduleIndexationOnStartup MainProcess:False IndexOnStartup:True
Mono: successfully reloaded assembly
- Finished resetting the current domain, in  1.323 seconds
Domain Reload Profiling: 2495ms
	BeginReloadAssembly (341ms)
		DisableScriptedObjects (8ms)
		CreateAndSetChildDomain (56ms)
	RebuildCommonClasses (57ms)
	RebuildNativeTypeToScriptingClass (19ms)
	initialDomainReloadingComplete (96ms)
	LoadAllAssembliesAndSetupDomain (658ms)
		LoadAssemblies (556ms)
		AnalyzeDomain (295ms)
			TypeCache.Refresh (11ms)
			BuildScriptInfoCaches (266ms)
			ResolveRequiredComponents (16ms)
	FinalizeReload (1324ms)
		SetupLoadedEditorAssemblies (0ms)
			InitializePlatformSupportModulesInManaged (3ms)
			BeforeProcessingInitializeOnLoad (206ms)
			ProcessInitializeOnLoadAttributes (692ms)
			ProcessInitializeOnLoadMethodAttributes (144ms)
			AfterProcessingInitializeOnLoad (3ms)
		AwakeInstancesAfterBackupRestoration (30ms)
Refreshing native plugins compatible for Editor in 3.02 ms, found 4 plugins.
Unloading 24 Unused Serialized files (Serialized files now loaded: 0)
Unloading 6633 unused Assets / (5.1 MB). Loaded Objects now: 7490.
Memory consumption went from 182.9 MB to 177.7 MB.
Total: 11.275500 ms (FindLiveObjects: 0.682900 ms CreateObjectMapping: 0.476800 ms MarkObjects: 7.060100 ms  DeleteObjects: 3.053800 ms)

Prepare: number of updated asset objects reloaded= 0
========================================================================
Received Prepare
Begin MonoManager ReloadAssembly
[Licensing::Client] Successfully resolved entitlement details
Assembly Assembly-CSharp-Editor-firstpass.dll at Library/ScriptAssemblies/Assembly-CSharp-Editor-firstpass.dll not valid. Loading of assembly skipped.
Assembly Assembly-CSharp-firstpass.dll at Library/ScriptAssemblies/Assembly-CSharp-firstpass.dll not valid. Loading of assembly skipped.
Assembly DocCodeExamples.dll at Library/ScriptAssemblies/DocCodeExamples.dll not valid. Loading of assembly skipped.
Assembly TestNewCustomAssembly.dll at Library/ScriptAssemblies/TestNewCustomAssembly.dll not valid. Loading of assembly skipped.
Assembly Unity.2D.Sprite.Package.EditorTests.dll at Library/ScriptAssemblies/Unity.2D.Sprite.Package.EditorTests.dll not valid. Loading of assembly skipped.
Assembly Unity.Collections.BurstCompatibilityGen.dll at Library/ScriptAssemblies/Unity.Collections.BurstCompatibilityGen.dll not valid. Loading of assembly skipped.
Assembly Unity.Collections.DocCodeSamples.dll at Library/ScriptAssemblies/Unity.Collections.DocCodeSamples.dll not valid. Loading of assembly skipped.
Assembly Unity.Collections.PerformanceTests.dll at Library/ScriptAssemblies/Unity.Collections.PerformanceTests.dll not valid. Loading of assembly skipped.
Assembly Unity.Collections.Tests.dll at Library/ScriptAssemblies/Unity.Collections.Tests.dll not valid. Loading of assembly skipped.
Assembly Unity.Collections.Tests.Playmode.dll at Library/ScriptAssemblies/Unity.Collections.Tests.Playmode.dll not valid. Loading of assembly skipped.
Assembly Unity.InputSystem.IntegrationTests.dll at Library/ScriptAssemblies/Unity.InputSystem.IntegrationTests.dll not valid. Loading of assembly skipped.
Assembly Unity.Mathematics.Tests.dll at Library/ScriptAssemblies/Unity.Mathematics.Tests.dll not valid. Loading of assembly skipped.
Assembly Unity.Multiplayer.Center.Editor.Tests.dll at Library/ScriptAssemblies/Unity.Multiplayer.Center.Editor.Tests.dll not valid. Loading of assembly skipped.
Assembly Unity.Multiplayer.Center.Tests.dll at Library/ScriptAssemblies/Unity.Multiplayer.Center.Tests.dll not valid. Loading of assembly skipped.
Assembly Unity.Nuget.Mono-Cecil.dll at Library/ScriptAssemblies/Unity.Nuget.Mono-Cecil.dll not valid. Loading of assembly skipped.
Assembly Unity.PathTracing.Editor.Tests.dll at Library/ScriptAssemblies/Unity.PathTracing.Editor.Tests.dll not valid. Loading of assembly skipped.
Assembly Unity.PathTracing.Runtime.Tests.dll at Library/ScriptAssemblies/Unity.PathTracing.Runtime.Tests.dll not valid. Loading of assembly skipped.
Assembly Unity.RenderPipelines.Core.Editor.Tests.dll at Library/ScriptAssemblies/Unity.RenderPipelines.Core.Editor.Tests.dll not valid. Loading of assembly skipped.
Assembly Unity.RenderPipelines.Core.Runtime.Tests.dll at Library/ScriptAssemblies/Unity.RenderPipelines.Core.Runtime.Tests.dll not valid. Loading of assembly skipped.
Assembly Unity.RenderPipelines.Universal.Config.Editor.Tests.dll at Library/ScriptAssemblies/Unity.RenderPipelines.Universal.Config.Editor.Tests.dll not valid. Loading of assembly skipped.
Assembly Unity.RenderPipelines.Universal.Editor.Tests.dll at Library/ScriptAssemblies/Unity.RenderPipelines.Universal.Editor.Tests.dll not valid. Loading of assembly skipped.
Assembly Unity.RenderPipelines.Universal.Runtime.Tests.dll at Library/ScriptAssemblies/Unity.RenderPipelines.Universal.Runtime.Tests.dll not valid. Loading of assembly skipped.
Assembly Unity.Searcher.EditorTests.dll at Library/ScriptAssemblies/Unity.Searcher.EditorTests.dll not valid. Loading of assembly skipped.
Assembly Unity.ShaderGraph.Editor.Tests.dll at Library/ScriptAssemblies/Unity.ShaderGraph.Editor.Tests.dll not valid. Loading of assembly skipped.
Assembly Unity.TextMeshPro.Editor.Tests.dll at Library/ScriptAssemblies/Unity.TextMeshPro.Editor.Tests.dll not valid. Loading of assembly skipped.
Assembly Unity.TextMeshPro.Tests.dll at Library/ScriptAssemblies/Unity.TextMeshPro.Tests.dll not valid. Loading of assembly skipped.
Assembly Unity.UnifiedRayTracing.Editor.Tests.dll at Library/ScriptAssemblies/Unity.UnifiedRayTracing.Editor.Tests.dll not valid. Loading of assembly skipped.
Assembly UnityEditor.UI.Common.Tests.dll at Library/ScriptAssemblies/UnityEditor.UI.Common.Tests.dll not valid. Loading of assembly skipped.
Assembly UnityEditor.UI.EditorTests.dll at Library/ScriptAssemblies/UnityEditor.UI.EditorTests.dll not valid. Loading of assembly skipped.
Assembly UnityEngine.UI.Tests.dll at Library/ScriptAssemblies/UnityEngine.UI.Tests.dll not valid. Loading of assembly skipped.
Refreshing native plugins compatible for Editor in 2.22 ms, found 4 plugins.
Native extension for WindowsStandalone target not found
Native extension for WebGL target not found
[Package Manager] Failed to launch server process. Reason: Unity was launched with the -noUpm command-line argument
[Package Manager] Unable to send message (not connected to server process).
[Package Manager] Cannot connect to Unity Package Manager local server
[Package Manager] Failed to launch server process. Reason: Unity was launched with the -noUpm command-line argument
[Package Manager] Unable to send message (not connected to server process).
[Package Manager] Cannot connect to Unity Package Manager local server
ScheduleIndexationOnStartup MainProcess:False IndexOnStartup:True
Mono: successfully reloaded assembly
- Finished resetting the current domain, in  1.277 seconds
Domain Reload Profiling: 2463ms
	BeginReloadAssembly (361ms)
		DisableScriptedObjects (8ms)
		CreateAndSetChildDomain (66ms)
	RebuildCommonClasses (55ms)
	RebuildNativeTypeToScriptingClass (19ms)
	initialDomainReloadingComplete (94ms)
	LoadAllAssembliesAndSetupDomain (656ms)
		LoadAssemblies (562ms)
		AnalyzeDomain (294ms)
			TypeCache.Refresh (15ms)
			BuildScriptInfoCaches (261ms)
			ResolveRequiredComponents (16ms)
	FinalizeReload (1278ms)
		SetupLoadedEditorAssemblies (0ms)
			InitializePlatformSupportModulesInManaged (3ms)
			BeforeProcessingInitializeOnLoad (213ms)
			ProcessInitializeOnLoadAttributes (662ms)
			ProcessInitializeOnLoadMethodAttributes (121ms)
			AfterProcessingInitializeOnLoad (4ms)
		AwakeInstancesAfterBackupRestoration (26ms)
Refreshing native plugins compatible for Editor in 3.07 ms, found 4 plugins.
Unloading 24 Unused Serialized files (Serialized files now loaded: 0)
Unloading 6633 unused Assets / (5.1 MB). Loaded Objects now: 7493.
Memory consumption went from 186.1 MB to 180.9 MB.
Total: 10.805200 ms (FindLiveObjects: 0.634300 ms CreateObjectMapping: 0.454700 ms MarkObjects: 6.879300 ms  DeleteObjects: 2.835100 ms)

Prepare: number of updated asset objects reloaded= 0
========================================================================
Received Prepare
Begin MonoManager ReloadAssembly
Assembly Assembly-CSharp-Editor-firstpass.dll at Library/ScriptAssemblies/Assembly-CSharp-Editor-firstpass.dll not valid. Loading of assembly skipped.
Assembly Assembly-CSharp-firstpass.dll at Library/ScriptAssemblies/Assembly-CSharp-firstpass.dll not valid. Loading of assembly skipped.
Assembly DocCodeExamples.dll at Library/ScriptAssemblies/DocCodeExamples.dll not valid. Loading of assembly skipped.
Assembly TestNewCustomAssembly.dll at Library/ScriptAssemblies/TestNewCustomAssembly.dll not valid. Loading of assembly skipped.
Assembly Unity.2D.Sprite.Package.EditorTests.dll at Library/ScriptAssemblies/Unity.2D.Sprite.Package.EditorTests.dll not valid. Loading of assembly skipped.
Assembly Unity.Collections.BurstCompatibilityGen.dll at Library/ScriptAssemblies/Unity.Collections.BurstCompatibilityGen.dll not valid. Loading of assembly skipped.
Assembly Unity.Collections.DocCodeSamples.dll at Library/ScriptAssemblies/Unity.Collections.DocCodeSamples.dll not valid. Loading of assembly skipped.
Assembly Unity.Collections.PerformanceTests.dll at Library/ScriptAssemblies/Unity.Collections.PerformanceTests.dll not valid. Loading of assembly skipped.
Assembly Unity.Collections.Tests.dll at Library/ScriptAssemblies/Unity.Collections.Tests.dll not valid. Loading of assembly skipped.
Assembly Unity.Collections.Tests.Playmode.dll at Library/ScriptAssemblies/Unity.Collections.Tests.Playmode.dll not valid. Loading of assembly skipped.
Assembly Unity.InputSystem.IntegrationTests.dll at Library/ScriptAssemblies/Unity.InputSystem.IntegrationTests.dll not valid. Loading of assembly skipped.
Assembly Unity.Mathematics.Tests.dll at Library/ScriptAssemblies/Unity.Mathematics.Tests.dll not valid. Loading of assembly skipped.
Assembly Unity.Multiplayer.Center.Editor.Tests.dll at Library/ScriptAssemblies/Unity.Multiplayer.Center.Editor.Tests.dll not valid. Loading of assembly skipped.
Assembly Unity.Multiplayer.Center.Tests.dll at Library/ScriptAssemblies/Unity.Multiplayer.Center.Tests.dll not valid. Loading of assembly skipped.
Assembly Unity.Nuget.Mono-Cecil.dll at Library/ScriptAssemblies/Unity.Nuget.Mono-Cecil.dll not valid. Loading of assembly skipped.
Assembly Unity.PathTracing.Editor.Tests.dll at Library/ScriptAssemblies/Unity.PathTracing.Editor.Tests.dll not valid. Loading of assembly skipped.
Assembly Unity.PathTracing.Runtime.Tests.dll at Library/ScriptAssemblies/Unity.PathTracing.Runtime.Tests.dll not valid. Loading of assembly skipped.
Assembly Unity.RenderPipelines.Core.Editor.Tests.dll at Library/ScriptAssemblies/Unity.RenderPipelines.Core.Editor.Tests.dll not valid. Loading of assembly skipped.
Assembly Unity.RenderPipelines.Core.Runtime.Tests.dll at Library/ScriptAssemblies/Unity.RenderPipelines.Core.Runtime.Tests.dll not valid. Loading of assembly skipped.
Assembly Unity.RenderPipelines.Universal.Config.Editor.Tests.dll at Library/ScriptAssemblies/Unity.RenderPipelines.Universal.Config.Editor.Tests.dll not valid. Loading of assembly skipped.
Assembly Unity.RenderPipelines.Universal.Editor.Tests.dll at Library/ScriptAssemblies/Unity.RenderPipelines.Universal.Editor.Tests.dll not valid. Loading of assembly skipped.
Assembly Unity.RenderPipelines.Universal.Runtime.Tests.dll at Library/ScriptAssemblies/Unity.RenderPipelines.Universal.Runtime.Tests.dll not valid. Loading of assembly skipped.
Assembly Unity.Searcher.EditorTests.dll at Library/ScriptAssemblies/Unity.Searcher.EditorTests.dll not valid. Loading of assembly skipped.
Assembly Unity.ShaderGraph.Editor.Tests.dll at Library/ScriptAssemblies/Unity.ShaderGraph.Editor.Tests.dll not valid. Loading of assembly skipped.
Assembly Unity.TextMeshPro.Editor.Tests.dll at Library/ScriptAssemblies/Unity.TextMeshPro.Editor.Tests.dll not valid. Loading of assembly skipped.
Assembly Unity.TextMeshPro.Tests.dll at Library/ScriptAssemblies/Unity.TextMeshPro.Tests.dll not valid. Loading of assembly skipped.
Assembly Unity.UnifiedRayTracing.Editor.Tests.dll at Library/ScriptAssemblies/Unity.UnifiedRayTracing.Editor.Tests.dll not valid. Loading of assembly skipped.
Assembly UnityEditor.UI.Common.Tests.dll at Library/ScriptAssemblies/UnityEditor.UI.Common.Tests.dll not valid. Loading of assembly skipped.
Assembly UnityEditor.UI.EditorTests.dll at Library/ScriptAssemblies/UnityEditor.UI.EditorTests.dll not valid. Loading of assembly skipped.
Assembly UnityEngine.UI.Tests.dll at Library/ScriptAssemblies/UnityEngine.UI.Tests.dll not valid. Loading of assembly skipped.
Refreshing native plugins compatible for Editor in 2.23 ms, found 4 plugins.
Native extension for WindowsStandalone target not found
Native extension for WebGL target not found
[Package Manager] Failed to launch server process. Reason: Unity was launched with the -noUpm command-line argument
[Package Manager] Unable to send message (not connected to server process).
[Package Manager] Cannot connect to Unity Package Manager local server
[Package Manager] Failed to launch server process. Reason: Unity was launched with the -noUpm command-line argument
[Package Manager] Unable to send message (not connected to server process).
[Package Manager] Cannot connect to Unity Package Manager local server
ScheduleIndexationOnStartup MainProcess:False IndexOnStartup:True
Mono: successfully reloaded assembly
- Finished resetting the current domain, in  1.219 seconds
Domain Reload Profiling: 2361ms
	BeginReloadAssembly (328ms)
		DisableScriptedObjects (8ms)
		CreateAndSetChildDomain (54ms)
	RebuildCommonClasses (56ms)
	RebuildNativeTypeToScriptingClass (19ms)
	initialDomainReloadingComplete (96ms)
	LoadAllAssembliesAndSetupDomain (642ms)
		LoadAssemblies (539ms)
		AnalyzeDomain (288ms)
			TypeCache.Refresh (11ms)
			BuildScriptInfoCaches (259ms)
			ResolveRequiredComponents (16ms)
	FinalizeReload (1220ms)
		SetupLoadedEditorAssemblies (0ms)
			InitializePlatformSupportModulesInManaged (3ms)
			BeforeProcessingInitializeOnLoad (213ms)
			ProcessInitializeOnLoadAttributes (621ms)
			ProcessInitializeOnLoadMethodAttributes (110ms)
			AfterProcessingInitializeOnLoad (3ms)
		AwakeInstancesAfterBackupRestoration (22ms)
Refreshing native plugins compatible for Editor in 2.28 ms, found 4 plugins.
Unloading 24 Unused Serialized files (Serialized files now loaded: 0)
Unloading 6633 unused Assets / (5.1 MB). Loaded Objects now: 7496.
Memory consumption went from 189.3 MB to 184.2 MB.
Total: 10.751900 ms (FindLiveObjects: 0.755700 ms CreateObjectMapping: 0.614500 ms MarkObjects: 6.654200 ms  DeleteObjects: 2.726000 ms)

Prepare: number of updated asset objects reloaded= 0
========================================================================
Received Import Request.
  Time since last request: 94899.619422 seconds.
  path: Assets/Downloaded/Horror Atmosphere LITE/Ambience/Jumpscare and Hits
  importAddress: Guid(3833a0f4811d5ca42b28508d6d5264f7) Importer(2089858483,b0f066a214c2f5e87bad3c948f4d605d)
Start importing Assets/Downloaded/Horror Atmosphere LITE/Ambience/Jumpscare and Hits using Guid(3833a0f4811d5ca42b28508d6d5264f7) Importer(2089858483,b0f066a214c2f5e87bad3c948f4d605d) (ScriptedImporter) -> (Import Result ID: '2a850065ffc5543ece9362e44647e7ca') in 0.1103342 seconds [static and dynamic dependencies]. Details - ImportResultOutputID=7ade5904ef81c3c066c5156e689476b9 DependenciesID=398566a84574457175e473c96241ebc4 StaticDependenciesID=5f81bd92ce9b3bfe2a35217f46b92813 
Number of updated asset objects reloaded before import = 0Number of asset objects unloaded after import = 1

========================================================================
Received Import Request.
  Time since last request: 0.000077 seconds.
  path: Assets/Downloaded/Horror Atmosphere LITE/BONUS
  importAddress: Guid(6f06a856b8baff84a8d6da5ccd81fff3) Importer(2089858483,b0f066a214c2f5e87bad3c948f4d605d)
Start importing Assets/Downloaded/Horror Atmosphere LITE/BONUS using Guid(6f06a856b8baff84a8d6da5ccd81fff3) Importer(2089858483,b0f066a214c2f5e87bad3c948f4d605d) (ScriptedImporter) -> (Import Result ID: 'a18decf75e5572e8a2a6fd2c4595eb1b') in 0.0216253 seconds [static and dynamic dependencies]. Details - ImportResultOutputID=dd8f6aea3937c0359a39b5ebdba45f96 DependenciesID=c369f10fae7ea66dc36adae79b3d944f StaticDependenciesID=29b19611b517d1ae4b95249efb9ca13b 
Number of updated asset objects reloaded before import = 0Number of asset objects unloaded after import = 1

========================================================================
Received Import Request.
  Time since last request: 0.000057 seconds.
  path: Assets/Downloaded/Horror Atmosphere LITE/Ambience/Atmosphere And Chaos/Atmosphere_007( SINGLE LOOP).wav
  importAddress: Guid(aa7e18111e3fc944882e000ff4e8c587) Importer(2089858483,b0f066a214c2f5e87bad3c948f4d605d)
Start importing Assets/Downloaded/Horror Atmosphere LITE/Ambience/Atmosphere And Chaos/Atmosphere_007( SINGLE LOOP).wav using Guid(aa7e18111e3fc944882e000ff4e8c587) Importer(2089858483,b0f066a214c2f5e87bad3c948f4d605d) (ScriptedImporter) -> (Import Result ID: '17a2304347b69766f092eaea0aaef348') in 0.1340625 seconds [static and dynamic dependencies]. Details - ImportResultOutputID=98bd272df742194f4ce0f814f6d090c4 DependenciesID=123027b71bca329c73c33d3f959dace4 StaticDependenciesID=b7b1b2977e97d90ddc9abc32b080bd3c 
Number of updated asset objects reloaded before import = 0Number of asset objects unloaded after import = 1

========================================================================
Received Import Request.
  Time since last request: 0.000028 seconds.
  path: Assets/Downloaded/Footsteps - Essentials/Footsteps_Water/Footsteps_Water_Walk
  importAddress: Guid(dd783b070324743439921c7e3e2920e7) Importer(2089858483,b0f066a214c2f5e87bad3c948f4d605d)
Start importing Assets/Downloaded/Footsteps - Essentials/Footsteps_Water/Footsteps_Water_Walk using Guid(dd783b070324743439921c7e3e2920e7) Importer(2089858483,b0f066a214c2f5e87bad3c948f4d605d) (ScriptedImporter) -> (Import Result ID: '44e7831378fdaa9349e665e08a019572') in 0.0188843 seconds [static and dynamic dependencies]. Details - ImportResultOutputID=2f3e37d2d88c88362d90cadbf7453e30 DependenciesID=af95387a2a858450d7dd4e08a33e8eae StaticDependenciesID=254c1b56cd0cfd711bd11cf89cc8876e 
Number of updated asset objects reloaded before import = 0Number of asset objects unloaded after import = 1

========================================================================
Received Import Request.
  Time since last request: 0.000082 seconds.
  path: Assets/Downloaded/Horror Atmosphere LITE/BONUS/GUI/Beep and Click.wav
  importAddress: Guid(64c79e1555d819245bf778c460bf35f2) Importer(2089858483,b0f066a214c2f5e87bad3c948f4d605d)
Start importing Assets/Downloaded/Horror Atmosphere LITE/BONUS/GUI/Beep and Click.wav using Guid(64c79e1555d819245bf778c460bf35f2) Importer(2089858483,b0f066a214c2f5e87bad3c948f4d605d) (ScriptedImporter) -> (Import Result ID: '50b8f2e9821407a9299af214c23bc640') in 0.0231264 seconds [static and dynamic dependencies]. Details - ImportResultOutputID=38093c7f07cca4829fdc8642d39714a9 DependenciesID=9e4bad0ff7ad253381dce5401fc55771 StaticDependenciesID=7097d69d20defd410d4df3db07964873 
Number of updated asset objects reloaded before import = 0Number of asset objects unloaded after import = 1

========================================================================
Received Import Request.
  Time since last request: 0.000037 seconds.
  path: Assets/Downloaded/Footsteps - Essentials/Footsteps_Water/Footsteps_Water_Run/Footsteps_Water_Run_03.wav
  importAddress: Guid(5ca9e0641870f9341a75bcbda5787159) Importer(2089858483,b0f066a214c2f5e87bad3c948f4d605d)
Start importing Assets/Downloaded/Footsteps - Essentials/Footsteps_Water/Footsteps_Water_Run/Footsteps_Water_Run_03.wav using Guid(5ca9e0641870f9341a75bcbda5787159) Importer(2089858483,b0f066a214c2f5e87bad3c948f4d605d) (ScriptedImporter) -> (Import Result ID: '41c4f94e745f30a01f76175f46c770bd') in 0.0251621 seconds [static and dynamic dependencies]. Details - ImportResultOutputID=ec642d1dee0c7af0c2327f0f8e5aa395 DependenciesID=e5e3d52093c0db0aedacb9e449901fc2 StaticDependenciesID=ed411eeaffec555f9483d753ad689e7b 
Number of updated asset objects reloaded before import = 0Number of asset objects unloaded after import = 1

========================================================================
Received Import Request.
  Time since last request: 0.000025 seconds.
  path: Assets/Downloaded/Horror Atmosphere LITE/BONUS/GUI/Click_001.wav
  importAddress: Guid(8096b0d1ab3956b48b025bf1dd6d2605) Importer(2089858483,b0f066a214c2f5e87bad3c948f4d605d)
Start importing Assets/Downloaded/Horror Atmosphere LITE/BONUS/GUI/Click_001.wav using Guid(8096b0d1ab3956b48b025bf1dd6d2605) Importer(2089858483,b0f066a214c2f5e87bad3c948f4d605d) (ScriptedImporter) -> (Import Result ID: '4744f556082a7d28803ff4cbf0d65284') in 0.0238272 seconds [static and dynamic dependencies]. Details - ImportResultOutputID=5dd63947b82589c890a75d1c9b7231b0 DependenciesID=b62e0c5cc16deb79d66f8fec51627280 StaticDependenciesID=6f7cc19a083d8e7602d6c22e2c28b730 
Number of updated asset objects reloaded before import = 0Number of asset objects unloaded after import = 1

========================================================================
Received Import Request.
  Time since last request: 0.000024 seconds.
  path: Assets/Downloaded/Horror Atmosphere LITE/Ambience/Atmosphere And Chaos/Rising and Falling Atmospheres/Atmosphere_Falling_Loop_01.wav
  importAddress: Guid(c0bc0d12eb3899645a31f9807667f413) Importer(2089858483,b0f066a214c2f5e87bad3c948f4d605d)
Start importing Assets/Downloaded/Horror Atmosphere LITE/Ambience/Atmosphere And Chaos/Rising and Falling Atmospheres/Atmosphere_Falling_Loop_01.wav using Guid(c0bc0d12eb3899645a31f9807667f413) Importer(2089858483,b0f066a214c2f5e87bad3c948f4d605d) (ScriptedImporter) -> (Import Result ID: '58a7bb976f747a851e9f5c543d110d06') in 0.3177665 seconds [static and dynamic dependencies]. Details - ImportResultOutputID=09cfd26e20c04f4263d3146ab3c9ab8b DependenciesID=e347c83facbd7dea0be341fa30bffa52 StaticDependenciesID=bd4fe74f17b54aa9e5bce84e9c281503 
Number of updated asset objects reloaded before import = 0Number of asset objects unloaded after import = 1

========================================================================
Received Import Request.
  Time since last request: 0.000033 seconds.
  path: Assets/Downloaded/Footsteps - Essentials/Footsteps_Grass/Footsteps_Grass_Walk/Footsteps_Walk_Grass_Mono_43.wav
  importAddress: Guid(55a810a67df804d4487e8f990523255b) Importer(2089858483,b0f066a214c2f5e87bad3c948f4d605d)
Start importing Assets/Downloaded/Footsteps - Essentials/Footsteps_Grass/Footsteps_Grass_Walk/Footsteps_Walk_Grass_Mono_43.wav using Guid(55a810a67df804d4487e8f990523255b) Importer(2089858483,b0f066a214c2f5e87bad3c948f4d605d) (ScriptedImporter) -> (Import Result ID: 'bc7bdef6903bd300bba0a65f57e8f1bd') in 0.0223925 seconds [static and dynamic dependencies]. Details - ImportResultOutputID=47233c278280dd16b7f796d34e4a0f34 DependenciesID=7f01ec4935cfd779ff123d573a830bda StaticDependenciesID=65bfc7ab08c53addd73dd3c3e3a9fc35 
Number of updated asset objects reloaded before import = 0Number of asset objects unloaded after import = 1

========================================================================
Received Import Request.
  Time since last request: 0.000075 seconds.
  path: Assets/Downloaded/Horror Atmosphere LITE/Ambience/Atmosphere And Chaos/Atmosphere_003(Loop).wav
  importAddress: Guid(7a93a05f603868a4fb2c06bb66df6d0d) Importer(2089858483,b0f066a214c2f5e87bad3c948f4d605d)
Start importing Assets/Downloaded/Horror Atmosphere LITE/Ambience/Atmosphere And Chaos/Atmosphere_003(Loop).wav using Guid(7a93a05f603868a4fb2c06bb66df6d0d) Importer(2089858483,b0f066a214c2f5e87bad3c948f4d605d) (ScriptedImporter) -> (Import Result ID: '04126c306e8a64e10d2e526146db7e9c') in 0.2828651 seconds [static and dynamic dependencies]. Details - ImportResultOutputID=1b094b2a9d29f7e70770269912894280 DependenciesID=5fbe45a2a32e275ca2b3231326dcfc40 StaticDependenciesID=249606ed35e296201bf953b6f506ecfa 
Number of updated asset objects reloaded before import = 0Number of asset objects unloaded after import = 1

========================================================================
Received Import Request.
  Time since last request: 0.000028 seconds.
  path: Assets/Downloaded/Footsteps - Essentials/Footsteps_Metal/Footsteps_Metal_Run/Footsteps_MetalV2_Run_07.wav
  importAddress: Guid(af104ebdf73bf7a4ba6013021dd458cb) Importer(2089858483,b0f066a214c2f5e87bad3c948f4d605d)
Start importing Assets/Downloaded/Footsteps - Essentials/Footsteps_Metal/Footsteps_Metal_Run/Footsteps_MetalV2_Run_07.wav using Guid(af104ebdf73bf7a4ba6013021dd458cb) Importer(2089858483,b0f066a214c2f5e87bad3c948f4d605d) (ScriptedImporter) -> (Import Result ID: '81c4ac0b9827fe1dfa51da3c0c7f2ce4') in 0.0220599 seconds [static and dynamic dependencies]. Details - ImportResultOutputID=46563995851f1740b40d4ec46eee4c25 DependenciesID=702c083a27466894cbe9115305f6dd47 StaticDependenciesID=fce26e6ce69c15006b445cc4cbfe1d01 
Number of updated asset objects reloaded before import = 0Number of asset objects unloaded after import = 1

========================================================================
Received Import Request.
  Time since last request: 0.000044 seconds.
  path: Assets/Downloaded/Footsteps - Essentials/Footsteps_Metal/Footsteps_Metal_Walk/Footsteps_MetalV2_Walk_10.wav
  importAddress: Guid(b6da35e1befe0014da25418951455674) Importer(2089858483,b0f066a214c2f5e87bad3c948f4d605d)
Start importing Assets/Downloaded/Footsteps - Essentials/Footsteps_Metal/Footsteps_Metal_Walk/Footsteps_MetalV2_Walk_10.wav using Guid(b6da35e1befe0014da25418951455674) Importer(2089858483,b0f066a214c2f5e87bad3c948f4d605d) (ScriptedImporter) -> (Import Result ID: 'e618c7a1878f1c667d1af4a0ba0a0ab4') in 0.0219971 seconds [static and dynamic dependencies]. Details - ImportResultOutputID=46ad57575ae37feb98fd85d1662da6a6 DependenciesID=d215b9d6ee1388732afd82e0b5f36317 StaticDependenciesID=0b5e8a0efc880a110f1d8ca0d9a0eb0f 
Number of updated asset objects reloaded before import = 0Number of asset objects unloaded after import = 1

========================================================================
Received Import Request.
  Time since last request: 0.000023 seconds.
  path: Assets/Downloaded/Footsteps - Essentials/Footsteps_Metal/Footsteps_Metal_Run
  importAddress: Guid(fdac1dd317ecf204e8d1baf54cd08c22) Importer(2089858483,b0f066a214c2f5e87bad3c948f4d605d)
Start importing Assets/Downloaded/Footsteps - Essentials/Footsteps_Metal/Footsteps_Metal_Run using Guid(fdac1dd317ecf204e8d1baf54cd08c22) Importer(2089858483,b0f066a214c2f5e87bad3c948f4d605d) (ScriptedImporter) -> (Import Result ID: '00854fa8187a796f6b57f45075672dd4') in 0.0222619 seconds [static and dynamic dependencies]. Details - ImportResultOutputID=ce27d94dcaa7a532a2f11784faaa0580 DependenciesID=b909ce039adb2246e9021d004a4912ef StaticDependenciesID=128554656badd5e81a0e2fc47e4c5aeb 
Number of updated asset objects reloaded before import = 0Number of asset objects unloaded after import = 1

========================================================================
Received Import Request.
  Time since last request: 0.000026 seconds.
  path: Assets/Downloaded/Horror Atmosphere LITE/BONUS/GUI/Click_004.wav
  importAddress: Guid(ff33474cd753eaf43ac83e972459323d) Importer(2089858483,b0f066a214c2f5e87bad3c948f4d605d)
Start importing Assets/Downloaded/Horror Atmosphere LITE/BONUS/GUI/Click_004.wav using Guid(ff33474cd753eaf43ac83e972459323d) Importer(2089858483,b0f066a214c2f5e87bad3c948f4d605d) (ScriptedImporter) -> (Import Result ID: '07f09eb1c269c430723fd1afb14d37d0') in 0.024009 seconds [static and dynamic dependencies]. Details - ImportResultOutputID=04de00731f730f520e11e3315e78bd57 DependenciesID=875f243e42d654b0b459a4f6f352b5b5 StaticDependenciesID=7f921a42ede2314a5985a297616aae9a 
Number of updated asset objects reloaded before import = 0Number of asset objects unloaded after import = 1

========================================================================
Received Import Request.
  Time since last request: 0.000048 seconds.
  path: Assets/Downloaded/Footsteps - Essentials/Footsteps_Grass/Footsteps_Grass_Walk/Footsteps_Walk_Grass_Mono_14.wav
  importAddress: Guid(cee5e6c416359ef4cbb722f0cd3a5a14) Importer(2089858483,b0f066a214c2f5e87bad3c948f4d605d)
Start importing Assets/Downloaded/Footsteps - Essentials/Footsteps_Grass/Footsteps_Grass_Walk/Footsteps_Walk_Grass_Mono_14.wav using Guid(cee5e6c416359ef4cbb722f0cd3a5a14) Importer(2089858483,b0f066a214c2f5e87bad3c948f4d605d) (ScriptedImporter) -> (Import Result ID: '6134b8c4c641792931786d244a8474d4') in 0.0228267 seconds [static and dynamic dependencies]. Details - ImportResultOutputID=40f1b3986d558e1fb6549b9f3f7ecb02 DependenciesID=c069006b70946d4c787a73785e133118 StaticDependenciesID=06442b5784e4623d967db2b0ec49b1b7 
Number of updated asset objects reloaded before import = 0Number of asset objects unloaded after import = 1

========================================================================
Received Import Request.
  Time since last request: 0.000044 seconds.
  path: Assets/Downloaded/Horror Atmosphere LITE/Ambience/Atmosphere And Chaos/Rising Tension and Matched loops/Rising_004a.wav
  importAddress: Guid(0ca5810840772ca4a9a90cf8ab1fcb0f) Importer(2089858483,b0f066a214c2f5e87bad3c948f4d605d)
Start importing Assets/Downloaded/Horror Atmosphere LITE/Ambience/Atmosphere And Chaos/Rising Tension and Matched loops/Rising_004a.wav using Guid(0ca5810840772ca4a9a90cf8ab1fcb0f) Importer(2089858483,b0f066a214c2f5e87bad3c948f4d605d) (ScriptedImporter) -> (Import Result ID: '0c40d94781f9b59938d13e6bc99260f9') in 0.1049131 seconds [static and dynamic dependencies]. Details - ImportResultOutputID=4d050f90f0efd02abc04ed8453866f69 DependenciesID=e7993a88ee7aa74021a0f558d2d00725 StaticDependenciesID=f9a98ba8e36ca034815f4416a5f6784a 
Number of updated asset objects reloaded before import = 0Number of asset objects unloaded after import = 1

========================================================================
Received Import Request.
  Time since last request: 0.000025 seconds.
  path: Assets/Downloaded/Footsteps - Essentials/Footsteps_Sand/Footsteps_Sand_Walk/Footsteps_Sand_Walk_11.wav
  importAddress: Guid(8bf91c27647502141bb5335b3069b330) Importer(2089858483,b0f066a214c2f5e87bad3c948f4d605d)
Start importing Assets/Downloaded/Footsteps - Essentials/Footsteps_Sand/Footsteps_Sand_Walk/Footsteps_Sand_Walk_11.wav using Guid(8bf91c27647502141bb5335b3069b330) Importer(2089858483,b0f066a214c2f5e87bad3c948f4d605d) (ScriptedImporter) -> (Import Result ID: '4dc2c4455e71d7e3ea72dfd00be8a29c') in 0.0232687 seconds [static and dynamic dependencies]. Details - ImportResultOutputID=05036e258b4c7b4dc15ed30e342112ca DependenciesID=338f7796772862ccbc02e7a358bee591 StaticDependenciesID=1e2c7adeb09453210bf08dedc40f5c7e 
Number of updated asset objects reloaded before import = 0Number of asset objects unloaded after import = 1

========================================================================
Received Import Request.
  Time since last request: 0.000033 seconds.
  path: Assets/Downloaded/Footsteps - Essentials/Footsteps_Grass/Footsteps_Grass_Jump/Footsteps_Grass_Jump_Land_07.wav
  importAddress: Guid(8e0c586341010324fadd73453569f0aa) Importer(2089858483,b0f066a214c2f5e87bad3c948f4d605d)
Start importing Assets/Downloaded/Footsteps - Essentials/Footsteps_Grass/Footsteps_Grass_Jump/Footsteps_Grass_Jump_Land_07.wav using Guid(8e0c586341010324fadd73453569f0aa) Importer(2089858483,b0f066a214c2f5e87bad3c948f4d605d) (ScriptedImporter) -> (Import Result ID: '0c9f88c093c78bb8f10b177d7e01c780') in 0.0206885 seconds [static and dynamic dependencies]. Details - ImportResultOutputID=6370aeecc283ee83b6265f1cc9d82b6a DependenciesID=48f63800359be0c83d13a177f5954bc2 StaticDependenciesID=b1796ca29ca19008d9be11e0ff9d528b 
Number of updated asset objects reloaded before import = 0Number of asset objects unloaded after import = 1

========================================================================
Received Import Request.
  Time since last request: 0.000035 seconds.
  path: Assets/Downloaded/Footsteps - Essentials/Footsteps_Metal/Footsteps_Metal_Walk/Footsteps_MetalV2_Walk_09.wav
  importAddress: Guid(9535c599feb8b7a4990789aebab305e4) Importer(2089858483,b0f066a214c2f5e87bad3c948f4d605d)
Start importing Assets/Downloaded/Footsteps - Essentials/Footsteps_Metal/Footsteps_Metal_Walk/Footsteps_MetalV2_Walk_09.wav using Guid(9535c599feb8b7a4990789aebab305e4) Importer(2089858483,b0f066a214c2f5e87bad3c948f4d605d) (ScriptedImporter) -> (Import Result ID: '66efbe0f71e8ece11e736e24d87ca4ba') in 0.0250254 seconds [static and dynamic dependencies]. Details - ImportResultOutputID=8b797040a5584de6952c395950882046 DependenciesID=e9c014e1f801bf43d17ff9b6bdfc4ef7 StaticDependenciesID=58b487b4ae2655e7e5a749fbb5b6d749 
Number of updated asset objects reloaded before import = 0Number of asset objects unloaded after import = 1

========================================================================
Received Import Request.
  Time since last request: 0.000023 seconds.
  path: Assets/Downloaded/Horror Atmosphere LITE/Ambience/Jumpscare and Hits/Strike_005.wav
  importAddress: Guid(c739498bb4320064eb43430157c51a68) Importer(2089858483,b0f066a214c2f5e87bad3c948f4d605d)
Start importing Assets/Downloaded/Horror Atmosphere LITE/Ambience/Jumpscare and Hits/Strike_005.wav using Guid(c739498bb4320064eb43430157c51a68) Importer(2089858483,b0f066a214c2f5e87bad3c948f4d605d) (ScriptedImporter) -> (Import Result ID: '564bc78227e8f511f030111bd02271a2') in 0.0519848 seconds [static and dynamic dependencies]. Details - ImportResultOutputID=e90593e3fb3f6bc89c6f8e392be538f4 DependenciesID=450b491e4203cd2943bee1512eb04e69 StaticDependenciesID=77ffd765b29c7e8e78f3762abf8ab76c 
Number of updated asset objects reloaded before import = 0Number of asset objects unloaded after import = 1

========================================================================
Received Import Request.
  Time since last request: 0.000034 seconds.
  path: Assets/Downloaded/Horror Atmosphere LITE/BONUS/GUI/Faint_Click_001.wav
  importAddress: Guid(b261ba8470a59884485a8d1d175c7ed3) Importer(2089858483,b0f066a214c2f5e87bad3c948f4d605d)
Start importing Assets/Downloaded/Horror Atmosphere LITE/BONUS/GUI/Faint_Click_001.wav using Guid(b261ba8470a59884485a8d1d175c7ed3) Importer(2089858483,b0f066a214c2f5e87bad3c948f4d605d) (ScriptedImporter) -> (Import Result ID: 'bd0e52c5f7842b211d3e8b60b37900d8') in 0.0230583 seconds [static and dynamic dependencies]. Details - ImportResultOutputID=0066c38820c42e3a473ef9c56ae59baf DependenciesID=c8ce34b1941937be1acebe87441550bd StaticDependenciesID=3c6e7af5cd6cfa6c69827f60f90e8567 
Number of updated asset objects reloaded before import = 0Number of asset objects unloaded after import = 1

========================================================================
Received Import Request.
  Time since last request: 0.000037 seconds.
  path: Assets/Downloaded/Footsteps - Essentials/Footsteps_Metal/Footsteps_Metal_Run/Footsteps_MetalV1_Run_06.wav
  importAddress: Guid(2c7ab9bda8ff6364ba31cc57a90a16d5) Importer(2089858483,b0f066a214c2f5e87bad3c948f4d605d)
Start importing Assets/Downloaded/Footsteps - Essentials/Footsteps_Metal/Footsteps_Metal_Run/Footsteps_MetalV1_Run_06.wav using Guid(2c7ab9bda8ff6364ba31cc57a90a16d5) Importer(2089858483,b0f066a214c2f5e87bad3c948f4d605d) (ScriptedImporter) -> (Import Result ID: 'f69f1c72509145fad1a8ed647082b628') in 0.0230302 seconds [static and dynamic dependencies]. Details - ImportResultOutputID=8bc0db17cbf3f0d4415fa6386a1c5217 DependenciesID=7eab2ee175e1273977f93686bfd52744 StaticDependenciesID=13d8d31ecab22a6e346a92c589343cdb 
Number of updated asset objects reloaded before import = 0Number of asset objects unloaded after import = 1

========================================================================
Received Import Request.
  Time since last request: 0.000026 seconds.
  path: Assets/Downloaded/Horror Atmosphere LITE/Ambience/Atmosphere And Chaos/Rising Tension and Matched loops/Rising_005e.wav
  importAddress: Guid(ae815540b0f82cc49ba88bf3b389e457) Importer(2089858483,b0f066a214c2f5e87bad3c948f4d605d)
Start importing Assets/Downloaded/Horror Atmosphere LITE/Ambience/Atmosphere And Chaos/Rising Tension and Matched loops/Rising_005e.wav using Guid(ae815540b0f82cc49ba88bf3b389e457) Importer(2089858483,b0f066a214c2f5e87bad3c948f4d605d) (ScriptedImporter) -> (Import Result ID: 'b4a600069a1238dd2538068ae205afb3') in 0.0652529 seconds [static and dynamic dependencies]. Details - ImportResultOutputID=fe348f7645f46a36ffe2894840e104eb DependenciesID=ba273565800423a2fca576c450c2e655 StaticDependenciesID=48b0255b9a4e0243bb2733c1592e1575 
Number of updated asset objects reloaded before import = 0Number of asset objects unloaded after import = 1

========================================================================
Received Import Request.
  Time since last request: 0.000033 seconds.
  path: Assets/Downloaded/Footsteps - Essentials/Footsteps_Mud/Footsteps_Mud_Walk/Footsteps_Mud_Walk_08.wav
  importAddress: Guid(6e6c9769d9509db4e8d892892f70aa11) Importer(2089858483,b0f066a214c2f5e87bad3c948f4d605d)
Start importing Assets/Downloaded/Footsteps - Essentials/Footsteps_Mud/Footsteps_Mud_Walk/Footsteps_Mud_Walk_08.wav using Guid(6e6c9769d9509db4e8d892892f70aa11) Importer(2089858483,b0f066a214c2f5e87bad3c948f4d605d) (ScriptedImporter) -> (Import Result ID: '5519c0257a1337a1e128501ff4082c08') in 0.0223786 seconds [static and dynamic dependencies]. Details - ImportResultOutputID=6c5826c5a389ced79bf8c69881b2a8e7 DependenciesID=c0f4e13cb44da841f9fea67670b75338 StaticDependenciesID=3612ee623988badaadf6bb8dc1e69472 
Number of updated asset objects reloaded before import = 0Number of asset objects unloaded after import = 1

========================================================================
Received Import Request.
  Time since last request: 0.000039 seconds.
  path: Assets/Downloaded/Footsteps - Essentials/Footsteps_Grass/Foley_Grass/Footsteps_Grass_Tall_Movement_09.wav
  importAddress: Guid(ed15a29e723b7214ea43525973cdb6bb) Importer(2089858483,b0f066a214c2f5e87bad3c948f4d605d)
Start importing Assets/Downloaded/Footsteps - Essentials/Footsteps_Grass/Foley_Grass/Footsteps_Grass_Tall_Movement_09.wav using Guid(ed15a29e723b7214ea43525973cdb6bb) Importer(2089858483,b0f066a214c2f5e87bad3c948f4d605d) (ScriptedImporter) -> (Import Result ID: '12c048b91c489173dd0e664c946ac566') in 0.0231398 seconds [static and dynamic dependencies]. Details - ImportResultOutputID=63f9c594258b63e79340494bed409e71 DependenciesID=47c991b26ae52739e214dc0c6be8abe0 StaticDependenciesID=061162580c8da92de522fc5be96663e8 
Number of updated asset objects reloaded before import = 0Number of asset objects unloaded after import = 1

========================================================================
Received Import Request.
  Time since last request: 0.000027 seconds.
  path: Assets/Downloaded/Horror Atmosphere LITE/Ambience/Ambience FX/Short_Rising-001.wav
  importAddress: Guid(7de92bc333c1afd4692c880602ce8674) Importer(2089858483,b0f066a214c2f5e87bad3c948f4d605d)
Start importing Assets/Downloaded/Horror Atmosphere LITE/Ambience/Ambience FX/Short_Rising-001.wav using Guid(7de92bc333c1afd4692c880602ce8674) Importer(2089858483,b0f066a214c2f5e87bad3c948f4d605d) (ScriptedImporter) -> (Import Result ID: '1b50a47df626126451770658a10eed53') in 0.0521019 seconds [static and dynamic dependencies]. Details - ImportResultOutputID=929b8ce4538f376c3911fb728c04050b DependenciesID=7d735c965fde47cd95e73ec1c3edb62a StaticDependenciesID=422919442695191bc512db181143546a 
Number of updated asset objects reloaded before import = 0Number of asset objects unloaded after import = 1

========================================================================
Received Import Request.
  Time since last request: 0.000032 seconds.
  path: Assets/Downloaded/Footsteps - Essentials/Footsteps_Snow/Footsteps_Snow_Walk/Footsteps_Snow_Walk_06.wav
  importAddress: Guid(3274935aa2ffdd543aea4fec89c08188) Importer(2089858483,b0f066a214c2f5e87bad3c948f4d605d)
Start importing Assets/Downloaded/Footsteps - Essentials/Footsteps_Snow/Footsteps_Snow_Walk/Footsteps_Snow_Walk_06.wav using Guid(3274935aa2ffdd543aea4fec89c08188) Importer(2089858483,b0f066a214c2f5e87bad3c948f4d605d) (ScriptedImporter) -> (Import Result ID: 'd3d5f9e60542929be62f7b981dd72c9b') in 0.0238966 seconds [static and dynamic dependencies]. Details - ImportResultOutputID=960dfc2b34ef782d29e6cc97ef00bad7 DependenciesID=5be3f4e252a2dee65d21745d11051e87 StaticDependenciesID=b5f260197a8f71007fa511a518ab0a6e 
Number of updated asset objects reloaded before import = 0Number of asset objects unloaded after import = 1

========================================================================
Received Import Request.
  Time since last request: 0.000048 seconds.
  path: Assets/Downloaded/Footsteps - Essentials/Footsteps_Sand/Footsteps_Sand_Run/Footsteps_Sand_Run_17.wav
  importAddress: Guid(64d4d5a88368ecf4e9d81d94341ac235) Importer(2089858483,b0f066a214c2f5e87bad3c948f4d605d)
Start importing Assets/Downloaded/Footsteps - Essentials/Footsteps_Sand/Footsteps_Sand_Run/Footsteps_Sand_Run_17.wav using Guid(64d4d5a88368ecf4e9d81d94341ac235) Importer(2089858483,b0f066a214c2f5e87bad3c948f4d605d) (ScriptedImporter) -> (Import Result ID: 'd3c7314e23edc7f7b1c14c6291ffdb92') in 0.0233263 seconds [static and dynamic dependencies]. Details - ImportResultOutputID=01a8ca34871910e25605c600a1450d14 DependenciesID=59b74e6195c791a2fd4aa94702013312 StaticDependenciesID=ccf4f7a5f63b340f83c93ab2c0579bb8 
Number of updated asset objects reloaded before import = 0Number of asset objects unloaded after import = 1

========================================================================
Received Import Request.
  Time since last request: 0.000025 seconds.
  path: Assets/Downloaded/Footsteps - Essentials/Footsteps_Mud/Footsteps_Mud_Walk/Footsteps_Mud_Walk_02.wav
  importAddress: Guid(59dcb693bbd385e49aa6fa7ffd2f0f9f) Importer(2089858483,b0f066a214c2f5e87bad3c948f4d605d)
Start importing Assets/Downloaded/Footsteps - Essentials/Footsteps_Mud/Footsteps_Mud_Walk/Footsteps_Mud_Walk_02.wav using Guid(59dcb693bbd385e49aa6fa7ffd2f0f9f) Importer(2089858483,b0f066a214c2f5e87bad3c948f4d605d) (ScriptedImporter) -> (Import Result ID: 'fd72d525f048c70cc558f77e807380df') in 0.0246176 seconds [static and dynamic dependencies]. Details - ImportResultOutputID=fd3d55f00bc0438c6ef574f6a4e188f9 DependenciesID=2366f1c742061938c87948cb157b9272 StaticDependenciesID=cd221aa19af2effc7dccf40562ca427d 
Number of updated asset objects reloaded before import = 0Number of asset objects unloaded after import = 1

========================================================================
Received Import Request.
  Time since last request: 0.000034 seconds.
  path: Assets/Downloaded/Footsteps - Essentials/Footsteps_Snow/Footsteps_Snow_Run/Footsteps_Snow_Hard_Run_03.wav
  importAddress: Guid(6d8cbeae1cc5dcb40bd1064681211059) Importer(2089858483,b0f066a214c2f5e87bad3c948f4d605d)
Start importing Assets/Downloaded/Footsteps - Essentials/Footsteps_Snow/Footsteps_Snow_Run/Footsteps_Snow_Hard_Run_03.wav using Guid(6d8cbeae1cc5dcb40bd1064681211059) Importer(2089858483,b0f066a214c2f5e87bad3c948f4d605d) (ScriptedImporter) -> (Import Result ID: '31ac8682d930296acb017bf42ec7a173') in 0.0227817 seconds [static and dynamic dependencies]. Details - ImportResultOutputID=a447eb85fbca66e1c2c53f1404a72724 DependenciesID=3a618239d138be62fb245ebfa919a6a1 StaticDependenciesID=d8cf2b31696c1a4403af92484cc8d025 
Number of updated asset objects reloaded before import = 0Number of asset objects unloaded after import = 1

========================================================================
Received Import Request.
  Time since last request: 0.000038 seconds.
  path: Assets/Downloaded/Footsteps - Essentials/Footsteps_Grass/Footsteps_Grass_Run/Footsteps_Grass_Run_07.wav
  importAddress: Guid(d3ea0567dbe95714eb0ca07f43a37a96) Importer(2089858483,b0f066a214c2f5e87bad3c948f4d605d)
Start importing Assets/Downloaded/Footsteps - Essentials/Footsteps_Grass/Footsteps_Grass_Run/Footsteps_Grass_Run_07.wav using Guid(d3ea0567dbe95714eb0ca07f43a37a96) Importer(2089858483,b0f066a214c2f5e87bad3c948f4d605d) (ScriptedImporter) -> (Import Result ID: 'be6882f5caf1012b7ac25692edfd550a') in 0.0212832 seconds [static and dynamic dependencies]. Details - ImportResultOutputID=da6098c0fb39ad21883b831eed51e3fd DependenciesID=49471a07bd7176b0f748a6c3a42fb3a2 StaticDependenciesID=89f4275737ed4102cdcdd5ea8983baca 
Number of updated asset objects reloaded before import = 0Number of asset objects unloaded after import = 1

========================================================================
Received Import Request.
  Time since last request: 0.000026 seconds.
  path: Assets/Downloaded/Footsteps - Essentials/Footsteps_Sand/Footsteps_Sand_Walk/Footsteps_Sand_Walk_01.wav
  importAddress: Guid(557e96b16076cb84285c90941906b44c) Importer(2089858483,b0f066a214c2f5e87bad3c948f4d605d)
Start importing Assets/Downloaded/Footsteps - Essentials/Footsteps_Sand/Footsteps_Sand_Walk/Footsteps_Sand_Walk_01.wav using Guid(557e96b16076cb84285c90941906b44c) Importer(2089858483,b0f066a214c2f5e87bad3c948f4d605d) (ScriptedImporter) -> (Import Result ID: '96d5b483d93b51507b7310b13784a7ef') in 0.0217712 seconds [static and dynamic dependencies]. Details - ImportResultOutputID=440687af8158028db4364d7af04bd303 DependenciesID=870b9db1eca3c268f106ed8d52f075b6 StaticDependenciesID=d194d70bf97beae49ec82f3f5357d99e 
Number of updated asset objects reloaded before import = 0Number of asset objects unloaded after import = 1

========================================================================
Received Import Request.
  Time since last request: 0.000023 seconds.
  path: Assets/Downloaded/Footsteps - Essentials/Footsteps_Wood/Footsteps_Wood_Walk/Footsteps_Wood_Walk_08.wav
  importAddress: Guid(eea9624d96ae191439615ca598fe01fa) Importer(2089858483,b0f066a214c2f5e87bad3c948f4d605d)
Start importing Assets/Downloaded/Footsteps - Essentials/Footsteps_Wood/Footsteps_Wood_Walk/Footsteps_Wood_Walk_08.wav using Guid(eea9624d96ae191439615ca598fe01fa) Importer(2089858483,b0f066a214c2f5e87bad3c948f4d605d) (ScriptedImporter) -> (Import Result ID: '88641997ed8370eded128f47235fa9c6') in 0.0233011 seconds [static and dynamic dependencies]. Details - ImportResultOutputID=39e16ec7ecbacdf0e6a11e6f4374c9bd DependenciesID=9451e5b0654d3b26f74f825acffbeb92 StaticDependenciesID=326c19477d25b720264cfb328bb0e1d1 
Number of updated asset objects reloaded before import = 0Number of asset objects unloaded after import = 1

========================================================================
Received Import Request.
  Time since last request: 0.000026 seconds.
  path: Assets/Downloaded/Footsteps - Essentials/Footsteps_Grass/Foley_Grass/Footsteps_Grass_Tall_Movement_02.wav
  importAddress: Guid(6608750bb84f23446a146d6a1529c03f) Importer(2089858483,b0f066a214c2f5e87bad3c948f4d605d)
Start importing Assets/Downloaded/Footsteps - Essentials/Footsteps_Grass/Foley_Grass/Footsteps_Grass_Tall_Movement_02.wav using Guid(6608750bb84f23446a146d6a1529c03f) Importer(2089858483,b0f066a214c2f5e87bad3c948f4d605d) (ScriptedImporter) -> (Import Result ID: '49d0009ba1595397a62ad1c053f4a4d2') in 0.0212278 seconds [static and dynamic dependencies]. Details - ImportResultOutputID=478ba4a611c374bea85703925e5ed203 DependenciesID=1ad7c6fbbcedc3ed4bc1bd8788183bf8 StaticDependenciesID=624de107d7a4660f7c85755b1d6c2049 
Number of updated asset objects reloaded before import = 0Number of asset objects unloaded after import = 1

========================================================================
Received Import Request.
  Time since last request: 0.000037 seconds.
  path: Assets/Downloaded/Footsteps - Essentials/Footsteps_Snow/Footsteps_Snow_Jump/Footsteps_Snow_Jump_Land_04.wav
  importAddress: Guid(1ff6a117a03dee04fbb869f5f41037a0) Importer(2089858483,b0f066a214c2f5e87bad3c948f4d605d)
Start importing Assets/Downloaded/Footsteps - Essentials/Footsteps_Snow/Footsteps_Snow_Jump/Footsteps_Snow_Jump_Land_04.wav using Guid(1ff6a117a03dee04fbb869f5f41037a0) Importer(2089858483,b0f066a214c2f5e87bad3c948f4d605d) (ScriptedImporter) -> (Import Result ID: 'ecccb81e3fb7a04ed24060f4ebfdc5bf') in 0.0205844 seconds [static and dynamic dependencies]. Details - ImportResultOutputID=971cb5b531544f4be5428a1ac9ac9b95 DependenciesID=26bf81f832a37363de266e044ed27281 StaticDependenciesID=22c72f02f8fc0e0ce0ee0a2928fccd53 
Number of updated asset objects reloaded before import = 0Number of asset objects unloaded after import = 1

========================================================================
Received Import Request.
  Time since last request: 0.000023 seconds.
  path: Assets/Downloaded/Footsteps - Essentials/Footsteps_Grass/Footsteps_Grass_Run/Footsteps_Grass_Run_09.wav
  importAddress: Guid(7a5ff4a806216b14ab9dba35a4fb258c) Importer(2089858483,b0f066a214c2f5e87bad3c948f4d605d)
Start importing Assets/Downloaded/Footsteps - Essentials/Footsteps_Grass/Footsteps_Grass_Run/Footsteps_Grass_Run_09.wav using Guid(7a5ff4a806216b14ab9dba35a4fb258c) Importer(2089858483,b0f066a214c2f5e87bad3c948f4d605d) (ScriptedImporter) -> (Import Result ID: '6642eee86800d6384359063a411830ef') in 0.0204601 seconds [static and dynamic dependencies]. Details - ImportResultOutputID=95059f4b75dffa163ca86cf9144ef50d DependenciesID=250d9e7b2aa46dea3ea62fe5f50c63e0 StaticDependenciesID=b9b63888bb5ae05ff4358bb5212c539c 
Number of updated asset objects reloaded before import = 0Number of asset objects unloaded after import = 1

========================================================================
Received Import Request.
  Time since last request: 0.000024 seconds.
  path: Assets/Downloaded/Footsteps - Essentials/Footsteps_Rock/Footsteps_Rock_Run/Footsteps_Rock_Run_04.wav
  importAddress: Guid(fba95cafa5bba8649a7d269656e7317b) Importer(2089858483,b0f066a214c2f5e87bad3c948f4d605d)
Start importing Assets/Downloaded/Footsteps - Essentials/Footsteps_Rock/Footsteps_Rock_Run/Footsteps_Rock_Run_04.wav using Guid(fba95cafa5bba8649a7d269656e7317b) Importer(2089858483,b0f066a214c2f5e87bad3c948f4d605d) (ScriptedImporter) -> (Import Result ID: '243773f04b4f3ec8d77b3d7ee464faad') in 0.0194221 seconds [static and dynamic dependencies]. Details - ImportResultOutputID=5db5cdad4f055f64c7e06944367775ed DependenciesID=d0a9cca850e3b256b656e50f2b12c271 StaticDependenciesID=e16c791c31bdbd4c48e3f488e07d82ea 
Number of updated asset objects reloaded before import = 0Number of asset objects unloaded after import = 1

========================================================================
Received Import Request.
  Time since last request: 0.000024 seconds.
  path: Assets/Downloaded/Footsteps - Essentials/Footsteps_Water/Footsteps_Water_Jump
  importAddress: Guid(91947ab8911b70e4a8017566ec9a9e09) Importer(2089858483,b0f066a214c2f5e87bad3c948f4d605d)
Start importing Assets/Downloaded/Footsteps - Essentials/Footsteps_Water/Footsteps_Water_Jump using Guid(91947ab8911b70e4a8017566ec9a9e09) Importer(2089858483,b0f066a214c2f5e87bad3c948f4d605d) (ScriptedImporter) -> (Import Result ID: '8f00dd27e222f9ea987a26438a7da363') in 0.0160806 seconds [static and dynamic dependencies]. Details - ImportResultOutputID=dce1f39fd017f6a2db07e29815fb9b03 DependenciesID=56ae75b43732227f044f20014f62dd1c StaticDependenciesID=ecea147fa87b6cb3134cbc72ad0e7dde 
Number of updated asset objects reloaded before import = 0Number of asset objects unloaded after import = 1

========================================================================
Received Import Request.
  Time since last request: 0.000035 seconds.
  path: Assets/Downloaded/Footsteps - Essentials/Footsteps_Metal/Footsteps_Metal_Jump/Footsteps_MetalV1_Jump_Start_01.wav
  importAddress: Guid(df49938a1860650418b6d5654ed436be) Importer(2089858483,b0f066a214c2f5e87bad3c948f4d605d)
Start importing Assets/Downloaded/Footsteps - Essentials/Footsteps_Metal/Footsteps_Metal_Jump/Footsteps_MetalV1_Jump_Start_01.wav using Guid(df49938a1860650418b6d5654ed436be) Importer(2089858483,b0f066a214c2f5e87bad3c948f4d605d) (ScriptedImporter) -> (Import Result ID: 'd14bb86590d8f78d2a271d15ee7494e6') in 0.019244 seconds [static and dynamic dependencies]. Details - ImportResultOutputID=22cf066c7b6b28cf80f1a667acff2089 DependenciesID=da9f5a47d98b0191836d1dda6046ac55 StaticDependenciesID=0acf1d2fb08dc3c5658b7da68dff5639 
Number of updated asset objects reloaded before import = 0Number of asset objects unloaded after import = 1

========================================================================
Received Import Request.
  Time since last request: 0.000023 seconds.
  path: Assets/Downloaded/Footsteps - Essentials/Footsteps_Leaves/Footsteps_Leaves_Run/Footsteps_Leaves_Run_03.wav
  importAddress: Guid(5e1dbdb3454a3244d88f4178f8a08a08) Importer(2089858483,b0f066a214c2f5e87bad3c948f4d605d)
Start importing Assets/Downloaded/Footsteps - Essentials/Footsteps_Leaves/Footsteps_Leaves_Run/Footsteps_Leaves_Run_03.wav using Guid(5e1dbdb3454a3244d88f4178f8a08a08) Importer(2089858483,b0f066a214c2f5e87bad3c948f4d605d) (ScriptedImporter) -> (Import Result ID: '7d787cb285b383e06a26487815a65ce9') in 0.0223893 seconds [static and dynamic dependencies]. Details - ImportResultOutputID=596617c2db68ad56709501a735773566 DependenciesID=161db2ea056c2b49b537c45b5a054a1d StaticDependenciesID=21829e6114b14ae86ab5b86c9d5c80b2 
Number of updated asset objects reloaded before import = 0Number of asset objects unloaded after import = 1

========================================================================
Received Import Request.
  Time since last request: 0.000019 seconds.
  path: Assets/Downloaded/Horror Atmosphere LITE/Ambience/Atmosphere And Chaos/Atmosphere_001(Beginning).wav
  importAddress: Guid(ffb2799cc67698c41b89cfae5fc2ac28) Importer(2089858483,b0f066a214c2f5e87bad3c948f4d605d)
Start importing Assets/Downloaded/Horror Atmosphere LITE/Ambience/Atmosphere And Chaos/Atmosphere_001(Beginning).wav using Guid(ffb2799cc67698c41b89cfae5fc2ac28) Importer(2089858483,b0f066a214c2f5e87bad3c948f4d605d) (ScriptedImporter) -> (Import Result ID: '46afe08f3438e9e2c32309f2187593bb') in 0.0953395 seconds [static and dynamic dependencies]. Details - ImportResultOutputID=905648ef11b0808625dd9938c0f759ee DependenciesID=5f45836a1c434809e2c37e7c9adb22aa StaticDependenciesID=0fd1d7fb535ea309f9178c83404ac478 
Number of updated asset objects reloaded before import = 0Number of asset objects unloaded after import = 1

========================================================================
Received Import Request.
  Time since last request: 0.000027 seconds.
  path: Assets/Downloaded/Horror Atmosphere LITE/Ambience/Atmosphere And Chaos/Chaos_006(Loop).wav
  importAddress: Guid(b9dcb6af2ba767b4388104893ee2da1e) Importer(2089858483,b0f066a214c2f5e87bad3c948f4d605d)
Start importing Assets/Downloaded/Horror Atmosphere LITE/Ambience/Atmosphere And Chaos/Chaos_006(Loop).wav using Guid(b9dcb6af2ba767b4388104893ee2da1e) Importer(2089858483,b0f066a214c2f5e87bad3c948f4d605d) (ScriptedImporter) -> (Import Result ID: 'b37ff493ef078d3ca116fe6dbea40d7b') in 0.1398284 seconds [static and dynamic dependencies]. Details - ImportResultOutputID=de4bf94c79196f47970892d0af7205df DependenciesID=c0315bf392a04c9d044582d8de3a2436 StaticDependenciesID=76024f7f8dca5436d9eb2ebdd97de397 
Number of updated asset objects reloaded before import = 0Number of asset objects unloaded after import = 1

========================================================================
Received Import Request.
  Time since last request: 0.000048 seconds.
  path: Assets/Downloaded/Footsteps - Essentials/Footsteps_Gravel/Footsteps_Gravel_Walk/Footsteps_Gravel_Walk_06.wav
  importAddress: Guid(2e14b3cc9c6906b42885675f3572d4b3) Importer(2089858483,b0f066a214c2f5e87bad3c948f4d605d)
Start importing Assets/Downloaded/Footsteps - Essentials/Footsteps_Gravel/Footsteps_Gravel_Walk/Footsteps_Gravel_Walk_06.wav using Guid(2e14b3cc9c6906b42885675f3572d4b3) Importer(2089858483,b0f066a214c2f5e87bad3c948f4d605d) (ScriptedImporter) -> (Import Result ID: '22eab7fe3de455a63ceb08ffb325f921') in 0.0223984 seconds [static and dynamic dependencies]. Details - ImportResultOutputID=25c04c52517c2c83c310f67c9082d333 DependenciesID=239656ecfd09efeb4e87e2561d81adb9 StaticDependenciesID=f2f07a882669db7a291c8fa0af44252e 
Number of updated asset objects reloaded before import = 0Number of asset objects unloaded after import = 1

========================================================================
Received Import Request.
  Time since last request: 0.000029 seconds.
  path: Assets/Downloaded/Horror Atmosphere LITE/Ambience/Ambience FX/Short_Rising-002.wav
  importAddress: Guid(9c492cb90e349fb48a9581915e29bd90) Importer(2089858483,b0f066a214c2f5e87bad3c948f4d605d)
Start importing Assets/Downloaded/Horror Atmosphere LITE/Ambience/Ambience FX/Short_Rising-002.wav using Guid(9c492cb90e349fb48a9581915e29bd90) Importer(2089858483,b0f066a214c2f5e87bad3c948f4d605d) (ScriptedImporter) -> (Import Result ID: '18fe05a489f55ffb2773702990f3f2b6') in 0.0435505 seconds [static and dynamic dependencies]. Details - ImportResultOutputID=deede1b8db8b7cd3c84f63026efa57d6 DependenciesID=0bb3a2c45a99703545d10a0701dd0ecb StaticDependenciesID=5b2486f3697e5d932c11b7c6f591e487 
Number of updated asset objects reloaded before import = 0Number of asset objects unloaded after import = 1

========================================================================
Received Import Request.
  Time since last request: 0.000032 seconds.
  path: Assets/Downloaded/Footsteps - Essentials/Footsteps_Snow/Footsteps_Snow_Run/Footsteps_Snow_Run_02.wav
  importAddress: Guid(4c784f2380314b24a822b2dd4fe062ab) Importer(2089858483,b0f066a214c2f5e87bad3c948f4d605d)
Start importing Assets/Downloaded/Footsteps - Essentials/Footsteps_Snow/Footsteps_Snow_Run/Footsteps_Snow_Run_02.wav using Guid(4c784f2380314b24a822b2dd4fe062ab) Importer(2089858483,b0f066a214c2f5e87bad3c948f4d605d) (ScriptedImporter) -> (Import Result ID: '43c363161a9d2c516d7cf009d04ad27e') in 0.0222478 seconds [static and dynamic dependencies]. Details - ImportResultOutputID=18d53d7d714e306e6b6f3db1614961c6 DependenciesID=f0df9ada9540cc8dbd54aaf019676ebd StaticDependenciesID=f546c6094e83b3e813b93f402bde4946 
Number of updated asset objects reloaded before import = 0Number of asset objects unloaded after import = 1

========================================================================
Received Import Request.
  Time since last request: 0.000036 seconds.
  path: Assets/Downloaded/Footsteps - Essentials/Footsteps_Snow/Footsteps_Snow_Jump
  importAddress: Guid(2781774cac0f46846be53daaa4d04f09) Importer(2089858483,b0f066a214c2f5e87bad3c948f4d605d)
Start importing Assets/Downloaded/Footsteps - Essentials/Footsteps_Snow/Footsteps_Snow_Jump using Guid(2781774cac0f46846be53daaa4d04f09) Importer(2089858483,b0f066a214c2f5e87bad3c948f4d605d) (ScriptedImporter) -> (Import Result ID: '8c1a92e0a76bdb079f6b37bc1ec9206a') in 0.0162623 seconds [static and dynamic dependencies]. Details - ImportResultOutputID=6edc1981bf4e059b644d106bc692cd6f DependenciesID=aed7e0d98a398fbdb9e073ae1af8b6ec StaticDependenciesID=b502499c1f0701e1ca58bd85c2fe82b8 
Number of updated asset objects reloaded before import = 0Number of asset objects unloaded after import = 1

========================================================================
Received Import Request.
  Time since last request: 0.000023 seconds.
  path: Assets/Downloaded/Footsteps - Essentials/Footsteps_DirtyGround/Footsteps_DirtyGround_Run/Footsteps_DirtyGround_Run_08.wav
  importAddress: Guid(6da235e2573048249bcbe608f984ff48) Importer(2089858483,b0f066a214c2f5e87bad3c948f4d605d)
Start importing Assets/Downloaded/Footsteps - Essentials/Footsteps_DirtyGround/Footsteps_DirtyGround_Run/Footsteps_DirtyGround_Run_08.wav using Guid(6da235e2573048249bcbe608f984ff48) Importer(2089858483,b0f066a214c2f5e87bad3c948f4d605d) (ScriptedImporter) -> (Import Result ID: 'f3589e6160b0285f574bdc619e56cfaa') in 0.023576 seconds [static and dynamic dependencies]. Details - ImportResultOutputID=01a3a6a22eaff0942da0ef271749e54e DependenciesID=696d76e55d31e335f953185a059d0e00 StaticDependenciesID=f6a05e8c68d2083154c48f2d42f3c3f7 
Number of updated asset objects reloaded before import = 0Number of asset objects unloaded after import = 1

========================================================================
Received Import Request.
  Time since last request: 0.000026 seconds.
  path: Assets/Downloaded/Footsteps - Essentials/Footsteps_Metal/Footsteps_Metal_Jump/Footsteps_MetalV1_Jump_Land_03.wav
  importAddress: Guid(7e629da20f6fdee418e5e60ba9efc23c) Importer(2089858483,b0f066a214c2f5e87bad3c948f4d605d)
Start importing Assets/Downloaded/Footsteps - Essentials/Footsteps_Metal/Footsteps_Metal_Jump/Footsteps_MetalV1_Jump_Land_03.wav using Guid(7e629da20f6fdee418e5e60ba9efc23c) Importer(2089858483,b0f066a214c2f5e87bad3c948f4d605d) (ScriptedImporter) -> (Import Result ID: '9eda87eb5c98b1ffa951923d43beb3a8') in 0.0229092 seconds [static and dynamic dependencies]. Details - ImportResultOutputID=b5e9b827ccc82b56bf85df201dd3a76c DependenciesID=db80558c513812a9b98bb5f87bbdedf9 StaticDependenciesID=be107c5705cfaba560123f49cdefe27a 
Number of updated asset objects reloaded before import = 0Number of asset objects unloaded after import = 1

========================================================================
Received Import Request.
  Time since last request: 0.000024 seconds.
  path: Assets/Downloaded/Footsteps - Essentials/Footsteps_Mud/Footsteps_Mud_Jump
  importAddress: Guid(d2246bc17e63fe741a393377a91dd5f9) Importer(2089858483,b0f066a214c2f5e87bad3c948f4d605d)
Start importing Assets/Downloaded/Footsteps - Essentials/Footsteps_Mud/Footsteps_Mud_Jump using Guid(d2246bc17e63fe741a393377a91dd5f9) Importer(2089858483,b0f066a214c2f5e87bad3c948f4d605d) (ScriptedImporter) -> (Import Result ID: '4dd8e973f68a75674305ff98b563d9c9') in 0.0175825 seconds [static and dynamic dependencies]. Details - ImportResultOutputID=d2dd3697aafab907a5698cb226f2788c DependenciesID=d7748189865e7a540efc2abf5b97f042 StaticDependenciesID=5a61057b1d1680603fca859323eb1240 
Number of updated asset objects reloaded before import = 0Number of asset objects unloaded after import = 1

========================================================================
Received Import Request.
  Time since last request: 0.000036 seconds.
  path: Assets/Downloaded/Horror Atmosphere LITE/BONUS/GUI/Glass_Click01.wav
  importAddress: Guid(c5dfda905c9326b46b6723e5e0004676) Importer(2089858483,b0f066a214c2f5e87bad3c948f4d605d)
Start importing Assets/Downloaded/Horror Atmosphere LITE/BONUS/GUI/Glass_Click01.wav using Guid(c5dfda905c9326b46b6723e5e0004676) Importer(2089858483,b0f066a214c2f5e87bad3c948f4d605d) (ScriptedImporter) -> (Import Result ID: '6337c4c777b11b56afdd8294bbe7ea9d') in 0.0231889 seconds [static and dynamic dependencies]. Details - ImportResultOutputID=e019f794e00c43f969d619c7fa3b4d50 DependenciesID=79a46568e8825c7b54e2f77185544f4c StaticDependenciesID=51d25937d9553a180c06678a7089b509 
Number of updated asset objects reloaded before import = 0Number of asset objects unloaded after import = 1

========================================================================
Received Import Request.
  Time since last request: 0.000026 seconds.
  path: Assets/Downloaded/Horror Atmosphere LITE/Ambience/Atmosphere And Chaos
  importAddress: Guid(ff89f3fe898b46540977f5d2352cd3e6) Importer(2089858483,b0f066a214c2f5e87bad3c948f4d605d)
Start importing Assets/Downloaded/Horror Atmosphere LITE/Ambience/Atmosphere And Chaos using Guid(ff89f3fe898b46540977f5d2352cd3e6) Importer(2089858483,b0f066a214c2f5e87bad3c948f4d605d) (ScriptedImporter) -> (Import Result ID: 'e35f7a38c534a914e0140efd05469ec7') in 0.0152499 seconds [static and dynamic dependencies]. Details - ImportResultOutputID=0faac47a6c19b97b12a799eaf78a9796 DependenciesID=b64e6dd146e18161e699588c9686861d StaticDependenciesID=4754544b6914c6d37565ffcd00ead2e7 
Number of updated asset objects reloaded before import = 0Number of asset objects unloaded after import = 1

========================================================================
Received Import Request.
  Time since last request: 0.000021 seconds.
  path: Assets/Downloaded/Horror Atmosphere LITE/Ambience/Ambience FX/Short_Rising-010.wav
  importAddress: Guid(419a7fe77c7c1be4992345a7596813a3) Importer(2089858483,b0f066a214c2f5e87bad3c948f4d605d)
Start importing Assets/Downloaded/Horror Atmosphere LITE/Ambience/Ambience FX/Short_Rising-010.wav using Guid(419a7fe77c7c1be4992345a7596813a3) Importer(2089858483,b0f066a214c2f5e87bad3c948f4d605d) (ScriptedImporter) -> (Import Result ID: 'e3acd7aac879284f2660d380efc56773') in 0.0342768 seconds [static and dynamic dependencies]. Details - ImportResultOutputID=abe666fe3ba579d29b505657166f2ed2 DependenciesID=781552da8282b4207d97d71287db37a8 StaticDependenciesID=e66eb4a86b5760008ea7385d808196fb 
Number of updated asset objects reloaded before import = 0Number of asset objects unloaded after import = 1

========================================================================
Received Import Request.
  Time since last request: 0.000025 seconds.
  path: Assets/Downloaded/Footsteps - Essentials/Footsteps_Snow/Footsteps_Snow_Jump/Footsteps_Snow_Hard_Jump_Start_01.wav
  importAddress: Guid(98c4e3843c58f504997fa8ff4ac446a0) Importer(2089858483,b0f066a214c2f5e87bad3c948f4d605d)
Start importing Assets/Downloaded/Footsteps - Essentials/Footsteps_Snow/Footsteps_Snow_Jump/Footsteps_Snow_Hard_Jump_Start_01.wav using Guid(98c4e3843c58f504997fa8ff4ac446a0) Importer(2089858483,b0f066a214c2f5e87bad3c948f4d605d) (ScriptedImporter) -> (Import Result ID: '7d07743f2f92291f1d1893517c6a7997') in 0.01947 seconds [static and dynamic dependencies]. Details - ImportResultOutputID=de9c5fd9a2a110d5bd99bd28af760196 DependenciesID=fbb90a5051cbf6a15e1edc33de6ac2a4 StaticDependenciesID=18ef794ce492b5916b4ae3714acf9fc3 
Number of updated asset objects reloaded before import = 0Number of asset objects unloaded after import = 1

========================================================================
Received Import Request.
  Time since last request: 0.000045 seconds.
  path: Assets/Downloaded/Footsteps - Essentials/Footsteps_Snow/Footsteps_Snow_Run/Footsteps_Snow_Hard_Run_06.wav
  importAddress: Guid(b96ae5c1b4d420f4d97df12df2b04c3b) Importer(2089858483,b0f066a214c2f5e87bad3c948f4d605d)
Start importing Assets/Downloaded/Footsteps - Essentials/Footsteps_Snow/Footsteps_Snow_Run/Footsteps_Snow_Hard_Run_06.wav using Guid(b96ae5c1b4d420f4d97df12df2b04c3b) Importer(2089858483,b0f066a214c2f5e87bad3c948f4d605d) (ScriptedImporter) -> (Import Result ID: '615e8c6d2462c3eb1e8e1a00112151e0') in 0.0213596 seconds [static and dynamic dependencies]. Details - ImportResultOutputID=22ede017c1068bad38ba1f652933805d DependenciesID=c0bb45104c11e933443dcbe3448c9219 StaticDependenciesID=463869aeadd1fbfff2fefea04c67c349 
Number of updated asset objects reloaded before import = 0Number of asset objects unloaded after import = 1

========================================================================
Received Import Request.
  Time since last request: 0.000021 seconds.
  path: Assets/Downloaded/Horror Atmosphere LITE/Ambience/Ambience FX/Short_Cue_008.wav
  importAddress: Guid(c0196631ab34f1d4e86805fd4d010a82) Importer(2089858483,b0f066a214c2f5e87bad3c948f4d605d)
Start importing Assets/Downloaded/Horror Atmosphere LITE/Ambience/Ambience FX/Short_Cue_008.wav using Guid(c0196631ab34f1d4e86805fd4d010a82) Importer(2089858483,b0f066a214c2f5e87bad3c948f4d605d) (ScriptedImporter) -> (Import Result ID: '76b8cccde38f3f4000a5f6b19935ebc0') in 0.0420407 seconds [static and dynamic dependencies]. Details - ImportResultOutputID=5deff90d4bbe7790dbf7f59737f3d968 DependenciesID=20eeb3a3b2abb8fe2ec8e3b3873dc537 StaticDependenciesID=abf0bf156a453542e0210b697bd7076d 
Number of updated asset objects reloaded before import = 0Number of asset objects unloaded after import = 1

========================================================================
Received Import Request.
  Time since last request: 0.000022 seconds.
  path: Assets/Downloaded/Footsteps - Essentials/Footsteps_Mud/Footsteps_Mud_Run/Footsteps_Mud_Run_07.wav
  importAddress: Guid(374c71596ed63e44ca7a07f15ed1ccd7) Importer(2089858483,b0f066a214c2f5e87bad3c948f4d605d)
Start importing Assets/Downloaded/Footsteps - Essentials/Footsteps_Mud/Footsteps_Mud_Run/Footsteps_Mud_Run_07.wav using Guid(374c71596ed63e44ca7a07f15ed1ccd7) Importer(2089858483,b0f066a214c2f5e87bad3c948f4d605d) (ScriptedImporter) -> (Import Result ID: '51bb8adaf886840605d313ae1baed4cf') in 0.0221113 seconds [static and dynamic dependencies]. Details - ImportResultOutputID=3f62e735b9375b77406edf4e00ee0c34 DependenciesID=daf9fe61b36cd1344e5a63695db0b2a0 StaticDependenciesID=12a9e5f295a31a5693b1568eb4ed10cc 
Number of updated asset objects reloaded before import = 0Number of asset objects unloaded after import = 1

========================================================================
Received Import Request.
  Time since last request: 0.000026 seconds.
  path: Assets/Downloaded/Footsteps - Essentials/Footsteps_Water/Footsteps_Water_Walk/Footsteps_WaterV1_Walk_03.wav
  importAddress: Guid(6755e20b5c79018438c8aed7439dcfed) Importer(2089858483,b0f066a214c2f5e87bad3c948f4d605d)
Start importing Assets/Downloaded/Footsteps - Essentials/Footsteps_Water/Footsteps_Water_Walk/Footsteps_WaterV1_Walk_03.wav using Guid(6755e20b5c79018438c8aed7439dcfed) Importer(2089858483,b0f066a214c2f5e87bad3c948f4d605d) (ScriptedImporter) -> (Import Result ID: '92ac73d73cf29a3384c03b96fa3b82ba') in 0.0239809 seconds [static and dynamic dependencies]. Details - ImportResultOutputID=9efb42cb2943de2b6bd202f7867e8267 DependenciesID=aacfdd3762849e3b56d03aed0b1a7318 StaticDependenciesID=ba4f3464bd7913906f23bc3b3f183a50 
Number of updated asset objects reloaded before import = 0Number of asset objects unloaded after import = 1

========================================================================
Received Import Request.
  Time since last request: 0.000053 seconds.
  path: Assets/Downloaded/Horror Atmosphere LITE/Ambience
  importAddress: Guid(bfb5e536fa386124a947246269a9422c) Importer(2089858483,b0f066a214c2f5e87bad3c948f4d605d)
Start importing Assets/Downloaded/Horror Atmosphere LITE/Ambience using Guid(bfb5e536fa386124a947246269a9422c) Importer(2089858483,b0f066a214c2f5e87bad3c948f4d605d) (ScriptedImporter) -> (Import Result ID: '4c7572184c6106719e56085e271fdfc9') in 0.017495 seconds [static and dynamic dependencies]. Details - ImportResultOutputID=cac06c1a2e803c5815ddec75e08fd23e DependenciesID=8d2690703f5b0a63988473906030a2ad StaticDependenciesID=220e760727f9a8b9906c2e7e589db5a5 
Number of updated asset objects reloaded before import = 0Number of asset objects unloaded after import = 1

========================================================================
Received Import Request.
  Time since last request: 0.000022 seconds.
  path: Assets/Downloaded/Horror Atmosphere LITE/Ambience/Atmosphere And Chaos/Rising and Falling Atmospheres/Atmosphere_Rising_Loop_01.wav
  importAddress: Guid(37fa3dac4083f6d48b8959fe11d12f85) Importer(2089858483,b0f066a214c2f5e87bad3c948f4d605d)
Start importing Assets/Downloaded/Horror Atmosphere LITE/Ambience/Atmosphere And Chaos/Rising and Falling Atmospheres/Atmosphere_Rising_Loop_01.wav using Guid(37fa3dac4083f6d48b8959fe11d12f85) Importer(2089858483,b0f066a214c2f5e87bad3c948f4d605d) (ScriptedImporter) -> (Import Result ID: 'aa67f94a74584de62bde9bfe638ccfbb') in 0.2611689 seconds [static and dynamic dependencies]. Details - ImportResultOutputID=577d3eae5ec1feeda6405f6688518a4c DependenciesID=a710b96f765c072fb6f840edfa2bf4ab StaticDependenciesID=03831296f92521adf92694ec8fcee368 
Number of updated asset objects reloaded before import = 0Number of asset objects unloaded after import = 1

========================================================================
Received Import Request.
  Time since last request: 0.000024 seconds.
  path: Assets/Downloaded/Footsteps - Essentials/Footsteps_Grass/Footsteps_Grass_Run/Footsteps_Grass_Run_14.wav
  importAddress: Guid(b04914b5801123b4dafba88cbcb5bc74) Importer(2089858483,b0f066a214c2f5e87bad3c948f4d605d)
Start importing Assets/Downloaded/Footsteps - Essentials/Footsteps_Grass/Footsteps_Grass_Run/Footsteps_Grass_Run_14.wav using Guid(b04914b5801123b4dafba88cbcb5bc74) Importer(2089858483,b0f066a214c2f5e87bad3c948f4d605d) (ScriptedImporter) -> (Import Result ID: 'a5586ce2cb694643cf595be3e2ae08d6') in 0.0202555 seconds [static and dynamic dependencies]. Details - ImportResultOutputID=f9143cf37c7541237cde300ca610819f DependenciesID=f8c3cce97135d16c396ad4c8369cd331 StaticDependenciesID=8dd3463203e2a7977ece441dc522e773 
Number of updated asset objects reloaded before import = 0Number of asset objects unloaded after import = 1

========================================================================
Received Import Request.
  Time since last request: 0.000037 seconds.
  path: Assets/Downloaded/Footsteps - Essentials/Footsteps_Gravel/Footsteps_Gravel_Walk/Footsteps_Gravel_Walk_04.wav
  importAddress: Guid(9f96c8d3fef6ab440bdc9bd4ad3d08fe) Importer(2089858483,b0f066a214c2f5e87bad3c948f4d605d)
Start importing Assets/Downloaded/Footsteps - Essentials/Footsteps_Gravel/Footsteps_Gravel_Walk/Footsteps_Gravel_Walk_04.wav using Guid(9f96c8d3fef6ab440bdc9bd4ad3d08fe) Importer(2089858483,b0f066a214c2f5e87bad3c948f4d605d) (ScriptedImporter) -> (Import Result ID: '95fbee0cbc012d279ea1b6ff932a7d09') in 0.0215435 seconds [static and dynamic dependencies]. Details - ImportResultOutputID=ccfcca8a261203802167e2a7ff3b19fc DependenciesID=4760db620247d4b4458a756b0c86940d StaticDependenciesID=949efe5a94a2f5f9d903708bb1fb0be8 
Number of updated asset objects reloaded before import = 0Number of asset objects unloaded after import = 1

========================================================================
Received Import Request.
  Time since last request: 0.000024 seconds.
  path: Assets/Downloaded/Footsteps - Essentials/Footsteps_Snow/Footsteps_Snow_Jump/Footsteps_Snow_Jump_Land_03.wav
  importAddress: Guid(5039e24f35fce8b4ea426f1543234bba) Importer(2089858483,b0f066a214c2f5e87bad3c948f4d605d)
Start importing Assets/Downloaded/Footsteps - Essentials/Footsteps_Snow/Footsteps_Snow_Jump/Footsteps_Snow_Jump_Land_03.wav using Guid(5039e24f35fce8b4ea426f1543234bba) Importer(2089858483,b0f066a214c2f5e87bad3c948f4d605d) (ScriptedImporter) -> (Import Result ID: '432aada4c2af116e57d7cadcf24f3922') in 0.0199803 seconds [static and dynamic dependencies]. Details - ImportResultOutputID=362fe34483371bdeef661c8590929154 DependenciesID=aadab1aeb0e77b3324b13ace259fd5dc StaticDependenciesID=99a09fe68a241067bc4e639577ccee50 
Number of updated asset objects reloaded before import = 0Number of asset objects unloaded after import = 1

========================================================================
Received Import Request.
  Time since last request: 0.000020 seconds.
  path: Assets/Downloaded/Footsteps - Essentials/Footsteps_Grass/Footsteps_Grass_Jump/Footsteps_Grass_Jump_Land_05.wav
  importAddress: Guid(09226248e570c904a900ec2ecb767a68) Importer(2089858483,b0f066a214c2f5e87bad3c948f4d605d)
Start importing Assets/Downloaded/Footsteps - Essentials/Footsteps_Grass/Footsteps_Grass_Jump/Footsteps_Grass_Jump_Land_05.wav using Guid(09226248e570c904a900ec2ecb767a68) Importer(2089858483,b0f066a214c2f5e87bad3c948f4d605d) (ScriptedImporter) -> (Import Result ID: '043ecb428dd54e8c3205c41ef582a6e5') in 0.0196275 seconds [static and dynamic dependencies]. Details - ImportResultOutputID=1025721991e81772756e714ac4dddb1c DependenciesID=bc67f779ae9fa0bcf6f31f4b55f7915d StaticDependenciesID=386f224b2f594da865c144990025d671 
Number of updated asset objects reloaded before import = 0Number of asset objects unloaded after import = 1

========================================================================
Received Import Request.
  Time since last request: 0.000027 seconds.
  path: Assets/Downloaded/Horror Atmosphere LITE/BONUS/GUI/Glass_Click02.wav
  importAddress: Guid(15095d2ef11d2ac43b9ab540945eb4c0) Importer(2089858483,b0f066a214c2f5e87bad3c948f4d605d)
Start importing Assets/Downloaded/Horror Atmosphere LITE/BONUS/GUI/Glass_Click02.wav using Guid(15095d2ef11d2ac43b9ab540945eb4c0) Importer(2089858483,b0f066a214c2f5e87bad3c948f4d605d) (ScriptedImporter) -> (Import Result ID: '9afacbc742e6498abbb9d6997d9b2d84') in 0.0211511 seconds [static and dynamic dependencies]. Details - ImportResultOutputID=5a3ed32b2aa8963430f9c7e8996c0390 DependenciesID=e6f001e5d86e1bb51f7904e42b42ccfd StaticDependenciesID=a1e38ac8fde15f06c9e72fca0c9e69c6 
Number of updated asset objects reloaded before import = 0Number of asset objects unloaded after import = 1

========================================================================
Received Import Request.
  Time since last request: 0.000036 seconds.
  path: Assets/Downloaded/Footsteps - Essentials/Footsteps_Leaves/Footsteps_Leaves_Walk/Footsteps_Leaves_Walk_02.wav
  importAddress: Guid(c758d50866c38364395e6497487c1af3) Importer(2089858483,b0f066a214c2f5e87bad3c948f4d605d)
Start importing Assets/Downloaded/Footsteps - Essentials/Footsteps_Leaves/Footsteps_Leaves_Walk/Footsteps_Leaves_Walk_02.wav using Guid(c758d50866c38364395e6497487c1af3) Importer(2089858483,b0f066a214c2f5e87bad3c948f4d605d) (ScriptedImporter) -> (Import Result ID: 'a1c6a296fae4d13f1c7f71cb6a18e48e') in 0.0205772 seconds [static and dynamic dependencies]. Details - ImportResultOutputID=a3c790d588aa0cf355b1212f390051f0 DependenciesID=1f711feec7c9de9170181a90462a005c StaticDependenciesID=2fe941561ffc693b65406163abbe1248 
Number of updated asset objects reloaded before import = 0Number of asset objects unloaded after import = 1

========================================================================
Received Import Request.
  Time since last request: 0.000021 seconds.
  path: Assets/Downloaded/Footsteps - Essentials/Footsteps_Grass/Footsteps_Grass_Walk/Footsteps_Walk_Grass_Mono_20.wav
  importAddress: Guid(3ba5fb80a58d03741b65a691dc434897) Importer(2089858483,b0f066a214c2f5e87bad3c948f4d605d)
Start importing Assets/Downloaded/Footsteps - Essentials/Footsteps_Grass/Footsteps_Grass_Walk/Footsteps_Walk_Grass_Mono_20.wav using Guid(3ba5fb80a58d03741b65a691dc434897) Importer(2089858483,b0f066a214c2f5e87bad3c948f4d605d) (ScriptedImporter) -> (Import Result ID: '86632c0dcb74e3976162b0af4d391d83') in 0.0210372 seconds [static and dynamic dependencies]. Details - ImportResultOutputID=836fa7c5a60ad356df7801ca2dc9b09d DependenciesID=41ea1ad953e974098f943b01429c55e1 StaticDependenciesID=dcc4d6dcb1cebf3deea2e01f759918de 
Number of updated asset objects reloaded before import = 0Number of asset objects unloaded after import = 1

========================================================================
Received Import Request.
  Time since last request: 0.000027 seconds.
  path: Assets/Downloaded/Footsteps - Essentials/Footsteps_Mud/Footsteps_Mud_Run/Footsteps_Mud_Run_03.wav
  importAddress: Guid(19d07bb6bdfbaae43acf30893876bba4) Importer(2089858483,b0f066a214c2f5e87bad3c948f4d605d)
Start importing Assets/Downloaded/Footsteps - Essentials/Footsteps_Mud/Footsteps_Mud_Run/Footsteps_Mud_Run_03.wav using Guid(19d07bb6bdfbaae43acf30893876bba4) Importer(2089858483,b0f066a214c2f5e87bad3c948f4d605d) (ScriptedImporter) -> (Import Result ID: 'd3cbbd8854d9aacba0768f939b4038c8') in 0.0194824 seconds [static and dynamic dependencies]. Details - ImportResultOutputID=57697c3f4b99122e24a0d99788e4eeb6 DependenciesID=13a52a4a8a70d37e19bb4fe17d3e4bcc StaticDependenciesID=66e60bd4901971855e0caec86d61c828 
Number of updated asset objects reloaded before import = 0Number of asset objects unloaded after import = 1

========================================================================
Received Import Request.
  Time since last request: 0.000026 seconds.
  path: Assets/Downloaded/Footsteps - Essentials/Footsteps_DirtyGround/Footsteps_DirtyGround_Land/Footsteps_DirtyGround_Jump_Start_02.wav
  importAddress: Guid(8802544ed0324a14095edc70ab3bbab1) Importer(2089858483,b0f066a214c2f5e87bad3c948f4d605d)
Start importing Assets/Downloaded/Footsteps - Essentials/Footsteps_DirtyGround/Footsteps_DirtyGround_Land/Footsteps_DirtyGround_Jump_Start_02.wav using Guid(8802544ed0324a14095edc70ab3bbab1) Importer(2089858483,b0f066a214c2f5e87bad3c948f4d605d) (ScriptedImporter) -> (Import Result ID: 'd7b103efc9bab9bc7d506827365a879c') in 0.0202611 seconds [static and dynamic dependencies]. Details - ImportResultOutputID=1b846423787eab9f3423fa28e65c407c DependenciesID=103812bce6813ee601c5b3a1a719f75a StaticDependenciesID=1df72ba3e5bb18f715a1c2c493ab8ad4 
Number of updated asset objects reloaded before import = 0Number of asset objects unloaded after import = 1

========================================================================
Received Import Request.
  Time since last request: 0.000036 seconds.
  path: Assets/Downloaded/Footsteps - Essentials/Footsteps_Metal/Footsteps_Metal_Run/Footsteps_MetalV1_Run_14.wav
  importAddress: Guid(e2b868994c062864eaa867681aeac0d8) Importer(2089858483,b0f066a214c2f5e87bad3c948f4d605d)
Start importing Assets/Downloaded/Footsteps - Essentials/Footsteps_Metal/Footsteps_Metal_Run/Footsteps_MetalV1_Run_14.wav using Guid(e2b868994c062864eaa867681aeac0d8) Importer(2089858483,b0f066a214c2f5e87bad3c948f4d605d) (ScriptedImporter) -> (Import Result ID: 'b1672dec6bc001da873d8b51141b7ce5') in 0.0249103 seconds [static and dynamic dependencies]. Details - ImportResultOutputID=0534460b0e2e778a61e08a1c64de9693 DependenciesID=ccddc157ec70f1f6645e16beb73a032c StaticDependenciesID=c511488bdbb4124e9493929367b18ce4 
Number of updated asset objects reloaded before import = 0Number of asset objects unloaded after import = 1

========================================================================
Received Import Request.
  Time since last request: 0.000032 seconds.
  path: Assets/Downloaded/Footsteps - Essentials/Footsteps_Leaves/Footsteps_Leaves_Run
  importAddress: Guid(042116984ba6bcb4ab0a675f32296d17) Importer(2089858483,b0f066a214c2f5e87bad3c948f4d605d)
Start importing Assets/Downloaded/Footsteps - Essentials/Footsteps_Leaves/Footsteps_Leaves_Run using Guid(042116984ba6bcb4ab0a675f32296d17) Importer(2089858483,b0f066a214c2f5e87bad3c948f4d605d) (ScriptedImporter) -> (Import Result ID: '1b8548f64d9b36b1e7e8dd0d1a4447de') in 0.0159493 seconds [static and dynamic dependencies]. Details - ImportResultOutputID=7f2bf5504290b3653670ccd8d72a99e7 DependenciesID=aa27ee8c550c926b31e6c464f5a50819 StaticDependenciesID=f2a90a18ea0bece52f0f4fd8ceebea00 
Number of updated asset objects reloaded before import = 0Number of asset objects unloaded after import = 1

========================================================================
Received Import Request.
  Time since last request: 0.000021 seconds.
  path: Assets/Downloaded/Horror Atmosphere LITE/Ambience/Jumpscare and Hits/Strike_004a.wav
  importAddress: Guid(3bc7fd2209e757b428afe5d4f66c5105) Importer(2089858483,b0f066a214c2f5e87bad3c948f4d605d)
Start importing Assets/Downloaded/Horror Atmosphere LITE/Ambience/Jumpscare and Hits/Strike_004a.wav using Guid(3bc7fd2209e757b428afe5d4f66c5105) Importer(2089858483,b0f066a214c2f5e87bad3c948f4d605d) (ScriptedImporter) -> (Import Result ID: 'bd7480ffd875ba5c490d15606eaba794') in 0.0389374 seconds [static and dynamic dependencies]. Details - ImportResultOutputID=f09e1f5e378f489fa2e4c48331db755e DependenciesID=15dafdb6c6028ed92809f110fccb43e7 StaticDependenciesID=3c42587c74929c8e7059f986771abd44 
Number of updated asset objects reloaded before import = 0Number of asset objects unloaded after import = 1

========================================================================
Received Import Request.
  Time since last request: 0.000028 seconds.
  path: Assets/Downloaded/Footsteps - Essentials/Footsteps_Metal/Footsteps_Metal_Run/Footsteps_MetalV1_Run_01.wav
  importAddress: Guid(b25225c72201cd740b16b95b86d57940) Importer(2089858483,b0f066a214c2f5e87bad3c948f4d605d)
Start importing Assets/Downloaded/Footsteps - Essentials/Footsteps_Metal/Footsteps_Metal_Run/Footsteps_MetalV1_Run_01.wav using Guid(b25225c72201cd740b16b95b86d57940) Importer(2089858483,b0f066a214c2f5e87bad3c948f4d605d) (ScriptedImporter) -> (Import Result ID: 'e5e6b09f8db3df4a436b7a307d32ab67') in 0.0217313 seconds [static and dynamic dependencies]. Details - ImportResultOutputID=829664a7cf3bd95d7a7c48c2283caab5 DependenciesID=de6211d2a1675a311305c25598ef6f69 StaticDependenciesID=a3d8706c4c57aa2f4733ae666b3f0f8a 
Number of updated asset objects reloaded before import = 0Number of asset objects unloaded after import = 1

========================================================================
Received Import Request.
  Time since last request: 0.000046 seconds.
  path: Assets/Downloaded/Footsteps - Essentials/Footsteps_Leaves/Footsteps_Leaves_Run/Footsteps_Leaves_Run_01.wav
  importAddress: Guid(03e0be3d4ce61d34da02d3d0a674d54a) Importer(2089858483,b0f066a214c2f5e87bad3c948f4d605d)
Start importing Assets/Downloaded/Footsteps - Essentials/Footsteps_Leaves/Footsteps_Leaves_Run/Footsteps_Leaves_Run_01.wav using Guid(03e0be3d4ce61d34da02d3d0a674d54a) Importer(2089858483,b0f066a214c2f5e87bad3c948f4d605d) (ScriptedImporter) -> (Import Result ID: 'f34ff0b863b160ceb5522273de27cc05') in 0.0215102 seconds [static and dynamic dependencies]. Details - ImportResultOutputID=7bcb8f03a7e535edcb27e5f3942155ad DependenciesID=d89e4c1fc52eec10fb6fbb280e2ce045 StaticDependenciesID=e7ceeb7ab2c4c8ae05faa275532fd54b 
Number of updated asset objects reloaded before import = 0Number of asset objects unloaded after import = 1

========================================================================
Received Import Request.
  Time since last request: 0.000023 seconds.
  path: Assets/Downloaded/Footsteps - Essentials/Footsteps_Water/Footsteps_Water_Run
  importAddress: Guid(dbab343965dc52546b69c8e45e58cbb5) Importer(2089858483,b0f066a214c2f5e87bad3c948f4d605d)
Start importing Assets/Downloaded/Footsteps - Essentials/Footsteps_Water/Footsteps_Water_Run using Guid(dbab343965dc52546b69c8e45e58cbb5) Importer(2089858483,b0f066a214c2f5e87bad3c948f4d605d) (ScriptedImporter) -> (Import Result ID: '974bdcda526b3e4f1b3fe42de6f888ad') in 0.0155318 seconds [static and dynamic dependencies]. Details - ImportResultOutputID=26b92a3823b596f6d74a65b13b144357 DependenciesID=32459b1ccafe6341ae05574541521a30 StaticDependenciesID=145548b25e30b928712352ec6d0099ba 
Number of updated asset objects reloaded before import = 0Number of asset objects unloaded after import = 1

========================================================================
Received Import Request.
  Time since last request: 0.000024 seconds.
  path: Assets/Downloaded/Footsteps - Essentials/Footsteps_Tile/Footsteps_Tile_Run/Footsteps_Tile_Run_01.wav
  importAddress: Guid(ffa5441258224694690169f4bd95b969) Importer(2089858483,b0f066a214c2f5e87bad3c948f4d605d)
Start importing Assets/Downloaded/Footsteps - Essentials/Footsteps_Tile/Footsteps_Tile_Run/Footsteps_Tile_Run_01.wav using Guid(ffa5441258224694690169f4bd95b969) Importer(2089858483,b0f066a214c2f5e87bad3c948f4d605d) (ScriptedImporter) -> (Import Result ID: 'c6cdf2ed895c3bf7a334aa5cc67dbc3d') in 0.0211512 seconds [static and dynamic dependencies]. Details - ImportResultOutputID=bf19b949fb4f9b4a3fa2f237a455a02b DependenciesID=8115fea17767b9f6e40a2803b5db6932 StaticDependenciesID=2387e4309b79dadcdc8b061136234b00 
Number of updated asset objects reloaded before import = 0Number of asset objects unloaded after import = 1

========================================================================
Received Import Request.
  Time since last request: 0.000032 seconds.
  path: Assets/Downloaded/Footsteps - Essentials/Footsteps_Tile/Footsteps_Tile_Run/Footsteps_Tile_Run_03.wav
  importAddress: Guid(062aac8f0463d7945a5a16732efbea51) Importer(2089858483,b0f066a214c2f5e87bad3c948f4d605d)
Start importing Assets/Downloaded/Footsteps - Essentials/Footsteps_Tile/Footsteps_Tile_Run/Footsteps_Tile_Run_03.wav using Guid(062aac8f0463d7945a5a16732efbea51) Importer(2089858483,b0f066a214c2f5e87bad3c948f4d605d) (ScriptedImporter) -> (Import Result ID: '306008aa992c41a4ae20f24321db0309') in 0.0226414 seconds [static and dynamic dependencies]. Details - ImportResultOutputID=0bd768c3c21db9f338e0165298b0b502 DependenciesID=ccc4851e00b3d18d49574f2d1b606d5a StaticDependenciesID=76d235af3a7dcdcd1c747eaa879be473 
Number of updated asset objects reloaded before import = 0Number of asset objects unloaded after import = 1

========================================================================
Received Import Request.
  Time since last request: 0.000046 seconds.
  path: Assets/Downloaded/Footsteps - Essentials/Footsteps_Grass/Footsteps_Grass_Jump/Footsteps_Grass_Jump_Start_08.wav
  importAddress: Guid(b04465ceef591864badb1aa5c65ee644) Importer(2089858483,b0f066a214c2f5e87bad3c948f4d605d)
Start importing Assets/Downloaded/Footsteps - Essentials/Footsteps_Grass/Footsteps_Grass_Jump/Footsteps_Grass_Jump_Start_08.wav using Guid(b04465ceef591864badb1aa5c65ee644) Importer(2089858483,b0f066a214c2f5e87bad3c948f4d605d) (ScriptedImporter) -> (Import Result ID: 'd111eda36380dacd3d79050f37b1da29') in 0.0216225 seconds [static and dynamic dependencies]. Details - ImportResultOutputID=0250e9cd3584554852b41f9024d67370 DependenciesID=c8265ba4941aeeed346917b26bc5d26b StaticDependenciesID=200ccc1a7ff43dda874562e1d0e9097c 
Number of updated asset objects reloaded before import = 0Number of asset objects unloaded after import = 1

========================================================================
Received Import Request.
  Time since last request: 0.000023 seconds.
  path: Assets/Downloaded/Footsteps - Essentials/Footsteps_Rock/Footsteps_Rock_Jump/Footsteps_Rock_Jump_Land_01.wav
  importAddress: Guid(3d8f480d252db9449b2f978284506f8e) Importer(2089858483,b0f066a214c2f5e87bad3c948f4d605d)
Start importing Assets/Downloaded/Footsteps - Essentials/Footsteps_Rock/Footsteps_Rock_Jump/Footsteps_Rock_Jump_Land_01.wav using Guid(3d8f480d252db9449b2f978284506f8e) Importer(2089858483,b0f066a214c2f5e87bad3c948f4d605d) (ScriptedImporter) -> (Import Result ID: '9821527ee649b650abfc701fd841e06c') in 0.021341 seconds [static and dynamic dependencies]. Details - ImportResultOutputID=f8e5cf63217108f815b6f0656eec81bc DependenciesID=43e2c87886dc4b27e60a0b11a37d368e StaticDependenciesID=cf6df0fa7da5925cc5730adb308397e2 
Number of updated asset objects reloaded before import = 0Number of asset objects unloaded after import = 1

========================================================================
Received Import Request.
  Time since last request: 0.000028 seconds.
  path: Assets/Downloaded/Footsteps - Essentials/Footsteps_Rock/Footsteps_Rock_Run/Footsteps_Rock_Run_06.wav
  importAddress: Guid(281c105661e5ee14b8e76523200338bd) Importer(2089858483,b0f066a214c2f5e87bad3c948f4d605d)
Start importing Assets/Downloaded/Footsteps - Essentials/Footsteps_Rock/Footsteps_Rock_Run/Footsteps_Rock_Run_06.wav using Guid(281c105661e5ee14b8e76523200338bd) Importer(2089858483,b0f066a214c2f5e87bad3c948f4d605d) (ScriptedImporter) -> (Import Result ID: 'a3a637bba2242c7a9b2f69bb0b1c89dc') in 0.0198117 seconds [static and dynamic dependencies]. Details - ImportResultOutputID=7052438a58e393071b86a79ee564c9d8 DependenciesID=e97bfbadf4f43efa7c05e366942dbd8a StaticDependenciesID=4cdc06126f802b480475910d8717d13b 
Number of updated asset objects reloaded before import = 0Number of asset objects unloaded after import = 1

========================================================================
Received Import Request.
  Time since last request: 0.000026 seconds.
  path: Assets/Downloaded/Footsteps - Essentials/Footsteps_Sand/Footsteps_Sand_Run/Footsteps_Sand_Run_01.wav
  importAddress: Guid(82b9e7907a6c3154b86a53c1be46ff71) Importer(2089858483,b0f066a214c2f5e87bad3c948f4d605d)
Start importing Assets/Downloaded/Footsteps - Essentials/Footsteps_Sand/Footsteps_Sand_Run/Footsteps_Sand_Run_01.wav using Guid(82b9e7907a6c3154b86a53c1be46ff71) Importer(2089858483,b0f066a214c2f5e87bad3c948f4d605d) (ScriptedImporter) -> (Import Result ID: '0a7b58cd80595ff574965766ee503125') in 0.0231521 seconds [static and dynamic dependencies]. Details - ImportResultOutputID=5b2e3f09bcea8ba35996028d17282116 DependenciesID=368ba9f55af00b0ee69f1c426870eb6d StaticDependenciesID=a73c1633cbc224cdf713ce3b8345153a 
Number of updated asset objects reloaded before import = 0Number of asset objects unloaded after import = 1

========================================================================
Received Import Request.
  Time since last request: 0.000043 seconds.
  path: Assets/Downloaded/Footsteps - Essentials/Footsteps_Snow/Footsteps_Snow_Walk/Footsteps_Snow_Walk_01.wav
  importAddress: Guid(3c1967f6644f7ee4cb90dd9da24dd7da) Importer(2089858483,b0f066a214c2f5e87bad3c948f4d605d)
Start importing Assets/Downloaded/Footsteps - Essentials/Footsteps_Snow/Footsteps_Snow_Walk/Footsteps_Snow_Walk_01.wav using Guid(3c1967f6644f7ee4cb90dd9da24dd7da) Importer(2089858483,b0f066a214c2f5e87bad3c948f4d605d) (ScriptedImporter) -> (Import Result ID: '75dc580ad074147555d36662c200a146') in 0.0198809 seconds [static and dynamic dependencies]. Details - ImportResultOutputID=224f4da83871b33b9c830c0a2a8cbd11 DependenciesID=2d3ba1c21eb49172ce4e95c46db2c07d StaticDependenciesID=8a1892cdada7edfcc9a1370fb53630c6 
Number of updated asset objects reloaded before import = 0Number of asset objects unloaded after import = 1

========================================================================
Received Import Request.
  Time since last request: 0.000024 seconds.
  path: Assets/Downloaded/Footsteps - Essentials/Footsteps_Water/Footsteps_Water_Walk/Footsteps_WaterV1_Walk_10.wav
  importAddress: Guid(f29d6db9c3a008d4aae34c3399830406) Importer(2089858483,b0f066a214c2f5e87bad3c948f4d605d)
Start importing Assets/Downloaded/Footsteps - Essentials/Footsteps_Water/Footsteps_Water_Walk/Footsteps_WaterV1_Walk_10.wav using Guid(f29d6db9c3a008d4aae34c3399830406) Importer(2089858483,b0f066a214c2f5e87bad3c948f4d605d) (ScriptedImporter) -> (Import Result ID: '63fc196d4b12440f98800d00c1e266a9') in 0.0193551 seconds [static and dynamic dependencies]. Details - ImportResultOutputID=312cc9bbf4941d7c9e16eff1b87fe958 DependenciesID=962cbbbc0466494c6543a56b7febde55 StaticDependenciesID=d1c1de8d44c111d1916cf469a016c452 
Number of updated asset objects reloaded before import = 0Number of asset objects unloaded after import = 1

========================================================================
Received Import Request.
  Time since last request: 0.000025 seconds.
  path: Assets/Downloaded/Footsteps - Essentials/Footsteps_Tile/Footsteps_Tile_Run/Footsteps_Tile_Run_06.wav
  importAddress: Guid(f8e559768bed7ed4680ab0449da7ec3a) Importer(2089858483,b0f066a214c2f5e87bad3c948f4d605d)
Start importing Assets/Downloaded/Footsteps - Essentials/Footsteps_Tile/Footsteps_Tile_Run/Footsteps_Tile_Run_06.wav using Guid(f8e559768bed7ed4680ab0449da7ec3a) Importer(2089858483,b0f066a214c2f5e87bad3c948f4d605d) (ScriptedImporter) -> (Import Result ID: '2c029102b8f4428ece558d11ccd1c85e') in 0.0196462 seconds [static and dynamic dependencies]. Details - ImportResultOutputID=e63e6a88fd295fb2c78d07b803618e46 DependenciesID=fd0bbd5da36aaa63e08237940080150d StaticDependenciesID=14d2bd803822b5e1fd7698c63bbdca66 
Number of updated asset objects reloaded before import = 0Number of asset objects unloaded after import = 1

========================================================================
Received Import Request.
  Time since last request: 0.000059 seconds.
  path: Assets/Downloaded/Footsteps - Essentials/Footsteps_Sand/Footsteps_Sand_Walk/Footsteps_Sand_Walk_03.wav
  importAddress: Guid(752adf85de15e284ebf55d376e1f4276) Importer(2089858483,b0f066a214c2f5e87bad3c948f4d605d)
Start importing Assets/Downloaded/Footsteps - Essentials/Footsteps_Sand/Footsteps_Sand_Walk/Footsteps_Sand_Walk_03.wav using Guid(752adf85de15e284ebf55d376e1f4276) Importer(2089858483,b0f066a214c2f5e87bad3c948f4d605d) (ScriptedImporter) -> (Import Result ID: 'd72052b7a87ce763f6de0cfb70e4d1a7') in 0.0218546 seconds [static and dynamic dependencies]. Details - ImportResultOutputID=1c63ece94c0f263c6d2094ce725107cb DependenciesID=139f9b7babd7010b9dfa522189832074 StaticDependenciesID=5fc838d4c780076848bc54913b40cc5e 
Number of updated asset objects reloaded before import = 0Number of asset objects unloaded after import = 1

========================================================================
Received Import Request.
  Time since last request: 0.000044 seconds.
  path: Assets/Downloaded/Footsteps - Essentials/Footsteps_Water/Footsteps_Water_Jump/Footsteps_Water_Jump_Light_04.wav
  importAddress: Guid(f08d12f8f068e5d4fb60a2683da4372f) Importer(2089858483,b0f066a214c2f5e87bad3c948f4d605d)
Start importing Assets/Downloaded/Footsteps - Essentials/Footsteps_Water/Footsteps_Water_Jump/Footsteps_Water_Jump_Light_04.wav using Guid(f08d12f8f068e5d4fb60a2683da4372f) Importer(2089858483,b0f066a214c2f5e87bad3c948f4d605d) (ScriptedImporter) -> (Import Result ID: '54a68e6d896dffe318dcf1d422bf338d') in 0.0222019 seconds [static and dynamic dependencies]. Details - ImportResultOutputID=4fc68d6895f8f850e8c7895210df05df DependenciesID=0a1f90a1537533779fedcff722ca12b5 StaticDependenciesID=3447cbbf5d5ebe516a0d13ca0f63eb85 
Number of updated asset objects reloaded before import = 0Number of asset objects unloaded after import = 1

========================================================================
Received Import Request.
  Time since last request: 0.000023 seconds.
  path: Assets/Downloaded/Footsteps - Essentials/Footsteps_Metal/Footsteps_Metal_Run/Footsteps_MetalV2_Run_12.wav
  importAddress: Guid(90754431c63071d48b2bfa8dc2472b9d) Importer(2089858483,b0f066a214c2f5e87bad3c948f4d605d)
Start importing Assets/Downloaded/Footsteps - Essentials/Footsteps_Metal/Footsteps_Metal_Run/Footsteps_MetalV2_Run_12.wav using Guid(90754431c63071d48b2bfa8dc2472b9d) Importer(2089858483,b0f066a214c2f5e87bad3c948f4d605d) (ScriptedImporter) -> (Import Result ID: 'f33834c52d99b4e2c94090e408d3c5c9') in 0.0205258 seconds [static and dynamic dependencies]. Details - ImportResultOutputID=d8c4042818a4d49e0c1dadfaf404b1a4 DependenciesID=46983631c04da178cd0e5ba97fcdf0c9 StaticDependenciesID=eeb125a24222fee00255a86fcbf76bd3 
Number of updated asset objects reloaded before import = 0Number of asset objects unloaded after import = 1

========================================================================
Received Import Request.
  Time since last request: 0.000024 seconds.
  path: Assets/Downloaded/Footsteps - Essentials/Footsteps_Grass/Footsteps_Grass_Walk/Footsteps_Walk_Grass_Mono_36.wav
  importAddress: Guid(dd26e9057c37e2943993f701a764fc3e) Importer(2089858483,b0f066a214c2f5e87bad3c948f4d605d)
Start importing Assets/Downloaded/Footsteps - Essentials/Footsteps_Grass/Footsteps_Grass_Walk/Footsteps_Walk_Grass_Mono_36.wav using Guid(dd26e9057c37e2943993f701a764fc3e) Importer(2089858483,b0f066a214c2f5e87bad3c948f4d605d) (ScriptedImporter) -> (Import Result ID: '3ed3ffa90c032df3e8e318e6cda30e89') in 0.0207376 seconds [static and dynamic dependencies]. Details - ImportResultOutputID=3e3a88e3f02bbc1ed8d5ed7f6f2aed9a DependenciesID=76cbe93bc6297fa7d965bd55ed682af5 StaticDependenciesID=2e9a50bb7004bd7dc30d32107526ecf5 
Number of updated asset objects reloaded before import = 0Number of asset objects unloaded after import = 1

========================================================================
Received Import Request.
  Time since last request: 0.000028 seconds.
  path: Assets/Downloaded/Footsteps - Essentials/Footsteps_Grass/Footsteps_Grass_Jump/Footsteps_Grass_Jump_Start_10.wav
  importAddress: Guid(b15f8eaceae712040a379ad0aaff9240) Importer(2089858483,b0f066a214c2f5e87bad3c948f4d605d)
Start importing Assets/Downloaded/Footsteps - Essentials/Footsteps_Grass/Footsteps_Grass_Jump/Footsteps_Grass_Jump_Start_10.wav using Guid(b15f8eaceae712040a379ad0aaff9240) Importer(2089858483,b0f066a214c2f5e87bad3c948f4d605d) (ScriptedImporter) -> (Import Result ID: '5e88987da84bcc05fe64056d0cb2c48a') in 0.0188668 seconds [static and dynamic dependencies]. Details - ImportResultOutputID=182b5fbed5c25b8403c9dab9c9cfb010 DependenciesID=bfb5ae80760c6ddfe589b925b37d9fe3 StaticDependenciesID=c6bd3509b3b764290a556b0ae75dc902 
Number of updated asset objects reloaded before import = 0Number of asset objects unloaded after import = 1

========================================================================
Received Import Request.
  Time since last request: 0.000037 seconds.
  path: Assets/Downloaded/Footsteps - Essentials/Footsteps_Grass/Footsteps_Grass_Walk/Footsteps_Walk_Grass_Mono_45.wav
  importAddress: Guid(74a0ecc6d5d37bf4f8fe4544dfcd9e8b) Importer(2089858483,b0f066a214c2f5e87bad3c948f4d605d)
Start importing Assets/Downloaded/Footsteps - Essentials/Footsteps_Grass/Footsteps_Grass_Walk/Footsteps_Walk_Grass_Mono_45.wav using Guid(74a0ecc6d5d37bf4f8fe4544dfcd9e8b) Importer(2089858483,b0f066a214c2f5e87bad3c948f4d605d) (ScriptedImporter) -> (Import Result ID: 'edf25924a493448b4c367872d377eebf') in 0.0219967 seconds [static and dynamic dependencies]. Details - ImportResultOutputID=a2c5ace1104c458eb9c23a1da511aad4 DependenciesID=519361643e6d771fef3eea92bb7896f4 StaticDependenciesID=30152f37a23cf1b9283888097148ca6b 
Number of updated asset objects reloaded before import = 0Number of asset objects unloaded after import = 1

========================================================================
Received Import Request.
  Time since last request: 0.000023 seconds.
  path: Assets/Downloaded/Footsteps - Essentials/Footsteps_Rock/Footsteps_Rock_Run
  importAddress: Guid(9dd1c0161c409f442b03ade4a6f853ce) Importer(2089858483,b0f066a214c2f5e87bad3c948f4d605d)
Start importing Assets/Downloaded/Footsteps - Essentials/Footsteps_Rock/Footsteps_Rock_Run using Guid(9dd1c0161c409f442b03ade4a6f853ce) Importer(2089858483,b0f066a214c2f5e87bad3c948f4d605d) (ScriptedImporter) -> (Import Result ID: '4feeabfc3f76e4f51425eac41a57668e') in 0.0167636 seconds [static and dynamic dependencies]. Details - ImportResultOutputID=3e1aee40c2435055db411dca3bffcdeb DependenciesID=de93bd49ddaa546a70dfa4d357b9db61 StaticDependenciesID=6325a8f7ee04190162f6c7c2eba0115d 
Number of updated asset objects reloaded before import = 0Number of asset objects unloaded after import = 1

========================================================================
Received Import Request.
  Time since last request: 0.000022 seconds.
  path: Assets/Downloaded/Footsteps - Essentials/Footsteps_Metal
  importAddress: Guid(9024c6c9a0565764abae1e25b1a5fae4) Importer(2089858483,b0f066a214c2f5e87bad3c948f4d605d)
Start importing Assets/Downloaded/Footsteps - Essentials/Footsteps_Metal using Guid(9024c6c9a0565764abae1e25b1a5fae4) Importer(2089858483,b0f066a214c2f5e87bad3c948f4d605d) (ScriptedImporter) -> (Import Result ID: '0363013487032cb03e7449f843872178') in 0.0182182 seconds [static and dynamic dependencies]. Details - ImportResultOutputID=f3d244e71ad87f5b03532968e63a515f DependenciesID=a98ceb9de8b1de866d1f680af7cd3e15 StaticDependenciesID=92fd2cd277ad37792801936b9469b61d 
Number of updated asset objects reloaded before import = 0Number of asset objects unloaded after import = 1

========================================================================
Received Import Request.
  Time since last request: 0.000026 seconds.
  path: Assets/Downloaded/Footsteps - Essentials/Footsteps_Water/Footsteps_Water_Walk/Footsteps_WaterV2_Walk_05.wav
  importAddress: Guid(7b6895e4d3b50784daa1c49222e8eac5) Importer(2089858483,b0f066a214c2f5e87bad3c948f4d605d)
Start importing Assets/Downloaded/Footsteps - Essentials/Footsteps_Water/Footsteps_Water_Walk/Footsteps_WaterV2_Walk_05.wav using Guid(7b6895e4d3b50784daa1c49222e8eac5) Importer(2089858483,b0f066a214c2f5e87bad3c948f4d605d) (ScriptedImporter) -> (Import Result ID: 'c5653e600860012c2e1084fa6e046556') in 0.0226534 seconds [static and dynamic dependencies]. Details - ImportResultOutputID=3bedbe1961060e70f711104c95834eca DependenciesID=5ade1d0e44ee6eb3950cc836955a4951 StaticDependenciesID=02056eb6f04a6f2c400a6652a774862c 
Number of updated asset objects reloaded before import = 0Number of asset objects unloaded after import = 1

========================================================================
Received Import Request.
  Time since last request: 0.000038 seconds.
  path: Assets/Downloaded/Footsteps - Essentials/Footsteps_Grass/Footsteps_Grass_Jump
  importAddress: Guid(8aed958da2d55504c97307c630839bd7) Importer(2089858483,b0f066a214c2f5e87bad3c948f4d605d)
Start importing Assets/Downloaded/Footsteps - Essentials/Footsteps_Grass/Footsteps_Grass_Jump using Guid(8aed958da2d55504c97307c630839bd7) Importer(2089858483,b0f066a214c2f5e87bad3c948f4d605d) (ScriptedImporter) -> (Import Result ID: '69a7893fa4e1a960ba45d5617b35252f') in 0.0156496 seconds [static and dynamic dependencies]. Details - ImportResultOutputID=9b6a55db6fbba6361fe89f4f1ed02205 DependenciesID=d959e63ace9499cc0dc73d87dfef4d37 StaticDependenciesID=ed0772ce8d7ff1fcc287319ca5e28932 
Number of updated asset objects reloaded before import = 0Number of asset objects unloaded after import = 1

========================================================================
Received Import Request.
  Time since last request: 0.000024 seconds.
  path: Assets/Downloaded/Footsteps - Essentials/Footsteps_DirtyGround/Footsteps_DirtyGround_Land/Footsteps_DirtyGround_Jump_Start_01.wav
  importAddress: Guid(665f92bb69e46a94a8caf3717dbb0d5e) Importer(2089858483,b0f066a214c2f5e87bad3c948f4d605d)
Start importing Assets/Downloaded/Footsteps - Essentials/Footsteps_DirtyGround/Footsteps_DirtyGround_Land/Footsteps_DirtyGround_Jump_Start_01.wav using Guid(665f92bb69e46a94a8caf3717dbb0d5e) Importer(2089858483,b0f066a214c2f5e87bad3c948f4d605d) (ScriptedImporter) -> (Import Result ID: 'eef7b4418a06b527ee29cf06d29792a8') in 0.0195138 seconds [static and dynamic dependencies]. Details - ImportResultOutputID=a736031d3c4f0f1e5e51ae3de691d3ca DependenciesID=a16a0b657c824e1143500b78f40face1 StaticDependenciesID=8bbf0d7686bf30222a3b358407795697 
Number of updated asset objects reloaded before import = 0Number of asset objects unloaded after import = 1

========================================================================
Received Import Request.
  Time since last request: 0.000027 seconds.
  path: Assets/Downloaded/Footsteps - Essentials/Footsteps_Tile/Footsteps_Tile_Run/Footsteps_Tile_Run_02.wav
  importAddress: Guid(5a5fe2a543e35ef44980fcf5ac79551a) Importer(2089858483,b0f066a214c2f5e87bad3c948f4d605d)
Start importing Assets/Downloaded/Footsteps - Essentials/Footsteps_Tile/Footsteps_Tile_Run/Footsteps_Tile_Run_02.wav using Guid(5a5fe2a543e35ef44980fcf5ac79551a) Importer(2089858483,b0f066a214c2f5e87bad3c948f4d605d) (ScriptedImporter) -> (Import Result ID: '39db09bc33dcfeef2e8b171e18565706') in 0.0232891 seconds [static and dynamic dependencies]. Details - ImportResultOutputID=137ecb6f45aeb9908ac0b3ed17cf9873 DependenciesID=4420ad0fb984fda0de149e3b540c850b StaticDependenciesID=3f8df8302c8d9a661d5388e5c91ca649 
Number of updated asset objects reloaded before import = 0Number of asset objects unloaded after import = 1

========================================================================
Received Import Request.
  Time since last request: 0.000039 seconds.
  path: Assets/Downloaded/Footsteps - Essentials/Footsteps_Snow/Footsteps_Snow_Run/Footsteps_Snow_Hard_Run_10.wav
  importAddress: Guid(80dc5f2116a9e924daa171dd5fc9a66c) Importer(2089858483,b0f066a214c2f5e87bad3c948f4d605d)
Start importing Assets/Downloaded/Footsteps - Essentials/Footsteps_Snow/Footsteps_Snow_Run/Footsteps_Snow_Hard_Run_10.wav using Guid(80dc5f2116a9e924daa171dd5fc9a66c) Importer(2089858483,b0f066a214c2f5e87bad3c948f4d605d) (ScriptedImporter) -> (Import Result ID: '295e0b49f9b1b51221be9176981ded73') in 0.0210914 seconds [static and dynamic dependencies]. Details - ImportResultOutputID=ff301c67cd8d41dc950956b2e1dabe7d DependenciesID=0f1e367d49939c807c9fa54e7deab636 StaticDependenciesID=5bb7a9ab5ff2928cb8478f01dbf40e90 
Number of updated asset objects reloaded before import = 0Number of asset objects unloaded after import = 1

========================================================================
Received Import Request.
  Time since last request: 0.000041 seconds.
  path: Assets/Downloaded/Footsteps - Essentials/Footsteps_Rock/Footsteps_Rock_Walk
  importAddress: Guid(7b0df4b7e501e914282832ec027f653b) Importer(2089858483,b0f066a214c2f5e87bad3c948f4d605d)
Start importing Assets/Downloaded/Footsteps - Essentials/Footsteps_Rock/Footsteps_Rock_Walk using Guid(7b0df4b7e501e914282832ec027f653b) Importer(2089858483,b0f066a214c2f5e87bad3c948f4d605d) (ScriptedImporter) -> (Import Result ID: '741ef4ca82c682a9d29d5bdbe29e7ab7') in 0.0170095 seconds [static and dynamic dependencies]. Details - ImportResultOutputID=a738414d6b32c571416ddd353d0916fb DependenciesID=ceae2628e9db08bb876834c82e0fef58 StaticDependenciesID=501f81bd00fc347288d6662910117a4b 
Number of updated asset objects reloaded before import = 0Number of asset objects unloaded after import = 1

========================================================================
Received Import Request.
  Time since last request: 0.000022 seconds.
  path: Assets/Downloaded/Footsteps - Essentials/Footsteps_Snow/Footsteps_Snow_Run/Footsteps_Snow_Hard_Run_09.wav
  importAddress: Guid(8ae3cc4609aef2745bc4778e5d9bf024) Importer(2089858483,b0f066a214c2f5e87bad3c948f4d605d)
Start importing Assets/Downloaded/Footsteps - Essentials/Footsteps_Snow/Footsteps_Snow_Run/Footsteps_Snow_Hard_Run_09.wav using Guid(8ae3cc4609aef2745bc4778e5d9bf024) Importer(2089858483,b0f066a214c2f5e87bad3c948f4d605d) (ScriptedImporter) -> (Import Result ID: 'fed2e0a4dbf59f9a5c1d77052d2a6444') in 0.0196673 seconds [static and dynamic dependencies]. Details - ImportResultOutputID=cb89cf24a31fa89947aa13737215eaf5 DependenciesID=13c56ce09fe00651594842139b9ada8a StaticDependenciesID=7e0e68afd0f6f8dd2e6ef49cf61acf32 
Number of updated asset objects reloaded before import = 0Number of asset objects unloaded after import = 1

========================================================================
Received Import Request.
  Time since last request: 0.000024 seconds.
  path: Assets/Downloaded/Footsteps - Essentials/Footsteps_Grass/Footsteps_Grass_Jump/Footsteps_Grass_Jump_Land_03.wav
  importAddress: Guid(856b6d74addb9ad4ab2b7b47bae3e839) Importer(2089858483,b0f066a214c2f5e87bad3c948f4d605d)
Start importing Assets/Downloaded/Footsteps - Essentials/Footsteps_Grass/Footsteps_Grass_Jump/Footsteps_Grass_Jump_Land_03.wav using Guid(856b6d74addb9ad4ab2b7b47bae3e839) Importer(2089858483,b0f066a214c2f5e87bad3c948f4d605d) (ScriptedImporter) -> (Import Result ID: 'e98ee1220db869dae6a24eee64f31180') in 0.0202217 seconds [static and dynamic dependencies]. Details - ImportResultOutputID=83f9e9b2d8a4e5e6c4e3ccb8d0f50ab9 DependenciesID=e9f3e3ce7770abbd0a50a8729a2a6e2a StaticDependenciesID=11626ede2844926a27697e793c8d4005 
Number of updated asset objects reloaded before import = 0Number of asset objects unloaded after import = 1

========================================================================
Received Import Request.
  Time since last request: 0.000026 seconds.
  path: Assets/Downloaded/Footsteps - Essentials/Footsteps_Water/Footsteps_Water_Walk/Footsteps_WaterV2_Walk_04.wav
  importAddress: Guid(a86f0a1ad946e34429c0e3caac1a484c) Importer(2089858483,b0f066a214c2f5e87bad3c948f4d605d)
Start importing Assets/Downloaded/Footsteps - Essentials/Footsteps_Water/Footsteps_Water_Walk/Footsteps_WaterV2_Walk_04.wav using Guid(a86f0a1ad946e34429c0e3caac1a484c) Importer(2089858483,b0f066a214c2f5e87bad3c948f4d605d) (ScriptedImporter) -> (Import Result ID: '8e2843745487a7d12116e1fadd383a94') in 0.023628 seconds [static and dynamic dependencies]. Details - ImportResultOutputID=495115e6ae8ac81c50d51faa795dd09b DependenciesID=85c0ad688ca7688ec17d5ce74e594095 StaticDependenciesID=b4af5b83b94de9aadc1f30ae1a837cb4 
Number of updated asset objects reloaded before import = 0Number of asset objects unloaded after import = 1

========================================================================
Received Import Request.
  Time since last request: 0.000036 seconds.
  path: Assets/Downloaded/Footsteps - Essentials/Footsteps_Grass/Footsteps_Grass_Walk/Footsteps_Walk_Grass_Mono_42.wav
  importAddress: Guid(837b2ac0dee4b2e49b7c4229129a2cd2) Importer(2089858483,b0f066a214c2f5e87bad3c948f4d605d)
Start importing Assets/Downloaded/Footsteps - Essentials/Footsteps_Grass/Footsteps_Grass_Walk/Footsteps_Walk_Grass_Mono_42.wav using Guid(837b2ac0dee4b2e49b7c4229129a2cd2) Importer(2089858483,b0f066a214c2f5e87bad3c948f4d605d) (ScriptedImporter) -> (Import Result ID: 'b783ffc25eaa7b14ea14c26dbd1b870a') in 0.0233776 seconds [static and dynamic dependencies]. Details - ImportResultOutputID=dc231f79a72df0ac962ba313194e8a47 DependenciesID=7d6530e65591deb13448c01f466eb29c StaticDependenciesID=c607a1737f586eafe60f9ce1dc5fdce7 
Number of updated asset objects reloaded before import = 0Number of asset objects unloaded after import = 1

========================================================================
Received Import Request.
  Time since last request: 0.000023 seconds.
  path: Assets/Downloaded/Footsteps - Essentials/Footsteps_Wood/Footsteps_Wood_Walk/Footsteps_Wood_Walk_01.wav
  importAddress: Guid(8e001351cd7065543a068386cde4c960) Importer(2089858483,b0f066a214c2f5e87bad3c948f4d605d)
Start importing Assets/Downloaded/Footsteps - Essentials/Footsteps_Wood/Footsteps_Wood_Walk/Footsteps_Wood_Walk_01.wav using Guid(8e001351cd7065543a068386cde4c960) Importer(2089858483,b0f066a214c2f5e87bad3c948f4d605d) (ScriptedImporter) -> (Import Result ID: 'ad5bbfd390c0fdf375619eb651b9e60f') in 0.0218309 seconds [static and dynamic dependencies]. Details - ImportResultOutputID=be25441574f7c50c6eb0d5c32a22857b DependenciesID=c95a5e7eae6cffd40a3cbdd26d61fbdb StaticDependenciesID=994884c38b2a5f5f66b79623bc446daf 
Number of updated asset objects reloaded before import = 0Number of asset objects unloaded after import = 1

========================================================================
Received Import Request.
  Time since last request: 0.000023 seconds.
  path: Assets/Downloaded/Footsteps - Essentials/Footsteps_Grass/Footsteps_Grass_Walk/Footsteps_Walk_Grass_Mono_38.wav
  importAddress: Guid(fbb8ee09f6d45f54d84383b81ca5a5cd) Importer(2089858483,b0f066a214c2f5e87bad3c948f4d605d)
Start importing Assets/Downloaded/Footsteps - Essentials/Footsteps_Grass/Footsteps_Grass_Walk/Footsteps_Walk_Grass_Mono_38.wav using Guid(fbb8ee09f6d45f54d84383b81ca5a5cd) Importer(2089858483,b0f066a214c2f5e87bad3c948f4d605d) (ScriptedImporter) -> (Import Result ID: 'ea22bee11f86174f9277f1884d7f9d1f') in 0.0193163 seconds [static and dynamic dependencies]. Details - ImportResultOutputID=fb070223d7e555bce115b483f36f906b DependenciesID=d42b182828565a25ccaf9719c042d382 StaticDependenciesID=021c3bede9bac24dd946213e5b84a0d4 
Number of updated asset objects reloaded before import = 0Number of asset objects unloaded after import = 1

========================================================================
Received Import Request.
  Time since last request: 0.000032 seconds.
  path: Assets/Downloaded/Footsteps - Essentials/Footsteps_Metal/Footsteps_Metal_Jump/Footsteps_MetalV1_Jump_Land_01.wav
  importAddress: Guid(37cdbcb02c3324849ac457dfc5b1058e) Importer(2089858483,b0f066a214c2f5e87bad3c948f4d605d)
Start importing Assets/Downloaded/Footsteps - Essentials/Footsteps_Metal/Footsteps_Metal_Jump/Footsteps_MetalV1_Jump_Land_01.wav using Guid(37cdbcb02c3324849ac457dfc5b1058e) Importer(2089858483,b0f066a214c2f5e87bad3c948f4d605d) (ScriptedImporter) -> (Import Result ID: '56fc7b7e1a2f350345917fb271c7f7b9') in 0.0214658 seconds [static and dynamic dependencies]. Details - ImportResultOutputID=741971b5f30c9e14c3d0c43da43f91c8 DependenciesID=a1942ac437c3a5a764997285e0045ed9 StaticDependenciesID=14f901d001d2f5fdf99508cb4e58ee60 
Number of updated asset objects reloaded before import = 0Number of asset objects unloaded after import = 1

========================================================================
Received Import Request.
  Time since last request: 0.000048 seconds.
  path: Assets/Downloaded/Footsteps - Essentials/Footsteps_Water/Footsteps_Water_Run/Footsteps_Water_Run_01.wav
  importAddress: Guid(3529918bd1dd74644ba7748b90343695) Importer(2089858483,b0f066a214c2f5e87bad3c948f4d605d)
Start importing Assets/Downloaded/Footsteps - Essentials/Footsteps_Water/Footsteps_Water_Run/Footsteps_Water_Run_01.wav using Guid(3529918bd1dd74644ba7748b90343695) Importer(2089858483,b0f066a214c2f5e87bad3c948f4d605d) (ScriptedImporter) -> (Import Result ID: '4e3d6c98b5dde6c1a888e8c5ab39ae39') in 0.0249906 seconds [static and dynamic dependencies]. Details - ImportResultOutputID=ba264a276a385f5aa3e632492a9119ed DependenciesID=4c78563f06d23ad5c09bcd327d09b686 StaticDependenciesID=c07f5e898daf62f3cd1e44641fea0b0b 
Number of updated asset objects reloaded before import = 0Number of asset objects unloaded after import = 1

========================================================================
Received Import Request.
  Time since last request: 0.000021 seconds.
  path: Assets/Downloaded/Footsteps - Essentials/Footsteps_Metal/Footsteps_Metal_Run/Footsteps_MetalV2_Run_05.wav
  importAddress: Guid(83e12fcd809c9444192c377fe18a65e5) Importer(2089858483,b0f066a214c2f5e87bad3c948f4d605d)
Start importing Assets/Downloaded/Footsteps - Essentials/Footsteps_Metal/Footsteps_Metal_Run/Footsteps_MetalV2_Run_05.wav using Guid(83e12fcd809c9444192c377fe18a65e5) Importer(2089858483,b0f066a214c2f5e87bad3c948f4d605d) (ScriptedImporter) -> (Import Result ID: 'c27021ee87b773fd3bf61b199abd3d43') in 0.0234846 seconds [static and dynamic dependencies]. Details - ImportResultOutputID=924d795b58afdaacff62eb33613ee1ec DependenciesID=b2b44ba4b9d1318086f569b76553b38f StaticDependenciesID=1cb63f0122fb513042ec7a777896f770 
Number of updated asset objects reloaded before import = 0Number of asset objects unloaded after import = 1

========================================================================
Received Import Request.
  Time since last request: 0.000027 seconds.
  path: Assets/Downloaded/Footsteps - Essentials/Footsteps_Sand/Footsteps_Sand_Walk/Footsteps_Sand_Walk_07.wav
  importAddress: Guid(3bf9975566f9cd847977ed3ebb6fd3e3) Importer(2089858483,b0f066a214c2f5e87bad3c948f4d605d)
Start importing Assets/Downloaded/Footsteps - Essentials/Footsteps_Sand/Footsteps_Sand_Walk/Footsteps_Sand_Walk_07.wav using Guid(3bf9975566f9cd847977ed3ebb6fd3e3) Importer(2089858483,b0f066a214c2f5e87bad3c948f4d605d) (ScriptedImporter) -> (Import Result ID: 'ceff0fbbc4ebd56d5b7da96963e49308') in 0.0233758 seconds [static and dynamic dependencies]. Details - ImportResultOutputID=e020bc7e823d4682c29b00af05a919ad DependenciesID=6afc229fdd44ad0efd9ba3d3f7ae3db1 StaticDependenciesID=99bfb38ade47a888887eba6d8b12e233 
Number of updated asset objects reloaded before import = 0Number of asset objects unloaded after import = 1

========================================================================
Received Import Request.
  Time since last request: 0.000030 seconds.
  path: Assets/Downloaded/Footsteps - Essentials/Footsteps_Metal/Footsteps_Metal_Jump/Footsteps_MetalV1_Jump_Start_03.wav
  importAddress: Guid(5c39ec0074165fb4eaf789fc68f5379b) Importer(2089858483,b0f066a214c2f5e87bad3c948f4d605d)
Start importing Assets/Downloaded/Footsteps - Essentials/Footsteps_Metal/Footsteps_Metal_Jump/Footsteps_MetalV1_Jump_Start_03.wav using Guid(5c39ec0074165fb4eaf789fc68f5379b) Importer(2089858483,b0f066a214c2f5e87bad3c948f4d605d) (ScriptedImporter) -> (Import Result ID: '21a17cab6722c786ab9833d3a8d51c9d') in 0.0207636 seconds [static and dynamic dependencies]. Details - ImportResultOutputID=7a544085b4eabfd84654a627deb03757 DependenciesID=18c70ca88898e120e7052875dcff309b StaticDependenciesID=eacee15496cc9380bf8165427af6161a 
Number of updated asset objects reloaded before import = 0Number of asset objects unloaded after import = 1

========================================================================
Received Import Request.
  Time since last request: 0.000038 seconds.
  path: Assets/Downloaded/Footsteps - Essentials/Footsteps_Snow/Footsteps_Snow_Jump/Footsteps_Snow_Hard_Jump_Land_01.wav
  importAddress: Guid(1704430881abe874391385f39be8f965) Importer(2089858483,b0f066a214c2f5e87bad3c948f4d605d)
Start importing Assets/Downloaded/Footsteps - Essentials/Footsteps_Snow/Footsteps_Snow_Jump/Footsteps_Snow_Hard_Jump_Land_01.wav using Guid(1704430881abe874391385f39be8f965) Importer(2089858483,b0f066a214c2f5e87bad3c948f4d605d) (ScriptedImporter) -> (Import Result ID: 'b93717d66c6d54c42861dcd2be34931b') in 0.0224556 seconds [static and dynamic dependencies]. Details - ImportResultOutputID=85aba0a4135a87728f5a08b39f03676d DependenciesID=c5959e00f448846e3fedeea9c94b3048 StaticDependenciesID=80915f2cabfc578a73f5a2239a3fa40e 
Number of updated asset objects reloaded before import = 0Number of asset objects unloaded after import = 1

========================================================================
Received Import Request.
  Time since last request: 0.000024 seconds.
  path: Assets/Downloaded/Footsteps - Essentials/Footsteps_Wood/Footsteps_Wood_Walk/Footsteps_Wood_Walk_02.wav
  importAddress: Guid(c41fb169b2991c247a5466e00faa6639) Importer(2089858483,b0f066a214c2f5e87bad3c948f4d605d)
Start importing Assets/Downloaded/Footsteps - Essentials/Footsteps_Wood/Footsteps_Wood_Walk/Footsteps_Wood_Walk_02.wav using Guid(c41fb169b2991c247a5466e00faa6639) Importer(2089858483,b0f066a214c2f5e87bad3c948f4d605d) (ScriptedImporter) -> (Import Result ID: '18d572c3c66a69b6fe1ce5b03fb1baf2') in 0.0237735 seconds [static and dynamic dependencies]. Details - ImportResultOutputID=24293fbc87aa91129a1d237179933051 DependenciesID=712207076907aae7ab00da54d94cfc29 StaticDependenciesID=036d6de9fe60c89cf4aea8749bc82fe5 
Number of updated asset objects reloaded before import = 0Number of asset objects unloaded after import = 1

========================================================================
Received Import Request.
  Time since last request: 0.000027 seconds.
  path: Assets/Downloaded/Footsteps - Essentials/Footsteps_Gravel/Footsteps_Gravel_Run/Footsteps_Gravel_Run_10.wav
  importAddress: Guid(a5d1dce4bff0e0a458049ab99fef06c4) Importer(2089858483,b0f066a214c2f5e87bad3c948f4d605d)
Start importing Assets/Downloaded/Footsteps - Essentials/Footsteps_Gravel/Footsteps_Gravel_Run/Footsteps_Gravel_Run_10.wav using Guid(a5d1dce4bff0e0a458049ab99fef06c4) Importer(2089858483,b0f066a214c2f5e87bad3c948f4d605d) (ScriptedImporter) -> (Import Result ID: 'e62b8a9bf8ee31e00098431f4489caf8') in 0.0207387 seconds [static and dynamic dependencies]. Details - ImportResultOutputID=158bd1efea6fe5b1022d8033b4311d95 DependenciesID=8e5ffe5faf9386970ae91dbcfeb4cff4 StaticDependenciesID=598adca275c0a47cafcd1657ac691766 
Number of updated asset objects reloaded before import = 0Number of asset objects unloaded after import = 1

========================================================================
Received Import Request.
  Time since last request: 0.000028 seconds.
  path: Assets/Downloaded/Footsteps - Essentials/Footsteps_Snow/Footsteps_Snow_Run/Footsteps_Snow_Run_05.wav
  importAddress: Guid(35f5fb2541d6e124ba5e61b1b007a300) Importer(2089858483,b0f066a214c2f5e87bad3c948f4d605d)
Start importing Assets/Downloaded/Footsteps - Essentials/Footsteps_Snow/Footsteps_Snow_Run/Footsteps_Snow_Run_05.wav using Guid(35f5fb2541d6e124ba5e61b1b007a300) Importer(2089858483,b0f066a214c2f5e87bad3c948f4d605d) (ScriptedImporter) -> (Import Result ID: '0c3a9182f250c95f7d398fce2a10483b') in 0.0212889 seconds [static and dynamic dependencies]. Details - ImportResultOutputID=dc50a3805af1249424c0ac6dc32bb4d9 DependenciesID=b21f4c0f84120e0e4ea4f77a8ec37b97 StaticDependenciesID=887e40e6ca791ff4ddca642b3a36e9c2 
Number of updated asset objects reloaded before import = 0Number of asset objects unloaded after import = 1

========================================================================
Received Import Request.
  Time since last request: 0.000043 seconds.
  path: Assets/Downloaded/Footsteps - Essentials/Footsteps_Wood/Footsteps_Wood_Run/Footsteps_Wood_Run_01.wav
  importAddress: Guid(505a015d5525e0442ae4a62d5bac304d) Importer(2089858483,b0f066a214c2f5e87bad3c948f4d605d)
Start importing Assets/Downloaded/Footsteps - Essentials/Footsteps_Wood/Footsteps_Wood_Run/Footsteps_Wood_Run_01.wav using Guid(505a015d5525e0442ae4a62d5bac304d) Importer(2089858483,b0f066a214c2f5e87bad3c948f4d605d) (ScriptedImporter) -> (Import Result ID: 'ab066316f78d20d893db03c0bca47580') in 0.0197252 seconds [static and dynamic dependencies]. Details - ImportResultOutputID=360f85fcadda197a3c06655d0642900c DependenciesID=d16416993f936ca9b59d18f4416399b6 StaticDependenciesID=d13a260fdd61ee46997147ce1e449940 
Number of updated asset objects reloaded before import = 0Number of asset objects unloaded after import = 1

========================================================================
Received Import Request.
  Time since last request: 0.000031 seconds.
  path: Assets/Downloaded/Footsteps - Essentials/Footsteps_Grass/Footsteps_Grass_Run/Footsteps_Grass_Run_11.wav
  importAddress: Guid(6c8508d96905ea749ae50b49916fde55) Importer(2089858483,b0f066a214c2f5e87bad3c948f4d605d)
Start importing Assets/Downloaded/Footsteps - Essentials/Footsteps_Grass/Footsteps_Grass_Run/Footsteps_Grass_Run_11.wav using Guid(6c8508d96905ea749ae50b49916fde55) Importer(2089858483,b0f066a214c2f5e87bad3c948f4d605d) (ScriptedImporter) -> (Import Result ID: 'b36d4c9442eb2dfe1b3d657c84fc9139') in 0.0207181 seconds [static and dynamic dependencies]. Details - ImportResultOutputID=4bb7c7cc8ce9b2ee93eecd737e7146f0 DependenciesID=2f2965277cc00e7e66bf503d5e790820 StaticDependenciesID=bfdc3c0f17cee21dc26dcf529fe6c685 
Number of updated asset objects reloaded before import = 0Number of asset objects unloaded after import = 1

========================================================================
Received Import Request.
  Time since last request: 0.000025 seconds.
  path: Assets/Downloaded/Footsteps - Essentials/Footsteps_Metal/Footsteps_Metal_Jump/Footsteps_MetalV2_Jump_Land_03.wav
  importAddress: Guid(d4ce8205a3ae9ab4181dbc190b1a837e) Importer(2089858483,b0f066a214c2f5e87bad3c948f4d605d)
Start importing Assets/Downloaded/Footsteps - Essentials/Footsteps_Metal/Footsteps_Metal_Jump/Footsteps_MetalV2_Jump_Land_03.wav using Guid(d4ce8205a3ae9ab4181dbc190b1a837e) Importer(2089858483,b0f066a214c2f5e87bad3c948f4d605d) (ScriptedImporter) -> (Import Result ID: '66dd96668cea5fa4fd3c4410c6f5ed48') in 0.0215589 seconds [static and dynamic dependencies]. Details - ImportResultOutputID=03cc67f1b2d325cc5da8248f2e21de8b DependenciesID=92bf5af1565914617dbeb9739c912467 StaticDependenciesID=ce6d78f485bb7ea27c778c021e6d43ce 
Number of updated asset objects reloaded before import = 0Number of asset objects unloaded after import = 1

========================================================================
Received Import Request.
  Time since last request: 0.000034 seconds.
  path: Assets/Downloaded/Footsteps - Essentials/Footsteps_DirtyGround
  importAddress: Guid(d0ba54a2ca348c945935f123f842b774) Importer(2089858483,b0f066a214c2f5e87bad3c948f4d605d)
Start importing Assets/Downloaded/Footsteps - Essentials/Footsteps_DirtyGround using Guid(d0ba54a2ca348c945935f123f842b774) Importer(2089858483,b0f066a214c2f5e87bad3c948f4d605d) (ScriptedImporter) -> (Import Result ID: 'c62ba76771e786aba7f5175e226bdb6a') in 0.0168074 seconds [static and dynamic dependencies]. Details - ImportResultOutputID=e08dd0a856e6ce453242b9372aba5b57 DependenciesID=42203cf9b1ee92b7abb2a5482315d379 StaticDependenciesID=d4c624ed5f52da97c7b8314e98a8594e 
Number of updated asset objects reloaded before import = 0Number of asset objects unloaded after import = 1

========================================================================
Received Import Request.
  Time since last request: 0.000087 seconds.
  path: Assets/Downloaded/Footsteps - Essentials/Footsteps_Tile/Footsteps_Tile_Walk/Footsteps_Tile_Walk_05.wav
  importAddress: Guid(7ca5a9710db4327439c9f8cb8204615e) Importer(2089858483,b0f066a214c2f5e87bad3c948f4d605d)
Start importing Assets/Downloaded/Footsteps - Essentials/Footsteps_Tile/Footsteps_Tile_Walk/Footsteps_Tile_Walk_05.wav using Guid(7ca5a9710db4327439c9f8cb8204615e) Importer(2089858483,b0f066a214c2f5e87bad3c948f4d605d) (ScriptedImporter) -> (Import Result ID: 'f526c0e3678a5b09335e9000a52657a6') in 0.0218135 seconds [static and dynamic dependencies]. Details - ImportResultOutputID=f0c0482e3656963e72901554eadb1dfe DependenciesID=8132ed2a30cee7fc5c104edf39dde600 StaticDependenciesID=30b4aaa43704f56b1e6f7c7aba618830 
Number of updated asset objects reloaded before import = 0Number of asset objects unloaded after import = 1

========================================================================
Received Import Request.
  Time since last request: 0.000036 seconds.
  path: Assets/Downloaded/Footsteps - Essentials/Footsteps_DirtyGround/Footsteps_DirtyGround_Run
  importAddress: Guid(60cdcd4cdcceaaf4c8d06a585fc15182) Importer(2089858483,b0f066a214c2f5e87bad3c948f4d605d)
Start importing Assets/Downloaded/Footsteps - Essentials/Footsteps_DirtyGround/Footsteps_DirtyGround_Run using Guid(60cdcd4cdcceaaf4c8d06a585fc15182) Importer(2089858483,b0f066a214c2f5e87bad3c948f4d605d) (ScriptedImporter) -> (Import Result ID: 'e3ea9cf9971f1054f9bcb8b908513365') in 0.0154484 seconds [static and dynamic dependencies]. Details - ImportResultOutputID=e6efe598ee468e8a484d353e3be8c910 DependenciesID=5c820c14336ded76890ee046d2972eea StaticDependenciesID=6093ab0df32fe6bf58add93df7870120 
Number of updated asset objects reloaded before import = 0Number of asset objects unloaded after import = 1

========================================================================
Received Import Request.
  Time since last request: 0.000021 seconds.
  path: Assets/Downloaded/Footsteps - Essentials/Footsteps_Sand/Footsteps_Sand_Walk/Footsteps_Sand_Walk_02.wav
  importAddress: Guid(93b5a4dc803c25c48a325a38b5617c33) Importer(2089858483,b0f066a214c2f5e87bad3c948f4d605d)
Start importing Assets/Downloaded/Footsteps - Essentials/Footsteps_Sand/Footsteps_Sand_Walk/Footsteps_Sand_Walk_02.wav using Guid(93b5a4dc803c25c48a325a38b5617c33) Importer(2089858483,b0f066a214c2f5e87bad3c948f4d605d) (ScriptedImporter) -> (Import Result ID: 'd530022e0600eda8a7b3e078655d24c8') in 0.0207433 seconds [static and dynamic dependencies]. Details - ImportResultOutputID=3c0b148f9eb189557dc1be316b5b11b7 DependenciesID=751c6cfbc453cf5923b07fc7b2d6ab6d StaticDependenciesID=875c9bb3f71293db21bf0b4142d34960 
Number of updated asset objects reloaded before import = 0Number of asset objects unloaded after import = 1

========================================================================
Received Import Request.
  Time since last request: 0.000034 seconds.
  path: Assets/Downloaded/Footsteps - Essentials/Footsteps_Wood/Footsteps_Wood_Walk/Footsteps_Wood_Walk_04.wav
  importAddress: Guid(cb9aa4db4b3a12147bf2fe3d88fee270) Importer(2089858483,b0f066a214c2f5e87bad3c948f4d605d)
Start importing Assets/Downloaded/Footsteps - Essentials/Footsteps_Wood/Footsteps_Wood_Walk/Footsteps_Wood_Walk_04.wav using Guid(cb9aa4db4b3a12147bf2fe3d88fee270) Importer(2089858483,b0f066a214c2f5e87bad3c948f4d605d) (ScriptedImporter) -> (Import Result ID: '8af6255fbb2d3bf0e57c99dee666e883') in 0.019586 seconds [static and dynamic dependencies]. Details - ImportResultOutputID=834b274c50e6ef0a9b57bd4817f035ce DependenciesID=aa32025161741bdf5fa7ca3a88c0e8bf StaticDependenciesID=fffd06389d198606ac14549ab9dbe9e5 
Number of updated asset objects reloaded before import = 0Number of asset objects unloaded after import = 1

========================================================================
Received Import Request.
  Time since last request: 0.000036 seconds.
  path: Assets/Downloaded/Footsteps - Essentials/Footsteps_Rock/Footsteps_Rock_Jump/Footsteps_Rock_Jump_Start_06.wav
  importAddress: Guid(866abdf3a931850498786581089be202) Importer(2089858483,b0f066a214c2f5e87bad3c948f4d605d)
Start importing Assets/Downloaded/Footsteps - Essentials/Footsteps_Rock/Footsteps_Rock_Jump/Footsteps_Rock_Jump_Start_06.wav using Guid(866abdf3a931850498786581089be202) Importer(2089858483,b0f066a214c2f5e87bad3c948f4d605d) (ScriptedImporter) -> (Import Result ID: '623da37d0266cc349fb7fec701bcd42d') in 0.0194289 seconds [static and dynamic dependencies]. Details - ImportResultOutputID=49c9d41c3e18a0bec6ef1d5282cfe289 DependenciesID=992bb99ddd191d4ed8719eccab204160 StaticDependenciesID=de4a854bc04fc962d613233a06fa6a78 
Number of updated asset objects reloaded before import = 0Number of asset objects unloaded after import = 1

========================================================================
Received Import Request.
  Time since last request: 0.000023 seconds.
  path: Assets/Downloaded/Footsteps - Essentials/Footsteps_Metal/Footsteps_Metal_Jump/Footsteps_MetalV2_Jump_Start_03.wav
  importAddress: Guid(e6709cc34e1daa54f9d575a452e0f64e) Importer(2089858483,b0f066a214c2f5e87bad3c948f4d605d)
Start importing Assets/Downloaded/Footsteps - Essentials/Footsteps_Metal/Footsteps_Metal_Jump/Footsteps_MetalV2_Jump_Start_03.wav using Guid(e6709cc34e1daa54f9d575a452e0f64e) Importer(2089858483,b0f066a214c2f5e87bad3c948f4d605d) (ScriptedImporter) -> (Import Result ID: '689ea9226dedbe8049a842b5f6e6d247') in 0.0193166 seconds [static and dynamic dependencies]. Details - ImportResultOutputID=6bc4e6cce19ead8a9a720b4ff2d3a6a4 DependenciesID=5fc1202be89e23d59f624a84bb789623 StaticDependenciesID=cf061b25ea97adba532ecb7fd6bdcacf 
Number of updated asset objects reloaded before import = 0Number of asset objects unloaded after import = 1

========================================================================
Received Import Request.
  Time since last request: 0.000024 seconds.
  path: Assets/Downloaded/Footsteps - Essentials/Footsteps_Sand/Footsteps_Sand_Walk/Footsteps_Sand_Walk_08.wav
  importAddress: Guid(475881e2fee063d47b0d1aee0dad3b3a) Importer(2089858483,b0f066a214c2f5e87bad3c948f4d605d)
Start importing Assets/Downloaded/Footsteps - Essentials/Footsteps_Sand/Footsteps_Sand_Walk/Footsteps_Sand_Walk_08.wav using Guid(475881e2fee063d47b0d1aee0dad3b3a) Importer(2089858483,b0f066a214c2f5e87bad3c948f4d605d) (ScriptedImporter) -> (Import Result ID: '1157ea08815c56fb41ebaabea7bdc8ff') in 0.0196413 seconds [static and dynamic dependencies]. Details - ImportResultOutputID=5c26393d48e5e470fde786635a2e9f95 DependenciesID=a66ef89a4c4df3401375b0e11891bf01 StaticDependenciesID=c996dc9ce38ce83cdb822ea38c04ed7e 
Number of updated asset objects reloaded before import = 0Number of asset objects unloaded after import = 1

========================================================================
Received Import Request.
  Time since last request: 0.000027 seconds.
  path: Assets/Downloaded/Footsteps - Essentials/Footsteps_Mud/Footsteps_Mud_Run
  importAddress: Guid(6c971f6a2ecc4b14f8125f8c7bf37efb) Importer(2089858483,b0f066a214c2f5e87bad3c948f4d605d)
Start importing Assets/Downloaded/Footsteps - Essentials/Footsteps_Mud/Footsteps_Mud_Run using Guid(6c971f6a2ecc4b14f8125f8c7bf37efb) Importer(2089858483,b0f066a214c2f5e87bad3c948f4d605d) (ScriptedImporter) -> (Import Result ID: 'a1f52582a5d68f47620a71624858b557') in 0.0156944 seconds [static and dynamic dependencies]. Details - ImportResultOutputID=22a4daf93d62a1535b38c5f6f11c1aac DependenciesID=994484fc771989661f1b3fe9fc33c383 StaticDependenciesID=f4f3d9057c9c11e565f6201367eb0193 
Number of updated asset objects reloaded before import = 0Number of asset objects unloaded after import = 1

========================================================================
Received Import Request.
  Time since last request: 0.000037 seconds.
  path: Assets/Downloaded/Horror Atmosphere LITE/Ambience/Ambience FX/Short_Cue_011.wav
  importAddress: Guid(210d1fa9fd2fa5f4ab8ad1158fcc94eb) Importer(2089858483,b0f066a214c2f5e87bad3c948f4d605d)
Start importing Assets/Downloaded/Horror Atmosphere LITE/Ambience/Ambience FX/Short_Cue_011.wav using Guid(210d1fa9fd2fa5f4ab8ad1158fcc94eb) Importer(2089858483,b0f066a214c2f5e87bad3c948f4d605d) (ScriptedImporter) -> (Import Result ID: 'b17cca3622838a369a93af3681c45383') in 0.0362323 seconds [static and dynamic dependencies]. Details - ImportResultOutputID=105e57182f905d88f80af07ed99cfa24 DependenciesID=037f3687481ff6834eea526e50f55a6f StaticDependenciesID=955d92f831a788481abfb3b0cd827075 
Number of updated asset objects reloaded before import = 0Number of asset objects unloaded after import = 1

========================================================================
Received Import Request.
  Time since last request: 0.000023 seconds.
  path: Assets/Downloaded/Footsteps - Essentials/Footsteps_Grass/Footsteps_Grass_Run/Footsteps_Grass_Run_05.wav
  importAddress: Guid(2de8329adc6f9b944a5ab0875fb59924) Importer(2089858483,b0f066a214c2f5e87bad3c948f4d605d)
Start importing Assets/Downloaded/Footsteps - Essentials/Footsteps_Grass/Footsteps_Grass_Run/Footsteps_Grass_Run_05.wav using Guid(2de8329adc6f9b944a5ab0875fb59924) Importer(2089858483,b0f066a214c2f5e87bad3c948f4d605d) (ScriptedImporter) -> (Import Result ID: '8eea752aab69404fffbd23447eaa59c4') in 0.0196838 seconds [static and dynamic dependencies]. Details - ImportResultOutputID=725f1f8d6ad87d22621352880a33d56e DependenciesID=92edc1b07d6677449c95a66c57d38063 StaticDependenciesID=4d2dd679d31de19a9a32d3a25d99acb7 
Number of updated asset objects reloaded before import = 0Number of asset objects unloaded after import = 1

========================================================================
Received Import Request.
  Time since last request: 0.000023 seconds.
  path: Assets/Downloaded/Horror Atmosphere LITE/Ambience/Jumpscare and Hits/Strike_003a.wav
  importAddress: Guid(b3a943aa2a444f743b95ba05a94649f2) Importer(2089858483,b0f066a214c2f5e87bad3c948f4d605d)
Start importing Assets/Downloaded/Horror Atmosphere LITE/Ambience/Jumpscare and Hits/Strike_003a.wav using Guid(b3a943aa2a444f743b95ba05a94649f2) Importer(2089858483,b0f066a214c2f5e87bad3c948f4d605d) (ScriptedImporter) -> (Import Result ID: 'b5f9bd0ce5c4dc464817ed503506837b') in 0.0384676 seconds [static and dynamic dependencies]. Details - ImportResultOutputID=bd4a6ee50a88a95b00e3fc6629b69663 DependenciesID=6f3a6d932202d2301bbbd870901dafb8 StaticDependenciesID=6423e3229d7d9da40cab25f34e271171 
Number of updated asset objects reloaded before import = 0Number of asset objects unloaded after import = 1

========================================================================
Received Import Request.
  Time since last request: 0.000028 seconds.
  path: Assets/Downloaded/Footsteps - Essentials/Footsteps_Wood/Footsteps_Wood_Run/Footsteps_Wood_Run_07.wav
  importAddress: Guid(b30822d7e7d412d459397d0749be742a) Importer(2089858483,b0f066a214c2f5e87bad3c948f4d605d)
Start importing Assets/Downloaded/Footsteps - Essentials/Footsteps_Wood/Footsteps_Wood_Run/Footsteps_Wood_Run_07.wav using Guid(b30822d7e7d412d459397d0749be742a) Importer(2089858483,b0f066a214c2f5e87bad3c948f4d605d) (ScriptedImporter) -> (Import Result ID: 'bae7f0187ecc3ed4005a67077d78f011') in 0.018704 seconds [static and dynamic dependencies]. Details - ImportResultOutputID=928bf8e354aea0fafa6a5841a0b6f8de DependenciesID=e3fb00c4f1d7b5b2440483e926750601 StaticDependenciesID=ee9e52b56a43bcd714b48e65f3742c7e 
Number of updated asset objects reloaded before import = 0Number of asset objects unloaded after import = 1

========================================================================
Received Import Request.
  Time since last request: 0.000035 seconds.
  path: Assets/Downloaded/Footsteps - Essentials/Footsteps_Mud/Footsteps_Mud_Walk
  importAddress: Guid(b9217203089b1024eb52c025ed2b259a) Importer(2089858483,b0f066a214c2f5e87bad3c948f4d605d)
Start importing Assets/Downloaded/Footsteps - Essentials/Footsteps_Mud/Footsteps_Mud_Walk using Guid(b9217203089b1024eb52c025ed2b259a) Importer(2089858483,b0f066a214c2f5e87bad3c948f4d605d) (ScriptedImporter) -> (Import Result ID: 'f9124914a5c38e3d75aaf6b5ca1ce5ea') in 0.0182002 seconds [static and dynamic dependencies]. Details - ImportResultOutputID=ee632ace6c2ea60e89de058fb7aa9b49 DependenciesID=0d97f19c18e553d0bc168fffa2db491f StaticDependenciesID=d320037fc907f1c6662ab6715ebb46f7 
Number of updated asset objects reloaded before import = 0Number of asset objects unloaded after import = 1

========================================================================
Received Import Request.
  Time since last request: 0.000024 seconds.
  path: Assets/Downloaded/Footsteps - Essentials/Footsteps_Rock/Footsteps_Rock_Walk/Footsteps_Rock_Walk_03.wav
  importAddress: Guid(a03a96c5d1e99b4409ddd79098abd9ab) Importer(2089858483,b0f066a214c2f5e87bad3c948f4d605d)
Start importing Assets/Downloaded/Footsteps - Essentials/Footsteps_Rock/Footsteps_Rock_Walk/Footsteps_Rock_Walk_03.wav using Guid(a03a96c5d1e99b4409ddd79098abd9ab) Importer(2089858483,b0f066a214c2f5e87bad3c948f4d605d) (ScriptedImporter) -> (Import Result ID: 'e3e5cd4f878c907290deee650cdeffee') in 0.0190108 seconds [static and dynamic dependencies]. Details - ImportResultOutputID=8287e1b8649ce0a567ece9d09b7a6202 DependenciesID=eb2d67f2694bd4717526ac4be8e6f712 StaticDependenciesID=57848dc01bff36e71153a9a7dcc68b18 
Number of updated asset objects reloaded before import = 0Number of asset objects unloaded after import = 1

========================================================================
Received Import Request.
  Time since last request: 0.000025 seconds.
  path: Assets/Downloaded/Footsteps - Essentials/Footsteps_Metal/Footsteps_Metal_Walk/Footsteps_MetalV2_Walk_04.wav
  importAddress: Guid(b2d0936410eda534bb65c5f1794cb663) Importer(2089858483,b0f066a214c2f5e87bad3c948f4d605d)
Start importing Assets/Downloaded/Footsteps - Essentials/Footsteps_Metal/Footsteps_Metal_Walk/Footsteps_MetalV2_Walk_04.wav using Guid(b2d0936410eda534bb65c5f1794cb663) Importer(2089858483,b0f066a214c2f5e87bad3c948f4d605d) (ScriptedImporter) -> (Import Result ID: '99c509674f8b1b1f3573186eb30c9f62') in 0.0205283 seconds [static and dynamic dependencies]. Details - ImportResultOutputID=39d4b36e37c8326fbffa8553445ad13a DependenciesID=56e6f90b172ffba2a30d59c79146b916 StaticDependenciesID=406145a54132711903454d8c2a6de4b8 
Number of updated asset objects reloaded before import = 0Number of asset objects unloaded after import = 1

========================================================================
Received Import Request.
  Time since last request: 0.000027 seconds.
  path: Assets/Downloaded/Footsteps - Essentials/Footsteps_Wood/Footsteps_Wood_Walk/Footsteps_Wood_Walk_09.wav
  importAddress: Guid(a45bdfd5056ed1d4d8f667cc2498ca12) Importer(2089858483,b0f066a214c2f5e87bad3c948f4d605d)
Start importing Assets/Downloaded/Footsteps - Essentials/Footsteps_Wood/Footsteps_Wood_Walk/Footsteps_Wood_Walk_09.wav using Guid(a45bdfd5056ed1d4d8f667cc2498ca12) Importer(2089858483,b0f066a214c2f5e87bad3c948f4d605d) (ScriptedImporter) -> (Import Result ID: 'b6928fe968ac1393dc3a6ffe31a2228d') in 0.0195393 seconds [static and dynamic dependencies]. Details - ImportResultOutputID=6aacb533ce395d293d61877dd9945981 DependenciesID=70d0ba6f2e37ca4ee49604d0a05a286a StaticDependenciesID=55a5140d3c5b58c132cb4567ac93d89d 
Number of updated asset objects reloaded before import = 0Number of asset objects unloaded after import = 1

========================================================================
Received Import Request.
  Time since last request: 0.000033 seconds.
  path: Assets/Downloaded/Footsteps - Essentials/Footsteps_Grass/Footsteps_Grass_Jump/Footsteps_Grass_Jump_Start_04.wav
  importAddress: Guid(d3d29f80378ba8e4e9c00f92fc5b5d4e) Importer(2089858483,b0f066a214c2f5e87bad3c948f4d605d)
Start importing Assets/Downloaded/Footsteps - Essentials/Footsteps_Grass/Footsteps_Grass_Jump/Footsteps_Grass_Jump_Start_04.wav using Guid(d3d29f80378ba8e4e9c00f92fc5b5d4e) Importer(2089858483,b0f066a214c2f5e87bad3c948f4d605d) (ScriptedImporter) -> (Import Result ID: '270928a78641fdaa2cec18599206d19d') in 0.0190434 seconds [static and dynamic dependencies]. Details - ImportResultOutputID=307f546706f10ab329cdd14994bb7e59 DependenciesID=0c0f03cb995ffdeb9c2b68e6d2416aea StaticDependenciesID=7db81d6f30957a7d46c5964fcc5ddd88 
Number of updated asset objects reloaded before import = 0Number of asset objects unloaded after import = 1

========================================================================
Received Import Request.
  Time since last request: 0.000020 seconds.
  path: Assets/Downloaded/Footsteps - Essentials/Footsteps_Grass/Footsteps_Grass_Walk/Footsteps_Walk_Grass_Mono_41.wav
  importAddress: Guid(553615e2b22e2db44b1e1057668753ab) Importer(2089858483,b0f066a214c2f5e87bad3c948f4d605d)
Start importing Assets/Downloaded/Footsteps - Essentials/Footsteps_Grass/Footsteps_Grass_Walk/Footsteps_Walk_Grass_Mono_41.wav using Guid(553615e2b22e2db44b1e1057668753ab) Importer(2089858483,b0f066a214c2f5e87bad3c948f4d605d) (ScriptedImporter) -> (Import Result ID: '79503abed8eb3b2988c573a70f1a1c3b') in 0.020173 seconds [static and dynamic dependencies]. Details - ImportResultOutputID=0e8faceb4151181cb0050e85d66a0ffa DependenciesID=70eea2198e5b6607769e0dfa5e4c0d81 StaticDependenciesID=2e838efd4cc6773ab895a7045c1e72c4 
Number of updated asset objects reloaded before import = 0Number of asset objects unloaded after import = 1

========================================================================
Received Import Request.
  Time since last request: 0.000028 seconds.
  path: Assets/Downloaded/Footsteps - Essentials/Footsteps_Sand/Footsteps_Sand_Run/Footsteps_Sand_Run_02.wav
  importAddress: Guid(f43edb311d1c4d74fa9b4b86c9157fa6) Importer(2089858483,b0f066a214c2f5e87bad3c948f4d605d)
Start importing Assets/Downloaded/Footsteps - Essentials/Footsteps_Sand/Footsteps_Sand_Run/Footsteps_Sand_Run_02.wav using Guid(f43edb311d1c4d74fa9b4b86c9157fa6) Importer(2089858483,b0f066a214c2f5e87bad3c948f4d605d) (ScriptedImporter) -> (Import Result ID: 'e1ec3d889636e38fa474cad818b4ecf6') in 0.0204945 seconds [static and dynamic dependencies]. Details - ImportResultOutputID=28a12a1a7853cc8ab77104226ca2cbfc DependenciesID=ed5144b72782d41d3e89df1c19fb2617 StaticDependenciesID=84c4fc13cd91f00f8143d155459f8040 
Number of updated asset objects reloaded before import = 0Number of asset objects unloaded after import = 1

========================================================================
Received Import Request.
  Time since last request: 0.000025 seconds.
  path: Assets/Downloaded/Footsteps - Essentials/Footsteps_DirtyGround/Footsteps_DirtyGround_Run/Footsteps_DirtyGround_Run_06.wav
  importAddress: Guid(0cfeb72dea261a54cb7672590d2d1656) Importer(2089858483,b0f066a214c2f5e87bad3c948f4d605d)
Start importing Assets/Downloaded/Footsteps - Essentials/Footsteps_DirtyGround/Footsteps_DirtyGround_Run/Footsteps_DirtyGround_Run_06.wav using Guid(0cfeb72dea261a54cb7672590d2d1656) Importer(2089858483,b0f066a214c2f5e87bad3c948f4d605d) (ScriptedImporter) -> (Import Result ID: 'c66f3103e057317449b4a3dadfbb5121') in 0.0233299 seconds [static and dynamic dependencies]. Details - ImportResultOutputID=e5dbe99b423e99231f8e0023c7168d00 DependenciesID=2a6f9222803624efac91bc1a26f7a8ac StaticDependenciesID=eb5655f7cc6fcfbb1b42b6a9a344fcf3 
Number of updated asset objects reloaded before import = 0Number of asset objects unloaded after import = 1

========================================================================
Received Import Request.
  Time since last request: 0.000033 seconds.
  path: Assets/Downloaded/Footsteps - Essentials/Footsteps_Sand/Footsteps_Sand_Run
  importAddress: Guid(1fdf14c052974a9448807537fb9a986f) Importer(2089858483,b0f066a214c2f5e87bad3c948f4d605d)
Start importing Assets/Downloaded/Footsteps - Essentials/Footsteps_Sand/Footsteps_Sand_Run using Guid(1fdf14c052974a9448807537fb9a986f) Importer(2089858483,b0f066a214c2f5e87bad3c948f4d605d) (ScriptedImporter) -> (Import Result ID: '61171ff7926588ed00d938b3b119cc48') in 0.017211 seconds [static and dynamic dependencies]. Details - ImportResultOutputID=ac8f6088993856d0f11032b95c184c42 DependenciesID=1668bd89eef09d758a0cb3f1bb25f763 StaticDependenciesID=8403b0de9dfee96c918a316a2c0a9944 
Number of updated asset objects reloaded before import = 0Number of asset objects unloaded after import = 1

========================================================================
Received Import Request.
  Time since last request: 0.000028 seconds.
  path: Assets/Downloaded/Footsteps - Essentials/Footsteps_Sand/Footsteps_Sand_Jump/Footsteps_Sand_Jump_Start_04.wav
  importAddress: Guid(6866bd26706082149a4be4b47f1e1b3d) Importer(2089858483,b0f066a214c2f5e87bad3c948f4d605d)
Start importing Assets/Downloaded/Footsteps - Essentials/Footsteps_Sand/Footsteps_Sand_Jump/Footsteps_Sand_Jump_Start_04.wav using Guid(6866bd26706082149a4be4b47f1e1b3d) Importer(2089858483,b0f066a214c2f5e87bad3c948f4d605d) (ScriptedImporter) -> (Import Result ID: 'fdc960cc8a8c101321e06a68b3f2a7cb') in 0.0210706 seconds [static and dynamic dependencies]. Details - ImportResultOutputID=311ee42360e0cbc27ee9bee52a4998c0 DependenciesID=6e3f2b0265f913f5bd5a4fef406be63a StaticDependenciesID=38a769198eea9dfa1567a1ca212058c0 
Number of updated asset objects reloaded before import = 0Number of asset objects unloaded after import = 1

========================================================================
Received Import Request.
  Time since last request: 0.000023 seconds.
  path: Assets/Downloaded/Footsteps - Essentials/Footsteps_Gravel/Footsteps_Gravel_Run/Footsteps_Gravel_Run_03.wav
  importAddress: Guid(2bb076cd89fe2a148a76da2a45c910e4) Importer(2089858483,b0f066a214c2f5e87bad3c948f4d605d)
Start importing Assets/Downloaded/Footsteps - Essentials/Footsteps_Gravel/Footsteps_Gravel_Run/Footsteps_Gravel_Run_03.wav using Guid(2bb076cd89fe2a148a76da2a45c910e4) Importer(2089858483,b0f066a214c2f5e87bad3c948f4d605d) (ScriptedImporter) -> (Import Result ID: '8260f573d4e85ae3b1beb39ea43b0259') in 0.0215606 seconds [static and dynamic dependencies]. Details - ImportResultOutputID=90dfd61446709249955035a6cef356d8 DependenciesID=76df9fd9d64f3f0fa533f12c0b9e3690 StaticDependenciesID=cfca29965db71e29a12450a29bb2a843 
Number of updated asset objects reloaded before import = 0Number of asset objects unloaded after import = 1

========================================================================
Received Import Request.
  Time since last request: 0.000028 seconds.
  path: Assets/Downloaded/Footsteps - Essentials/Footsteps_Metal/Footsteps_Metal_Run/Footsteps_MetalV2_Run_03.wav
  importAddress: Guid(72b37684ac7a413499d259a0a9be50e6) Importer(2089858483,b0f066a214c2f5e87bad3c948f4d605d)
Start importing Assets/Downloaded/Footsteps - Essentials/Footsteps_Metal/Footsteps_Metal_Run/Footsteps_MetalV2_Run_03.wav using Guid(72b37684ac7a413499d259a0a9be50e6) Importer(2089858483,b0f066a214c2f5e87bad3c948f4d605d) (ScriptedImporter) -> (Import Result ID: 'ccdb88ec19958af8aea9afa8eec5180d') in 0.0200362 seconds [static and dynamic dependencies]. Details - ImportResultOutputID=87586f45614fc72fba275d250aab8cef DependenciesID=17618bc0c035eea6ea5cc35a93b7de26 StaticDependenciesID=5e23ba408276616dd75fc53c550ea57b 
Number of updated asset objects reloaded before import = 0Number of asset objects unloaded after import = 1

========================================================================
Received Import Request.
  Time since last request: 0.000038 seconds.
  path: Assets/Downloaded/Footsteps - Essentials/Footsteps_Gravel/Footsteps_Gravel_Run/Footsteps_Gravel_Run_08.wav
  importAddress: Guid(b91418e7e651a5741a14cd31af0f5ba8) Importer(2089858483,b0f066a214c2f5e87bad3c948f4d605d)
Start importing Assets/Downloaded/Footsteps - Essentials/Footsteps_Gravel/Footsteps_Gravel_Run/Footsteps_Gravel_Run_08.wav using Guid(b91418e7e651a5741a14cd31af0f5ba8) Importer(2089858483,b0f066a214c2f5e87bad3c948f4d605d) (ScriptedImporter) -> (Import Result ID: '6385bf0c52a042b6098c45c03ccd0c2a') in 0.0291417 seconds [static and dynamic dependencies]. Details - ImportResultOutputID=140fcc93482f71cc2d6103db538444dd DependenciesID=0196bab43503645d6c3063a3f1c1e888 StaticDependenciesID=f0ffcc4d97a8127c5ac9331fe3bb9e5e 
Number of updated asset objects reloaded before import = 0Number of asset objects unloaded after import = 1

========================================================================
Received Import Request.
  Time since last request: 0.000022 seconds.
  path: Assets/Downloaded/Footsteps - Essentials/Footsteps_Metal/Footsteps_Metal_Walk/Footsteps_MetalV1_Walk_13.wav
  importAddress: Guid(e80de9a8752d20e4d97ab928d318adb3) Importer(2089858483,b0f066a214c2f5e87bad3c948f4d605d)
Start importing Assets/Downloaded/Footsteps - Essentials/Footsteps_Metal/Footsteps_Metal_Walk/Footsteps_MetalV1_Walk_13.wav using Guid(e80de9a8752d20e4d97ab928d318adb3) Importer(2089858483,b0f066a214c2f5e87bad3c948f4d605d) (ScriptedImporter) -> (Import Result ID: 'e152a0ea27abbb5ace110f8bea61c351') in 0.0214357 seconds [static and dynamic dependencies]. Details - ImportResultOutputID=3e59e195fc88486ccb8c604d06c313f8 DependenciesID=3c2c993ddd40949b7327895b48e08638 StaticDependenciesID=3d0fc0f8152470be9fc6da4a37146992 
Number of updated asset objects reloaded before import = 0Number of asset objects unloaded after import = 1

========================================================================
Received Import Request.
  Time since last request: 0.000022 seconds.
  path: Assets/Downloaded/Footsteps - Essentials/Footsteps_Rock/Footsteps_Rock_Run/Footsteps_Rock_Run_03.wav
  importAddress: Guid(7b4b6eb734482064c8c1e5fd45d4d76c) Importer(2089858483,b0f066a214c2f5e87bad3c948f4d605d)
Start importing Assets/Downloaded/Footsteps - Essentials/Footsteps_Rock/Footsteps_Rock_Run/Footsteps_Rock_Run_03.wav using Guid(7b4b6eb734482064c8c1e5fd45d4d76c) Importer(2089858483,b0f066a214c2f5e87bad3c948f4d605d) (ScriptedImporter) -> (Import Result ID: 'fef30de51d7f59f2566b496aea96c1da') in 0.0243118 seconds [static and dynamic dependencies]. Details - ImportResultOutputID=3f89de833e58395d4a0624e7b7a266ad DependenciesID=5a62d724fa1bd2a048d9b21abf568fc8 StaticDependenciesID=125604cf84cde80491cf02e2f1e5978b 
Number of updated asset objects reloaded before import = 0Number of asset objects unloaded after import = 1

========================================================================
Received Import Request.
  Time since last request: 0.000027 seconds.
  path: Assets/Downloaded/Footsteps - Essentials/Footsteps_Grass/Footsteps_Grass_Walk/Footsteps_Walk_Grass_Mono_44.wav
  importAddress: Guid(dffb2ef44d2dd254aa89c2546475cf3c) Importer(2089858483,b0f066a214c2f5e87bad3c948f4d605d)
Start importing Assets/Downloaded/Footsteps - Essentials/Footsteps_Grass/Footsteps_Grass_Walk/Footsteps_Walk_Grass_Mono_44.wav using Guid(dffb2ef44d2dd254aa89c2546475cf3c) Importer(2089858483,b0f066a214c2f5e87bad3c948f4d605d) (ScriptedImporter) -> (Import Result ID: '41915e44c81cbdcd5e4aa365baad68a2') in 0.023527 seconds [static and dynamic dependencies]. Details - ImportResultOutputID=9fb4b6084d51d3cedd2af28975039009 DependenciesID=1a95e9b4a8e9a849124e9ea2bd0b5178 StaticDependenciesID=b32960f8f614b823bfae6690cac1368f 
Number of updated asset objects reloaded before import = 0Number of asset objects unloaded after import = 1

========================================================================
Received Import Request.
  Time since last request: 0.000050 seconds.
  path: Assets/Downloaded/Footsteps - Essentials/Footsteps_DirtyGround/Footsteps_DirtyGround_Walk/Footsteps_DirtyGround_Walk_07.wav
  importAddress: Guid(6478d7fb30f301b4fa8f74d5d1dad094) Importer(2089858483,b0f066a214c2f5e87bad3c948f4d605d)
Start importing Assets/Downloaded/Footsteps - Essentials/Footsteps_DirtyGround/Footsteps_DirtyGround_Walk/Footsteps_DirtyGround_Walk_07.wav using Guid(6478d7fb30f301b4fa8f74d5d1dad094) Importer(2089858483,b0f066a214c2f5e87bad3c948f4d605d) (ScriptedImporter) -> (Import Result ID: '1df887cde372308d7b1485162a1a448d') in 0.0236059 seconds [static and dynamic dependencies]. Details - ImportResultOutputID=ff7d47fcef29bc9e422b87a8fd5204d0 DependenciesID=1c0c17bd9ae7898a73374e2e180bd281 StaticDependenciesID=f7897f22e628dd0a85bff2e6b42d3b42 
Number of updated asset objects reloaded before import = 0Number of asset objects unloaded after import = 1

========================================================================
Received Import Request.
  Time since last request: 0.000020 seconds.
  path: Assets/Downloaded/Footsteps - Essentials/Footsteps_Sand/Footsteps_Sand_Run/Footsteps_Sand_Run_08.wav
  importAddress: Guid(db210683cc12f49488148d7e59a51aec) Importer(2089858483,b0f066a214c2f5e87bad3c948f4d605d)
Start importing Assets/Downloaded/Footsteps - Essentials/Footsteps_Sand/Footsteps_Sand_Run/Footsteps_Sand_Run_08.wav using Guid(db210683cc12f49488148d7e59a51aec) Importer(2089858483,b0f066a214c2f5e87bad3c948f4d605d) (ScriptedImporter) -> (Import Result ID: 'c56926f60f311966f2fd2115c4ce5dbe') in 0.0229777 seconds [static and dynamic dependencies]. Details - ImportResultOutputID=b06570809a1db5d04aeccbcda2a8718d DependenciesID=326d3c3e8504ba93bd916d058aa483b3 StaticDependenciesID=0dcd55893c15484815166a791d1c88f5 
Number of updated asset objects reloaded before import = 0Number of asset objects unloaded after import = 1

========================================================================
Received Import Request.
  Time since last request: 0.000022 seconds.
  path: Assets/Downloaded/Footsteps - Essentials/Footsteps_Sand/Footsteps_Sand_Jump/Footsteps_Sand_Jump_Land_03.wav
  importAddress: Guid(e5f9c2116d87f5a46a40ce04919d2dcc) Importer(2089858483,b0f066a214c2f5e87bad3c948f4d605d)
Start importing Assets/Downloaded/Footsteps - Essentials/Footsteps_Sand/Footsteps_Sand_Jump/Footsteps_Sand_Jump_Land_03.wav using Guid(e5f9c2116d87f5a46a40ce04919d2dcc) Importer(2089858483,b0f066a214c2f5e87bad3c948f4d605d) (ScriptedImporter) -> (Import Result ID: '2bb512025775da1e087d18335689f1f1') in 0.0248689 seconds [static and dynamic dependencies]. Details - ImportResultOutputID=f72144e7e788d95de0bd8dc1f27555cc DependenciesID=c15688f14137d852566460dceea1ff08 StaticDependenciesID=7cc113d7a3c5d8296283fc9dc65360f9 
Number of updated asset objects reloaded before import = 0Number of asset objects unloaded after import = 1

========================================================================
Received Import Request.
  Time since last request: 0.000025 seconds.
  path: Assets/Downloaded/Footsteps - Essentials/Footsteps_Metal/Footsteps_Metal_Walk/Footsteps_MetalV1_Walk_10.wav
  importAddress: Guid(cb111f071b2e63844afba5ac99aceb2b) Importer(2089858483,b0f066a214c2f5e87bad3c948f4d605d)
Start importing Assets/Downloaded/Footsteps - Essentials/Footsteps_Metal/Footsteps_Metal_Walk/Footsteps_MetalV1_Walk_10.wav using Guid(cb111f071b2e63844afba5ac99aceb2b) Importer(2089858483,b0f066a214c2f5e87bad3c948f4d605d) (ScriptedImporter) -> (Import Result ID: '4a39f5af9f0f02ce22999cb8a00f4b04') in 0.0230635 seconds [static and dynamic dependencies]. Details - ImportResultOutputID=bdcff9f8a73b18c53a009081de1e6384 DependenciesID=b8aeedc34b43b9f7825fb1731cbdf1c7 StaticDependenciesID=173b44313cb4370f947bfd98ea8db3d8 
Number of updated asset objects reloaded before import = 0Number of asset objects unloaded after import = 1

========================================================================
Received Import Request.
  Time since last request: 0.000041 seconds.
  path: Assets/Downloaded/Footsteps - Essentials/Footsteps_Sand/Footsteps_Sand_Walk
  importAddress: Guid(29c85c8596497364e9934940a10a590c) Importer(2089858483,b0f066a214c2f5e87bad3c948f4d605d)
Start importing Assets/Downloaded/Footsteps - Essentials/Footsteps_Sand/Footsteps_Sand_Walk using Guid(29c85c8596497364e9934940a10a590c) Importer(2089858483,b0f066a214c2f5e87bad3c948f4d605d) (ScriptedImporter) -> (Import Result ID: 'fc9d6daa16d38a5471b9d4a8f9886b7b') in 0.0174192 seconds [static and dynamic dependencies]. Details - ImportResultOutputID=a9eb7f4646d129726e283736fbe5f56f DependenciesID=29a5df5d489dafd1fd884bfc8a1321a0 StaticDependenciesID=1e1233245e4242ebb0a76e008fe575c8 
Number of updated asset objects reloaded before import = 0Number of asset objects unloaded after import = 1

========================================================================
Received Prepare
Begin MonoManager ReloadAssembly
[Licensing::Client] Successfully resolved entitlement details
ADTM: Control thread waiting for realtime thread timed out, have to lock...
Assembly Assembly-CSharp-Editor-firstpass.dll at Library/ScriptAssemblies/Assembly-CSharp-Editor-firstpass.dll not valid. Loading of assembly skipped.
Assembly Assembly-CSharp-firstpass.dll at Library/ScriptAssemblies/Assembly-CSharp-firstpass.dll not valid. Loading of assembly skipped.
Assembly DocCodeExamples.dll at Library/ScriptAssemblies/DocCodeExamples.dll not valid. Loading of assembly skipped.
Assembly TestNewCustomAssembly.dll at Library/ScriptAssemblies/TestNewCustomAssembly.dll not valid. Loading of assembly skipped.
Assembly Unity.2D.Sprite.Package.EditorTests.dll at Library/ScriptAssemblies/Unity.2D.Sprite.Package.EditorTests.dll not valid. Loading of assembly skipped.
Assembly Unity.Collections.BurstCompatibilityGen.dll at Library/ScriptAssemblies/Unity.Collections.BurstCompatibilityGen.dll not valid. Loading of assembly skipped.
Assembly Unity.Collections.DocCodeSamples.dll at Library/ScriptAssemblies/Unity.Collections.DocCodeSamples.dll not valid. Loading of assembly skipped.
Assembly Unity.Collections.PerformanceTests.dll at Library/ScriptAssemblies/Unity.Collections.PerformanceTests.dll not valid. Loading of assembly skipped.
Assembly Unity.Collections.Tests.dll at Library/ScriptAssemblies/Unity.Collections.Tests.dll not valid. Loading of assembly skipped.
Assembly Unity.Collections.Tests.Playmode.dll at Library/ScriptAssemblies/Unity.Collections.Tests.Playmode.dll not valid. Loading of assembly skipped.
Assembly Unity.InputSystem.IntegrationTests.dll at Library/ScriptAssemblies/Unity.InputSystem.IntegrationTests.dll not valid. Loading of assembly skipped.
Assembly Unity.Mathematics.Tests.dll at Library/ScriptAssemblies/Unity.Mathematics.Tests.dll not valid. Loading of assembly skipped.
Assembly Unity.Multiplayer.Center.Editor.Tests.dll at Library/ScriptAssemblies/Unity.Multiplayer.Center.Editor.Tests.dll not valid. Loading of assembly skipped.
Assembly Unity.Multiplayer.Center.Tests.dll at Library/ScriptAssemblies/Unity.Multiplayer.Center.Tests.dll not valid. Loading of assembly skipped.
Assembly Unity.Nuget.Mono-Cecil.dll at Library/ScriptAssemblies/Unity.Nuget.Mono-Cecil.dll not valid. Loading of assembly skipped.
Assembly Unity.PathTracing.Editor.Tests.dll at Library/ScriptAssemblies/Unity.PathTracing.Editor.Tests.dll not valid. Loading of assembly skipped.
Assembly Unity.PathTracing.Runtime.Tests.dll at Library/ScriptAssemblies/Unity.PathTracing.Runtime.Tests.dll not valid. Loading of assembly skipped.
Assembly Unity.RenderPipelines.Core.Editor.Tests.dll at Library/ScriptAssemblies/Unity.RenderPipelines.Core.Editor.Tests.dll not valid. Loading of assembly skipped.
Assembly Unity.RenderPipelines.Core.Runtime.Tests.dll at Library/ScriptAssemblies/Unity.RenderPipelines.Core.Runtime.Tests.dll not valid. Loading of assembly skipped.
Assembly Unity.RenderPipelines.Universal.Config.Editor.Tests.dll at Library/ScriptAssemblies/Unity.RenderPipelines.Universal.Config.Editor.Tests.dll not valid. Loading of assembly skipped.
Assembly Unity.RenderPipelines.Universal.Editor.Tests.dll at Library/ScriptAssemblies/Unity.RenderPipelines.Universal.Editor.Tests.dll not valid. Loading of assembly skipped.
Assembly Unity.RenderPipelines.Universal.Runtime.Tests.dll at Library/ScriptAssemblies/Unity.RenderPipelines.Universal.Runtime.Tests.dll not valid. Loading of assembly skipped.
Assembly Unity.Searcher.EditorTests.dll at Library/ScriptAssemblies/Unity.Searcher.EditorTests.dll not valid. Loading of assembly skipped.
Assembly Unity.ShaderGraph.Editor.Tests.dll at Library/ScriptAssemblies/Unity.ShaderGraph.Editor.Tests.dll not valid. Loading of assembly skipped.
Assembly Unity.TextMeshPro.Editor.Tests.dll at Library/ScriptAssemblies/Unity.TextMeshPro.Editor.Tests.dll not valid. Loading of assembly skipped.
Assembly Unity.TextMeshPro.Tests.dll at Library/ScriptAssemblies/Unity.TextMeshPro.Tests.dll not valid. Loading of assembly skipped.
Assembly Unity.UnifiedRayTracing.Editor.Tests.dll at Library/ScriptAssemblies/Unity.UnifiedRayTracing.Editor.Tests.dll not valid. Loading of assembly skipped.
Assembly UnityEditor.UI.Common.Tests.dll at Library/ScriptAssemblies/UnityEditor.UI.Common.Tests.dll not valid. Loading of assembly skipped.
Assembly UnityEditor.UI.EditorTests.dll at Library/ScriptAssemblies/UnityEditor.UI.EditorTests.dll not valid. Loading of assembly skipped.
Assembly UnityEngine.UI.Tests.dll at Library/ScriptAssemblies/UnityEngine.UI.Tests.dll not valid. Loading of assembly skipped.
Refreshing native plugins compatible for Editor in 4.01 ms, found 4 plugins.
Native extension for WindowsStandalone target not found
Native extension for WebGL target not found
[Package Manager] Failed to launch server process. Reason: Unity was launched with the -noUpm command-line argument
[Package Manager] Unable to send message (not connected to server process).
[Package Manager] Cannot connect to Unity Package Manager local server
[Package Manager] Failed to launch server process. Reason: Unity was launched with the -noUpm command-line argument
[Package Manager] Unable to send message (not connected to server process).
[Package Manager] Cannot connect to Unity Package Manager local server
ScheduleIndexationOnStartup MainProcess:False IndexOnStartup:True
Mono: successfully reloaded assembly
- Finished resetting the current domain, in  1.606 seconds
Domain Reload Profiling: 4038ms
	BeginReloadAssembly (1418ms)
		DisableScriptedObjects (8ms)
		CreateAndSetChildDomain (1064ms)
	RebuildCommonClasses (73ms)
	RebuildNativeTypeToScriptingClass (26ms)
	initialDomainReloadingComplete (97ms)
	LoadAllAssembliesAndSetupDomain (816ms)
		LoadAssemblies (680ms)
		AnalyzeDomain (389ms)
			TypeCache.Refresh (14ms)
			BuildScriptInfoCaches (350ms)
			ResolveRequiredComponents (23ms)
	FinalizeReload (1607ms)
		SetupLoadedEditorAssemblies (0ms)
			InitializePlatformSupportModulesInManaged (6ms)
			BeforeProcessingInitializeOnLoad (265ms)
			ProcessInitializeOnLoadAttributes (827ms)
			ProcessInitializeOnLoadMethodAttributes (137ms)
			AfterProcessingInitializeOnLoad (3ms)
		AwakeInstancesAfterBackupRestoration (26ms)
Refreshing native plugins compatible for Editor in 3.82 ms, found 4 plugins.
Unloading 24 Unused Serialized files (Serialized files now loaded: 0)
Unloading 6633 unused Assets / (5.1 MB). Loaded Objects now: 7501.
Memory consumption went from 167.6 MB to 162.5 MB.
Total: 13.486400 ms (FindLiveObjects: 0.699300 ms CreateObjectMapping: 0.681200 ms MarkObjects: 8.691800 ms  DeleteObjects: 3.411500 ms)

Prepare: number of updated asset objects reloaded= 0
Editor requested this worker to shutdown with reason: Scaling down because of idle timeout
AssetImportWorker is now disconnected from the server
Process exiting
Exiting without the bug reporter. Application will terminate with return code 0