[Licensing::Module] Trying to connect to existing licensing client channel...
Built from '6000.4/staging' branch; Version is '6000.4.4f1 (360f97ecca93) revision 3542935'; Using compiler version '194234433'; Build Type 'Release'
[Licensing::IpcConnector] Successfully connected to: "LicenseClient-paulp" at "2026-05-04T21:10:21.2314717Z"
OS: 'Windows 11  (10.0.26200) Core' Language: 'en' Physical Memory: 32387 MB
BatchMode: 1, IsHumanControllingUs: 0, StartBugReporterOnCrash: 0, Is64bit: 1
System  architecture: x64
Process architecture: x64
Date: 2026-05-04T21:10:21Z

COMMAND LINE ARGUMENTS:
A:\UnityHub\Unity Hub\6000.4.4f1\Editor\Unity.exe
-adb2
-batchMode
-noUpm
-name
AssetImportWorker4
-projectPath
A:/UnityHub/CSC493FP-Work
-logFile
Logs/AssetImportWorker4.log
-srvPort
58648
-licensingIpc
LicenseClient-paulp
-force-d3d12
-job-worker-count
7
-background-job-worker-count
8
-gc-helper-count
1
-name
AssetImport
Successfully changed project path to: A:/UnityHub/CSC493FP-Work
A:/UnityHub/CSC493FP-Work
[UnityMemory] Configuration Parameters - Can be set up in boot.config
    "memorysetup-temp-allocator-size-gi-baking-worker=262144"
    "memorysetup-temp-allocator-size-gi-baking-worker=262144"
    "memorysetup-temp-allocator-size-gi-baking-worker=262144"
    "memorysetup-temp-allocator-size-gi-baking-worker=262144"
    "memorysetup-temp-allocator-size-gi-baking-worker=262144"
    "memorysetup-temp-allocator-size-nav-mesh-worker=65536"
    "memorysetup-temp-allocator-size-audio-worker=65536"
    "memorysetup-temp-allocator-size-cloud-worker=32768"
    "memorysetup-temp-allocator-size-gfx=262144"
    "memorysetup-temp-allocator-size-preload-manager=33554432"
    "memorysetup-temp-allocator-size-job-worker=262144"
    "memorysetup-temp-allocator-size-background-worker=32768"
    "memorysetup-allocator-temp-initial-block-size-main=262144"
    "memorysetup-allocator-temp-initial-block-size-worker=262144"
    "memorysetup-bucket-allocator-granularity=16"
    "memorysetup-bucket-allocator-bucket-count=8"
    "memorysetup-bucket-allocator-block-size=33554432"
    "memorysetup-bucket-allocator-block-count=8"
    "memorysetup-main-allocator-block-size=16777216"
    "memorysetup-thread-allocator-block-size=16777216"
    "memorysetup-gfx-main-allocator-block-size=16777216"
    "memorysetup-gfx-thread-allocator-block-size=16777216"
    "memorysetup-cache-allocator-block-size=4194304"
    "memorysetup-typetree-allocator-block-size=2097152"
    "memorysetup-profiler-bucket-allocator-granularity=16"
    "memorysetup-profiler-bucket-allocator-bucket-count=8"
    "memorysetup-profiler-bucket-allocator-block-size=33554432"
    "memorysetup-profiler-bucket-allocator-block-count=8"
    "memorysetup-profiler-allocator-block-size=16777216"
    "memorysetup-profiler-editor-allocator-block-size=1048576"
    "memorysetup-temp-allocator-size-main=16777216"
    "memorysetup-job-temp-allocator-block-size=2097152"
    "memorysetup-job-temp-allocator-block-size-background=1048576"
    "memorysetup-job-temp-allocator-reduction-small-platforms=262144"
Player connection [15792]  Target information:

Player connection [15792]  * "[IP] 192.168.0.96 [Port] 0 [Flags] 2 [Guid] 606630109 [EditorId] 606630109 [Version] 1048832 [Id] WindowsEditor(7,WarMachinePP) [Debug] 1 [PackageName] WindowsEditor [ProjectName] Editor" 

Player connection [15792] Host joined multi-casting on [225.0.0.222:54997]...
Player connection [15792] Host joined alternative multi-casting on [225.0.0.222:34997]...
JobSystem: Creating JobQueue using job-worker-count value 7
Input System module state changed to: Initialized.
[Physics::Module] Initialized fallback backend.
[Physics::Module] Id: 0xdecafbad
Library Redirect Path: Library/
[Physics::Module] Selected backend.
[Physics::Module] Name: PhysX
[Physics::Module] Id: 0xf2b8ea05
[Physics::Module] SDK Version: 4.1.2
[Physics::Module] Integration Version: 1.0.0
[Physics::Module] Threading Mode: Multi-Threaded
Refreshing native plugins compatible for Editor in 7.20 ms, found 4 plugins.
Initialize engine version: 6000.4.4f1 (360f97ecca93)
[Subsystems] Discovering subsystems at path A:/UnityHub/Unity Hub/6000.4.4f1/Editor/Data/Resources/UnitySubsystems
[Subsystems] Discovering subsystems at path A:/UnityHub/CSC493FP-Work/Assets
Forcing GfxDevice: Direct3D 12
GfxDevice: creating device client; kGfxThreadingModeNonThreaded
d3d12: failed to query info queue interface (0x80004002).
Direct3D:
    Version:         Direct3D 12 [level 12.2]
    Renderer:        NVIDIA GeForce RTX 4070 Laptop GPU (ID=0x2860)
    Vendor:          NVIDIA
    VRAM:            7948 MB
    App VRAM Budget: 7180 MB
    Driver:          32.0.15.9636
Initialize mono
Mono path[0] = 'A:/UnityHub/Unity Hub/6000.4.4f1/Editor/Data/Managed'
Mono path[1] = 'A:/UnityHub/Unity Hub/6000.4.4f1/Editor/Data/MonoBleedingEdge/lib/mono/unityjit-win32'
Mono config path = 'A:/UnityHub/Unity Hub/6000.4.4f1/Editor/Data/MonoBleedingEdge/etc'
Using monoOptions --debugger-agent=transport=dt_socket,embedding=1,server=y,suspend=n,address=127.0.0.1:56888
CodeReloadManager initialized
Begin MonoManager ReloadAssembly
Registering precompiled unity dll's ...
Register platform support module: A:/UnityHub/Unity Hub/6000.4.4f1/Editor/Data/PlaybackEngines/WebGLSupport/UnityEditor.WebGL.Extensions.dll
Register platform support module: A:/UnityHub/Unity Hub/6000.4.4f1/Editor/Data/PlaybackEngines/WindowsStandaloneSupport/UnityEditor.WindowsStandalone.Extensions.dll
Registered in 0.003218 seconds.
Native extension for WindowsStandalone target not found
Native extension for WebGL target not found
Package Manager log level set to [2]
[Package Manager] Failed to launch server process. Reason: Unity was launched with the -noUpm command-line argument
[Package Manager] Unable to send message (not connected to server process).
[Package Manager] Cannot connect to Unity Package Manager local server
ScheduleIndexationOnStartup MainProcess:False IndexOnStartup:True
Mono: successfully reloaded assembly
- Finished resetting the current domain, in  1.377 seconds
Domain Reload Profiling: 2224ms
	BeginReloadAssembly (271ms)
	RebuildCommonClasses (64ms)
	RebuildNativeTypeToScriptingClass (21ms)
	initialDomainReloadingComplete (111ms)
	LoadAllAssembliesAndSetupDomain (374ms)
		LoadAssemblies (271ms)
		AnalyzeDomain (356ms)
			TypeCache.Refresh (355ms)
				TypeCache.ScanAssembly (335ms)
	FinalizeReload (1383ms)
		SetupLoadedEditorAssemblies (0ms)
			InitializePlatformSupportModulesInManaged (82ms)
			BeforeProcessingInitializeOnLoad (282ms)
			ProcessInitializeOnLoadAttributes (492ms)
			ProcessInitializeOnLoadMethodAttributes (356ms)
========================================================================
Worker process is ready to serve import requests
Import Worker Mode flag is 0x00
[Licensing::Client] Error: HandshakeResponse reported an error:
	ResponseCode: 505
	ResponseStatus: Unsupported protocol version '1.18.1'.
[Licensing::Module] Error: Failed to handshake to channel: "LicenseClient-paulp"
[Licensing::IpcConnector] LicenseClient-paulp channel disconnected successfully.
[Licensing::IpcConnector] Successfully connected to: "LicenseClient-paulp-6000.4.4" at "2026-05-04T21:10:26.0350774Z"
Begin MonoManager ReloadAssembly
[Licensing::Module] Licensing is not yet initialized.
[Licensing::Client] Handshaking with LicensingClient:
  Version:                 1.18.1+9fbee8e
  Session Id:              14c02264ffa94ea382bf8796353c07d1
  Correlation Id:          0ed2e0aa8a725d0709b580bcf38da216
  External correlation Id: 2536175695105024725
  Machine Id:              qRZcJ3jZoV+klU0f72OZIpRyvBw=
[Licensing::Module] Successfully connected to LicensingClient on channel: "LicenseClient-paulp-6000.4.4" (connect: 0.00s, validation: 0.00s, handshake: 3.26s)
[Licensing::IpcConnector] Successfully connected to: "LicenseClient-paulp-6000.4.4-notifications" at "2026-05-04T21:10:29.3028133Z"
[Licensing::Module] Licensing Background thread has ended after 8.07s
[Licensing::Module] Licensing is initialized (took 3.10s).
[Licensing::Client] Successfully resolved entitlement details
[Licensing::Module] License group:
  Id: 2474244442130-UnityPersXXXX
  Product: Unity Personal
  Type: Assigned
  Expiration: Unlimited
Assembly Assembly-CSharp-Editor-firstpass.dll at Library/ScriptAssemblies/Assembly-CSharp-Editor-firstpass.dll not valid. Loading of assembly skipped.
Assembly Assembly-CSharp-firstpass.dll at Library/ScriptAssemblies/Assembly-CSharp-firstpass.dll not valid. Loading of assembly skipped.
Assembly DocCodeExamples.dll at Library/ScriptAssemblies/DocCodeExamples.dll not valid. Loading of assembly skipped.
Assembly TestNewCustomAssembly.dll at Library/ScriptAssemblies/TestNewCustomAssembly.dll not valid. Loading of assembly skipped.
Assembly Unity.2D.Sprite.Package.EditorTests.dll at Library/ScriptAssemblies/Unity.2D.Sprite.Package.EditorTests.dll not valid. Loading of assembly skipped.
Assembly Unity.Collections.BurstCompatibilityGen.dll at Library/ScriptAssemblies/Unity.Collections.BurstCompatibilityGen.dll not valid. Loading of assembly skipped.
Assembly Unity.Collections.DocCodeSamples.dll at Library/ScriptAssemblies/Unity.Collections.DocCodeSamples.dll not valid. Loading of assembly skipped.
Assembly Unity.Collections.PerformanceTests.dll at Library/ScriptAssemblies/Unity.Collections.PerformanceTests.dll not valid. Loading of assembly skipped.
Assembly Unity.Collections.Tests.dll at Library/ScriptAssemblies/Unity.Collections.Tests.dll not valid. Loading of assembly skipped.
Assembly Unity.Collections.Tests.Playmode.dll at Library/ScriptAssemblies/Unity.Collections.Tests.Playmode.dll not valid. Loading of assembly skipped.
Assembly Unity.InputSystem.IntegrationTests.dll at Library/ScriptAssemblies/Unity.InputSystem.IntegrationTests.dll not valid. Loading of assembly skipped.
Assembly Unity.Mathematics.Tests.dll at Library/ScriptAssemblies/Unity.Mathematics.Tests.dll not valid. Loading of assembly skipped.
Assembly Unity.Multiplayer.Center.Editor.Tests.dll at Library/ScriptAssemblies/Unity.Multiplayer.Center.Editor.Tests.dll not valid. Loading of assembly skipped.
Assembly Unity.Multiplayer.Center.Tests.dll at Library/ScriptAssemblies/Unity.Multiplayer.Center.Tests.dll not valid. Loading of assembly skipped.
Assembly Unity.Nuget.Mono-Cecil.dll at Library/ScriptAssemblies/Unity.Nuget.Mono-Cecil.dll not valid. Loading of assembly skipped.
Assembly Unity.PathTracing.Editor.Tests.dll at Library/ScriptAssemblies/Unity.PathTracing.Editor.Tests.dll not valid. Loading of assembly skipped.
Assembly Unity.PathTracing.Runtime.Tests.dll at Library/ScriptAssemblies/Unity.PathTracing.Runtime.Tests.dll not valid. Loading of assembly skipped.
Assembly Unity.RenderPipelines.Core.Editor.Tests.dll at Library/ScriptAssemblies/Unity.RenderPipelines.Core.Editor.Tests.dll not valid. Loading of assembly skipped.
Assembly Unity.RenderPipelines.Core.Runtime.Tests.dll at Library/ScriptAssemblies/Unity.RenderPipelines.Core.Runtime.Tests.dll not valid. Loading of assembly skipped.
Assembly Unity.RenderPipelines.Universal.Config.Editor.Tests.dll at Library/ScriptAssemblies/Unity.RenderPipelines.Universal.Config.Editor.Tests.dll not valid. Loading of assembly skipped.
Assembly Unity.RenderPipelines.Universal.Editor.Tests.dll at Library/ScriptAssemblies/Unity.RenderPipelines.Universal.Editor.Tests.dll not valid. Loading of assembly skipped.
Assembly Unity.RenderPipelines.Universal.Runtime.Tests.dll at Library/ScriptAssemblies/Unity.RenderPipelines.Universal.Runtime.Tests.dll not valid. Loading of assembly skipped.
Assembly Unity.Searcher.EditorTests.dll at Library/ScriptAssemblies/Unity.Searcher.EditorTests.dll not valid. Loading of assembly skipped.
Assembly Unity.ShaderGraph.Editor.Tests.dll at Library/ScriptAssemblies/Unity.ShaderGraph.Editor.Tests.dll not valid. Loading of assembly skipped.
Assembly Unity.TextMeshPro.Editor.Tests.dll at Library/ScriptAssemblies/Unity.TextMeshPro.Editor.Tests.dll not valid. Loading of assembly skipped.
Assembly Unity.TextMeshPro.Tests.dll at Library/ScriptAssemblies/Unity.TextMeshPro.Tests.dll not valid. Loading of assembly skipped.
Assembly Unity.UnifiedRayTracing.Editor.Tests.dll at Library/ScriptAssemblies/Unity.UnifiedRayTracing.Editor.Tests.dll not valid. Loading of assembly skipped.
Assembly UnityEditor.UI.Common.Tests.dll at Library/ScriptAssemblies/UnityEditor.UI.Common.Tests.dll not valid. Loading of assembly skipped.
Assembly UnityEditor.UI.EditorTests.dll at Library/ScriptAssemblies/UnityEditor.UI.EditorTests.dll not valid. Loading of assembly skipped.
Assembly UnityEngine.UI.Tests.dll at Library/ScriptAssemblies/UnityEngine.UI.Tests.dll not valid. Loading of assembly skipped.
Refreshing native plugins compatible for Editor in 2.95 ms, found 4 plugins.
Native extension for WindowsStandalone target not found
Native extension for WebGL target not found
[Package Manager] Failed to launch server process. Reason: Unity was launched with the -noUpm command-line argument
[Package Manager] Unable to send message (not connected to server process).
[Package Manager] Cannot connect to Unity Package Manager local server
Refreshing native plugins compatible for Editor in 3.81 ms, found 4 plugins.
[Package Manager] Failed to launch server process. Reason: Unity was launched with the -noUpm command-line argument
[Package Manager] Unable to send message (not connected to server process).
[Package Manager] Cannot connect to Unity Package Manager local server
ScheduleIndexationOnStartup MainProcess:False IndexOnStartup:True
Mono: successfully reloaded assembly
- Finished resetting the current domain, in  1.382 seconds
Domain Reload Profiling: 5777ms
	BeginReloadAssembly (3412ms)
		DisableScriptedObjects (8ms)
		CreateAndSetChildDomain (45ms)
	RebuildCommonClasses (58ms)
	RebuildNativeTypeToScriptingClass (18ms)
	initialDomainReloadingComplete (103ms)
	LoadAllAssembliesAndSetupDomain (803ms)
		LoadAssemblies (597ms)
		AnalyzeDomain (396ms)
			TypeCache.Refresh (283ms)
				TypeCache.ScanAssembly (261ms)
			BuildScriptInfoCaches (94ms)
			ResolveRequiredComponents (16ms)
	FinalizeReload (1383ms)
		SetupLoadedEditorAssemblies (0ms)
			InitializePlatformSupportModulesInManaged (4ms)
			BeforeProcessingInitializeOnLoad (202ms)
			ProcessInitializeOnLoadAttributes (716ms)
			ProcessInitializeOnLoadMethodAttributes (124ms)
			AfterProcessingInitializeOnLoad (3ms)
		AwakeInstancesAfterBackupRestoration (10ms)
Launched and connected shader compiler UnityShaderCompiler.exe after 0.04 seconds
Refreshing native plugins compatible for Editor in 2.49 ms, found 4 plugins.
Unloading 24 Unused Serialized files (Serialized files now loaded: 0)
Unloading 6635 unused Assets / (5.4 MB). Loaded Objects now: 7459.
Memory consumption went from 160.1 MB to 154.7 MB.
Total: 10.644500 ms (FindLiveObjects: 0.577200 ms CreateObjectMapping: 0.457800 ms MarkObjects: 7.170800 ms  DeleteObjects: 2.435100 ms)

========================================================================
Received Prepare
Begin MonoManager ReloadAssembly
Assembly Assembly-CSharp-Editor-firstpass.dll at Library/ScriptAssemblies/Assembly-CSharp-Editor-firstpass.dll not valid. Loading of assembly skipped.
Assembly Assembly-CSharp-firstpass.dll at Library/ScriptAssemblies/Assembly-CSharp-firstpass.dll not valid. Loading of assembly skipped.
Assembly DocCodeExamples.dll at Library/ScriptAssemblies/DocCodeExamples.dll not valid. Loading of assembly skipped.
Assembly TestNewCustomAssembly.dll at Library/ScriptAssemblies/TestNewCustomAssembly.dll not valid. Loading of assembly skipped.
Assembly Unity.2D.Sprite.Package.EditorTests.dll at Library/ScriptAssemblies/Unity.2D.Sprite.Package.EditorTests.dll not valid. Loading of assembly skipped.
Assembly Unity.Collections.BurstCompatibilityGen.dll at Library/ScriptAssemblies/Unity.Collections.BurstCompatibilityGen.dll not valid. Loading of assembly skipped.
Assembly Unity.Collections.DocCodeSamples.dll at Library/ScriptAssemblies/Unity.Collections.DocCodeSamples.dll not valid. Loading of assembly skipped.
Assembly Unity.Collections.PerformanceTests.dll at Library/ScriptAssemblies/Unity.Collections.PerformanceTests.dll not valid. Loading of assembly skipped.
Assembly Unity.Collections.Tests.dll at Library/ScriptAssemblies/Unity.Collections.Tests.dll not valid. Loading of assembly skipped.
Assembly Unity.Collections.Tests.Playmode.dll at Library/ScriptAssemblies/Unity.Collections.Tests.Playmode.dll not valid. Loading of assembly skipped.
Assembly Unity.InputSystem.IntegrationTests.dll at Library/ScriptAssemblies/Unity.InputSystem.IntegrationTests.dll not valid. Loading of assembly skipped.
Assembly Unity.Mathematics.Tests.dll at Library/ScriptAssemblies/Unity.Mathematics.Tests.dll not valid. Loading of assembly skipped.
Assembly Unity.Multiplayer.Center.Editor.Tests.dll at Library/ScriptAssemblies/Unity.Multiplayer.Center.Editor.Tests.dll not valid. Loading of assembly skipped.
Assembly Unity.Multiplayer.Center.Tests.dll at Library/ScriptAssemblies/Unity.Multiplayer.Center.Tests.dll not valid. Loading of assembly skipped.
Assembly Unity.Nuget.Mono-Cecil.dll at Library/ScriptAssemblies/Unity.Nuget.Mono-Cecil.dll not valid. Loading of assembly skipped.
Assembly Unity.PathTracing.Editor.Tests.dll at Library/ScriptAssemblies/Unity.PathTracing.Editor.Tests.dll not valid. Loading of assembly skipped.
Assembly Unity.PathTracing.Runtime.Tests.dll at Library/ScriptAssemblies/Unity.PathTracing.Runtime.Tests.dll not valid. Loading of assembly skipped.
Assembly Unity.RenderPipelines.Core.Editor.Tests.dll at Library/ScriptAssemblies/Unity.RenderPipelines.Core.Editor.Tests.dll not valid. Loading of assembly skipped.
Assembly Unity.RenderPipelines.Core.Runtime.Tests.dll at Library/ScriptAssemblies/Unity.RenderPipelines.Core.Runtime.Tests.dll not valid. Loading of assembly skipped.
Assembly Unity.RenderPipelines.Universal.Config.Editor.Tests.dll at Library/ScriptAssemblies/Unity.RenderPipelines.Universal.Config.Editor.Tests.dll not valid. Loading of assembly skipped.
Assembly Unity.RenderPipelines.Universal.Editor.Tests.dll at Library/ScriptAssemblies/Unity.RenderPipelines.Universal.Editor.Tests.dll not valid. Loading of assembly skipped.
Assembly Unity.RenderPipelines.Universal.Runtime.Tests.dll at Library/ScriptAssemblies/Unity.RenderPipelines.Universal.Runtime.Tests.dll not valid. Loading of assembly skipped.
Assembly Unity.Searcher.EditorTests.dll at Library/ScriptAssemblies/Unity.Searcher.EditorTests.dll not valid. Loading of assembly skipped.
Assembly Unity.ShaderGraph.Editor.Tests.dll at Library/ScriptAssemblies/Unity.ShaderGraph.Editor.Tests.dll not valid. Loading of assembly skipped.
Assembly Unity.TextMeshPro.Editor.Tests.dll at Library/ScriptAssemblies/Unity.TextMeshPro.Editor.Tests.dll not valid. Loading of assembly skipped.
Assembly Unity.TextMeshPro.Tests.dll at Library/ScriptAssemblies/Unity.TextMeshPro.Tests.dll not valid. Loading of assembly skipped.
Assembly Unity.UnifiedRayTracing.Editor.Tests.dll at Library/ScriptAssemblies/Unity.UnifiedRayTracing.Editor.Tests.dll not valid. Loading of assembly skipped.
Assembly UnityEditor.UI.Common.Tests.dll at Library/ScriptAssemblies/UnityEditor.UI.Common.Tests.dll not valid. Loading of assembly skipped.
Assembly UnityEditor.UI.EditorTests.dll at Library/ScriptAssemblies/UnityEditor.UI.EditorTests.dll not valid. Loading of assembly skipped.
Assembly UnityEngine.UI.Tests.dll at Library/ScriptAssemblies/UnityEngine.UI.Tests.dll not valid. Loading of assembly skipped.
Refreshing native plugins compatible for Editor in 3.01 ms, found 4 plugins.
Native extension for WindowsStandalone target not found
Native extension for WebGL target not found
[Package Manager] Failed to launch server process. Reason: Unity was launched with the -noUpm command-line argument
[Package Manager] Unable to send message (not connected to server process).
[Package Manager] Cannot connect to Unity Package Manager local server
[Package Manager] Failed to launch server process. Reason: Unity was launched with the -noUpm command-line argument
[Package Manager] Unable to send message (not connected to server process).
[Package Manager] Cannot connect to Unity Package Manager local server
ScheduleIndexationOnStartup MainProcess:False IndexOnStartup:True
Mono: successfully reloaded assembly
- Finished resetting the current domain, in  1.398 seconds
Domain Reload Profiling: 2613ms
	BeginReloadAssembly (361ms)
		DisableScriptedObjects (7ms)
		CreateAndSetChildDomain (61ms)
	RebuildCommonClasses (59ms)
	RebuildNativeTypeToScriptingClass (20ms)
	initialDomainReloadingComplete (99ms)
	LoadAllAssembliesAndSetupDomain (675ms)
		LoadAssemblies (575ms)
		AnalyzeDomain (304ms)
			TypeCache.Refresh (13ms)
			BuildScriptInfoCaches (273ms)
			ResolveRequiredComponents (16ms)
	FinalizeReload (1399ms)
		SetupLoadedEditorAssemblies (0ms)
			InitializePlatformSupportModulesInManaged (5ms)
			BeforeProcessingInitializeOnLoad (239ms)
			ProcessInitializeOnLoadAttributes (705ms)
			ProcessInitializeOnLoadMethodAttributes (107ms)
			AfterProcessingInitializeOnLoad (3ms)
		AwakeInstancesAfterBackupRestoration (25ms)
Refreshing native plugins compatible for Editor in 2.72 ms, found 4 plugins.
Unloading 24 Unused Serialized files (Serialized files now loaded: 0)
Unloading 6633 unused Assets / (5.2 MB). Loaded Objects now: 7475.
Memory consumption went from 165.0 MB to 159.8 MB.
Total: 11.646400 ms (FindLiveObjects: 0.771500 ms CreateObjectMapping: 0.442800 ms MarkObjects: 7.673800 ms  DeleteObjects: 2.755800 ms)

Prepare: number of updated asset objects reloaded= 0
========================================================================
Received Prepare
Begin MonoManager ReloadAssembly
[Licensing::Client] Successfully resolved entitlement details
Assembly Assembly-CSharp-Editor-firstpass.dll at Library/ScriptAssemblies/Assembly-CSharp-Editor-firstpass.dll not valid. Loading of assembly skipped.
Assembly Assembly-CSharp-firstpass.dll at Library/ScriptAssemblies/Assembly-CSharp-firstpass.dll not valid. Loading of assembly skipped.
Assembly DocCodeExamples.dll at Library/ScriptAssemblies/DocCodeExamples.dll not valid. Loading of assembly skipped.
Assembly TestNewCustomAssembly.dll at Library/ScriptAssemblies/TestNewCustomAssembly.dll not valid. Loading of assembly skipped.
Assembly Unity.2D.Sprite.Package.EditorTests.dll at Library/ScriptAssemblies/Unity.2D.Sprite.Package.EditorTests.dll not valid. Loading of assembly skipped.
Assembly Unity.Collections.BurstCompatibilityGen.dll at Library/ScriptAssemblies/Unity.Collections.BurstCompatibilityGen.dll not valid. Loading of assembly skipped.
Assembly Unity.Collections.DocCodeSamples.dll at Library/ScriptAssemblies/Unity.Collections.DocCodeSamples.dll not valid. Loading of assembly skipped.
Assembly Unity.Collections.PerformanceTests.dll at Library/ScriptAssemblies/Unity.Collections.PerformanceTests.dll not valid. Loading of assembly skipped.
Assembly Unity.Collections.Tests.dll at Library/ScriptAssemblies/Unity.Collections.Tests.dll not valid. Loading of assembly skipped.
Assembly Unity.Collections.Tests.Playmode.dll at Library/ScriptAssemblies/Unity.Collections.Tests.Playmode.dll not valid. Loading of assembly skipped.
Assembly Unity.InputSystem.IntegrationTests.dll at Library/ScriptAssemblies/Unity.InputSystem.IntegrationTests.dll not valid. Loading of assembly skipped.
Assembly Unity.Mathematics.Tests.dll at Library/ScriptAssemblies/Unity.Mathematics.Tests.dll not valid. Loading of assembly skipped.
Assembly Unity.Multiplayer.Center.Editor.Tests.dll at Library/ScriptAssemblies/Unity.Multiplayer.Center.Editor.Tests.dll not valid. Loading of assembly skipped.
Assembly Unity.Multiplayer.Center.Tests.dll at Library/ScriptAssemblies/Unity.Multiplayer.Center.Tests.dll not valid. Loading of assembly skipped.
Assembly Unity.Nuget.Mono-Cecil.dll at Library/ScriptAssemblies/Unity.Nuget.Mono-Cecil.dll not valid. Loading of assembly skipped.
Assembly Unity.PathTracing.Editor.Tests.dll at Library/ScriptAssemblies/Unity.PathTracing.Editor.Tests.dll not valid. Loading of assembly skipped.
Assembly Unity.PathTracing.Runtime.Tests.dll at Library/ScriptAssemblies/Unity.PathTracing.Runtime.Tests.dll not valid. Loading of assembly skipped.
Assembly Unity.RenderPipelines.Core.Editor.Tests.dll at Library/ScriptAssemblies/Unity.RenderPipelines.Core.Editor.Tests.dll not valid. Loading of assembly skipped.
Assembly Unity.RenderPipelines.Core.Runtime.Tests.dll at Library/ScriptAssemblies/Unity.RenderPipelines.Core.Runtime.Tests.dll not valid. Loading of assembly skipped.
Assembly Unity.RenderPipelines.Universal.Config.Editor.Tests.dll at Library/ScriptAssemblies/Unity.RenderPipelines.Universal.Config.Editor.Tests.dll not valid. Loading of assembly skipped.
Assembly Unity.RenderPipelines.Universal.Editor.Tests.dll at Library/ScriptAssemblies/Unity.RenderPipelines.Universal.Editor.Tests.dll not valid. Loading of assembly skipped.
Assembly Unity.RenderPipelines.Universal.Runtime.Tests.dll at Library/ScriptAssemblies/Unity.RenderPipelines.Universal.Runtime.Tests.dll not valid. Loading of assembly skipped.
Assembly Unity.Searcher.EditorTests.dll at Library/ScriptAssemblies/Unity.Searcher.EditorTests.dll not valid. Loading of assembly skipped.
Assembly Unity.ShaderGraph.Editor.Tests.dll at Library/ScriptAssemblies/Unity.ShaderGraph.Editor.Tests.dll not valid. Loading of assembly skipped.
Assembly Unity.TextMeshPro.Editor.Tests.dll at Library/ScriptAssemblies/Unity.TextMeshPro.Editor.Tests.dll not valid. Loading of assembly skipped.
Assembly Unity.TextMeshPro.Tests.dll at Library/ScriptAssemblies/Unity.TextMeshPro.Tests.dll not valid. Loading of assembly skipped.
Assembly Unity.UnifiedRayTracing.Editor.Tests.dll at Library/ScriptAssemblies/Unity.UnifiedRayTracing.Editor.Tests.dll not valid. Loading of assembly skipped.
Assembly UnityEditor.UI.Common.Tests.dll at Library/ScriptAssemblies/UnityEditor.UI.Common.Tests.dll not valid. Loading of assembly skipped.
Assembly UnityEditor.UI.EditorTests.dll at Library/ScriptAssemblies/UnityEditor.UI.EditorTests.dll not valid. Loading of assembly skipped.
Assembly UnityEngine.UI.Tests.dll at Library/ScriptAssemblies/UnityEngine.UI.Tests.dll not valid. Loading of assembly skipped.
Refreshing native plugins compatible for Editor in 2.35 ms, found 4 plugins.
Native extension for WindowsStandalone target not found
Native extension for WebGL target not found
[Package Manager] Failed to launch server process. Reason: Unity was launched with the -noUpm command-line argument
[Package Manager] Unable to send message (not connected to server process).
[Package Manager] Cannot connect to Unity Package Manager local server
[Package Manager] Failed to launch server process. Reason: Unity was launched with the -noUpm command-line argument
[Package Manager] Unable to send message (not connected to server process).
[Package Manager] Cannot connect to Unity Package Manager local server
ScheduleIndexationOnStartup MainProcess:False IndexOnStartup:True
Mono: successfully reloaded assembly
- Finished resetting the current domain, in  1.249 seconds
Domain Reload Profiling: 2457ms
	BeginReloadAssembly (373ms)
		DisableScriptedObjects (8ms)
		CreateAndSetChildDomain (59ms)
	RebuildCommonClasses (75ms)
	RebuildNativeTypeToScriptingClass (24ms)
	initialDomainReloadingComplete (89ms)
	LoadAllAssembliesAndSetupDomain (647ms)
		LoadAssemblies (568ms)
		AnalyzeDomain (285ms)
			TypeCache.Refresh (15ms)
			BuildScriptInfoCaches (251ms)
			ResolveRequiredComponents (16ms)
	FinalizeReload (1249ms)
		SetupLoadedEditorAssemblies (0ms)
			InitializePlatformSupportModulesInManaged (3ms)
			BeforeProcessingInitializeOnLoad (207ms)
			ProcessInitializeOnLoadAttributes (655ms)
			ProcessInitializeOnLoadMethodAttributes (115ms)
			AfterProcessingInitializeOnLoad (4ms)
		AwakeInstancesAfterBackupRestoration (24ms)
Refreshing native plugins compatible for Editor in 3.66 ms, found 4 plugins.
Unloading 24 Unused Serialized files (Serialized files now loaded: 0)
Unloading 6633 unused Assets / (5.3 MB). Loaded Objects now: 7478.
Memory consumption went from 168.0 MB to 162.7 MB.
Total: 11.098300 ms (FindLiveObjects: 0.610600 ms CreateObjectMapping: 0.437500 ms MarkObjects: 7.612800 ms  DeleteObjects: 2.435500 ms)

Prepare: number of updated asset objects reloaded= 0
========================================================================
Received Prepare
Begin MonoManager ReloadAssembly
Assembly Assembly-CSharp-Editor-firstpass.dll at Library/ScriptAssemblies/Assembly-CSharp-Editor-firstpass.dll not valid. Loading of assembly skipped.
Assembly Assembly-CSharp-firstpass.dll at Library/ScriptAssemblies/Assembly-CSharp-firstpass.dll not valid. Loading of assembly skipped.
Assembly DocCodeExamples.dll at Library/ScriptAssemblies/DocCodeExamples.dll not valid. Loading of assembly skipped.
Assembly TestNewCustomAssembly.dll at Library/ScriptAssemblies/TestNewCustomAssembly.dll not valid. Loading of assembly skipped.
Assembly Unity.2D.Sprite.Package.EditorTests.dll at Library/ScriptAssemblies/Unity.2D.Sprite.Package.EditorTests.dll not valid. Loading of assembly skipped.
Assembly Unity.Collections.BurstCompatibilityGen.dll at Library/ScriptAssemblies/Unity.Collections.BurstCompatibilityGen.dll not valid. Loading of assembly skipped.
Assembly Unity.Collections.DocCodeSamples.dll at Library/ScriptAssemblies/Unity.Collections.DocCodeSamples.dll not valid. Loading of assembly skipped.
Assembly Unity.Collections.PerformanceTests.dll at Library/ScriptAssemblies/Unity.Collections.PerformanceTests.dll not valid. Loading of assembly skipped.
Assembly Unity.Collections.Tests.dll at Library/ScriptAssemblies/Unity.Collections.Tests.dll not valid. Loading of assembly skipped.
Assembly Unity.Collections.Tests.Playmode.dll at Library/ScriptAssemblies/Unity.Collections.Tests.Playmode.dll not valid. Loading of assembly skipped.
Assembly Unity.InputSystem.IntegrationTests.dll at Library/ScriptAssemblies/Unity.InputSystem.IntegrationTests.dll not valid. Loading of assembly skipped.
Assembly Unity.Mathematics.Tests.dll at Library/ScriptAssemblies/Unity.Mathematics.Tests.dll not valid. Loading of assembly skipped.
Assembly Unity.Multiplayer.Center.Editor.Tests.dll at Library/ScriptAssemblies/Unity.Multiplayer.Center.Editor.Tests.dll not valid. Loading of assembly skipped.
Assembly Unity.Multiplayer.Center.Tests.dll at Library/ScriptAssemblies/Unity.Multiplayer.Center.Tests.dll not valid. Loading of assembly skipped.
Assembly Unity.Nuget.Mono-Cecil.dll at Library/ScriptAssemblies/Unity.Nuget.Mono-Cecil.dll not valid. Loading of assembly skipped.
Assembly Unity.PathTracing.Editor.Tests.dll at Library/ScriptAssemblies/Unity.PathTracing.Editor.Tests.dll not valid. Loading of assembly skipped.
Assembly Unity.PathTracing.Runtime.Tests.dll at Library/ScriptAssemblies/Unity.PathTracing.Runtime.Tests.dll not valid. Loading of assembly skipped.
Assembly Unity.RenderPipelines.Core.Editor.Tests.dll at Library/ScriptAssemblies/Unity.RenderPipelines.Core.Editor.Tests.dll not valid. Loading of assembly skipped.
Assembly Unity.RenderPipelines.Core.Runtime.Tests.dll at Library/ScriptAssemblies/Unity.RenderPipelines.Core.Runtime.Tests.dll not valid. Loading of assembly skipped.
Assembly Unity.RenderPipelines.Universal.Config.Editor.Tests.dll at Library/ScriptAssemblies/Unity.RenderPipelines.Universal.Config.Editor.Tests.dll not valid. Loading of assembly skipped.
Assembly Unity.RenderPipelines.Universal.Editor.Tests.dll at Library/ScriptAssemblies/Unity.RenderPipelines.Universal.Editor.Tests.dll not valid. Loading of assembly skipped.
Assembly Unity.RenderPipelines.Universal.Runtime.Tests.dll at Library/ScriptAssemblies/Unity.RenderPipelines.Universal.Runtime.Tests.dll not valid. Loading of assembly skipped.
Assembly Unity.Searcher.EditorTests.dll at Library/ScriptAssemblies/Unity.Searcher.EditorTests.dll not valid. Loading of assembly skipped.
Assembly Unity.ShaderGraph.Editor.Tests.dll at Library/ScriptAssemblies/Unity.ShaderGraph.Editor.Tests.dll not valid. Loading of assembly skipped.
Assembly Unity.TextMeshPro.Editor.Tests.dll at Library/ScriptAssemblies/Unity.TextMeshPro.Editor.Tests.dll not valid. Loading of assembly skipped.
Assembly Unity.TextMeshPro.Tests.dll at Library/ScriptAssemblies/Unity.TextMeshPro.Tests.dll not valid. Loading of assembly skipped.
Assembly Unity.UnifiedRayTracing.Editor.Tests.dll at Library/ScriptAssemblies/Unity.UnifiedRayTracing.Editor.Tests.dll not valid. Loading of assembly skipped.
Assembly UnityEditor.UI.Common.Tests.dll at Library/ScriptAssemblies/UnityEditor.UI.Common.Tests.dll not valid. Loading of assembly skipped.
Assembly UnityEditor.UI.EditorTests.dll at Library/ScriptAssemblies/UnityEditor.UI.EditorTests.dll not valid. Loading of assembly skipped.
Assembly UnityEngine.UI.Tests.dll at Library/ScriptAssemblies/UnityEngine.UI.Tests.dll not valid. Loading of assembly skipped.
Refreshing native plugins compatible for Editor in 3.28 ms, found 4 plugins.
Native extension for WindowsStandalone target not found
Native extension for WebGL target not found
[Package Manager] Failed to launch server process. Reason: Unity was launched with the -noUpm command-line argument
[Package Manager] Unable to send message (not connected to server process).
[Package Manager] Cannot connect to Unity Package Manager local server
[Package Manager] Failed to launch server process. Reason: Unity was launched with the -noUpm command-line argument
[Package Manager] Unable to send message (not connected to server process).
[Package Manager] Cannot connect to Unity Package Manager local server
ScheduleIndexationOnStartup MainProcess:False IndexOnStartup:True
Mono: successfully reloaded assembly
- Finished resetting the current domain, in  1.222 seconds
Domain Reload Profiling: 2349ms
	BeginReloadAssembly (327ms)
		DisableScriptedObjects (7ms)
		CreateAndSetChildDomain (55ms)
	RebuildCommonClasses (55ms)
	RebuildNativeTypeToScriptingClass (19ms)
	initialDomainReloadingComplete (87ms)
	LoadAllAssembliesAndSetupDomain (638ms)
		LoadAssemblies (534ms)
		AnalyzeDomain (289ms)
			TypeCache.Refresh (12ms)
			BuildScriptInfoCaches (255ms)
			ResolveRequiredComponents (19ms)
	FinalizeReload (1223ms)
		SetupLoadedEditorAssemblies (0ms)
			InitializePlatformSupportModulesInManaged (3ms)
			BeforeProcessingInitializeOnLoad (218ms)
			ProcessInitializeOnLoadAttributes (626ms)
			ProcessInitializeOnLoadMethodAttributes (110ms)
			AfterProcessingInitializeOnLoad (3ms)
		AwakeInstancesAfterBackupRestoration (21ms)
Refreshing native plugins compatible for Editor in 2.20 ms, found 4 plugins.
Unloading 24 Unused Serialized files (Serialized files now loaded: 0)
Unloading 6633 unused Assets / (5.1 MB). Loaded Objects now: 7481.
Memory consumption went from 171.2 MB to 166.1 MB.
Total: 9.817600 ms (FindLiveObjects: 0.589800 ms CreateObjectMapping: 0.485900 ms MarkObjects: 6.379500 ms  DeleteObjects: 2.361300 ms)

Prepare: number of updated asset objects reloaded= 0
========================================================================
Received Prepare
Begin MonoManager ReloadAssembly
[Licensing::Client] Successfully resolved entitlement details
Assembly Assembly-CSharp-Editor-firstpass.dll at Library/ScriptAssemblies/Assembly-CSharp-Editor-firstpass.dll not valid. Loading of assembly skipped.
Assembly Assembly-CSharp-firstpass.dll at Library/ScriptAssemblies/Assembly-CSharp-firstpass.dll not valid. Loading of assembly skipped.
Assembly DocCodeExamples.dll at Library/ScriptAssemblies/DocCodeExamples.dll not valid. Loading of assembly skipped.
Assembly TestNewCustomAssembly.dll at Library/ScriptAssemblies/TestNewCustomAssembly.dll not valid. Loading of assembly skipped.
Assembly Unity.2D.Sprite.Package.EditorTests.dll at Library/ScriptAssemblies/Unity.2D.Sprite.Package.EditorTests.dll not valid. Loading of assembly skipped.
Assembly Unity.Collections.BurstCompatibilityGen.dll at Library/ScriptAssemblies/Unity.Collections.BurstCompatibilityGen.dll not valid. Loading of assembly skipped.
Assembly Unity.Collections.DocCodeSamples.dll at Library/ScriptAssemblies/Unity.Collections.DocCodeSamples.dll not valid. Loading of assembly skipped.
Assembly Unity.Collections.PerformanceTests.dll at Library/ScriptAssemblies/Unity.Collections.PerformanceTests.dll not valid. Loading of assembly skipped.
Assembly Unity.Collections.Tests.dll at Library/ScriptAssemblies/Unity.Collections.Tests.dll not valid. Loading of assembly skipped.
Assembly Unity.Collections.Tests.Playmode.dll at Library/ScriptAssemblies/Unity.Collections.Tests.Playmode.dll not valid. Loading of assembly skipped.
Assembly Unity.InputSystem.IntegrationTests.dll at Library/ScriptAssemblies/Unity.InputSystem.IntegrationTests.dll not valid. Loading of assembly skipped.
Assembly Unity.Mathematics.Tests.dll at Library/ScriptAssemblies/Unity.Mathematics.Tests.dll not valid. Loading of assembly skipped.
Assembly Unity.Multiplayer.Center.Editor.Tests.dll at Library/ScriptAssemblies/Unity.Multiplayer.Center.Editor.Tests.dll not valid. Loading of assembly skipped.
Assembly Unity.Multiplayer.Center.Tests.dll at Library/ScriptAssemblies/Unity.Multiplayer.Center.Tests.dll not valid. Loading of assembly skipped.
Assembly Unity.Nuget.Mono-Cecil.dll at Library/ScriptAssemblies/Unity.Nuget.Mono-Cecil.dll not valid. Loading of assembly skipped.
Assembly Unity.PathTracing.Editor.Tests.dll at Library/ScriptAssemblies/Unity.PathTracing.Editor.Tests.dll not valid. Loading of assembly skipped.
Assembly Unity.PathTracing.Runtime.Tests.dll at Library/ScriptAssemblies/Unity.PathTracing.Runtime.Tests.dll not valid. Loading of assembly skipped.
Assembly Unity.RenderPipelines.Core.Editor.Tests.dll at Library/ScriptAssemblies/Unity.RenderPipelines.Core.Editor.Tests.dll not valid. Loading of assembly skipped.
Assembly Unity.RenderPipelines.Core.Runtime.Tests.dll at Library/ScriptAssemblies/Unity.RenderPipelines.Core.Runtime.Tests.dll not valid. Loading of assembly skipped.
Assembly Unity.RenderPipelines.Universal.Config.Editor.Tests.dll at Library/ScriptAssemblies/Unity.RenderPipelines.Universal.Config.Editor.Tests.dll not valid. Loading of assembly skipped.
Assembly Unity.RenderPipelines.Universal.Editor.Tests.dll at Library/ScriptAssemblies/Unity.RenderPipelines.Universal.Editor.Tests.dll not valid. Loading of assembly skipped.
Assembly Unity.RenderPipelines.Universal.Runtime.Tests.dll at Library/ScriptAssemblies/Unity.RenderPipelines.Universal.Runtime.Tests.dll not valid. Loading of assembly skipped.
Assembly Unity.Searcher.EditorTests.dll at Library/ScriptAssemblies/Unity.Searcher.EditorTests.dll not valid. Loading of assembly skipped.
Assembly Unity.ShaderGraph.Editor.Tests.dll at Library/ScriptAssemblies/Unity.ShaderGraph.Editor.Tests.dll not valid. Loading of assembly skipped.
Assembly Unity.TextMeshPro.Editor.Tests.dll at Library/ScriptAssemblies/Unity.TextMeshPro.Editor.Tests.dll not valid. Loading of assembly skipped.
Assembly Unity.TextMeshPro.Tests.dll at Library/ScriptAssemblies/Unity.TextMeshPro.Tests.dll not valid. Loading of assembly skipped.
Assembly Unity.UnifiedRayTracing.Editor.Tests.dll at Library/ScriptAssemblies/Unity.UnifiedRayTracing.Editor.Tests.dll not valid. Loading of assembly skipped.
Assembly UnityEditor.UI.Common.Tests.dll at Library/ScriptAssemblies/UnityEditor.UI.Common.Tests.dll not valid. Loading of assembly skipped.
Assembly UnityEditor.UI.EditorTests.dll at Library/ScriptAssemblies/UnityEditor.UI.EditorTests.dll not valid. Loading of assembly skipped.
Assembly UnityEngine.UI.Tests.dll at Library/ScriptAssemblies/UnityEngine.UI.Tests.dll not valid. Loading of assembly skipped.
Refreshing native plugins compatible for Editor in 2.51 ms, found 4 plugins.
Native extension for WindowsStandalone target not found
Native extension for WebGL target not found
[Package Manager] Failed to launch server process. Reason: Unity was launched with the -noUpm command-line argument
[Package Manager] Unable to send message (not connected to server process).
[Package Manager] Cannot connect to Unity Package Manager local server
[Package Manager] Failed to launch server process. Reason: Unity was launched with the -noUpm command-line argument
[Package Manager] Unable to send message (not connected to server process).
[Package Manager] Cannot connect to Unity Package Manager local server
ScheduleIndexationOnStartup MainProcess:False IndexOnStartup:True
Mono: successfully reloaded assembly
- Finished resetting the current domain, in  1.265 seconds
Domain Reload Profiling: 2418ms
	BeginReloadAssembly (345ms)
		DisableScriptedObjects (11ms)
		CreateAndSetChildDomain (60ms)
	RebuildCommonClasses (57ms)
	RebuildNativeTypeToScriptingClass (18ms)
	initialDomainReloadingComplete (87ms)
	LoadAllAssembliesAndSetupDomain (644ms)
		LoadAssemblies (543ms)
		AnalyzeDomain (287ms)
			TypeCache.Refresh (16ms)
			BuildScriptInfoCaches (252ms)
			ResolveRequiredComponents (16ms)
	FinalizeReload (1266ms)
		SetupLoadedEditorAssemblies (0ms)
			InitializePlatformSupportModulesInManaged (4ms)
			BeforeProcessingInitializeOnLoad (217ms)
			ProcessInitializeOnLoadAttributes (661ms)
			ProcessInitializeOnLoadMethodAttributes (115ms)
			AfterProcessingInitializeOnLoad (3ms)
		AwakeInstancesAfterBackupRestoration (23ms)
Refreshing native plugins compatible for Editor in 2.65 ms, found 4 plugins.
Unloading 24 Unused Serialized files (Serialized files now loaded: 0)
Unloading 6633 unused Assets / (5.1 MB). Loaded Objects now: 7484.
Memory consumption went from 174.3 MB to 169.2 MB.
Total: 10.741400 ms (FindLiveObjects: 0.763200 ms CreateObjectMapping: 0.731200 ms MarkObjects: 6.870900 ms  DeleteObjects: 2.374200 ms)

Prepare: number of updated asset objects reloaded= 0
========================================================================
Received Prepare
Begin MonoManager ReloadAssembly
Assembly Assembly-CSharp-Editor-firstpass.dll at Library/ScriptAssemblies/Assembly-CSharp-Editor-firstpass.dll not valid. Loading of assembly skipped.
Assembly Assembly-CSharp-firstpass.dll at Library/ScriptAssemblies/Assembly-CSharp-firstpass.dll not valid. Loading of assembly skipped.
Assembly DocCodeExamples.dll at Library/ScriptAssemblies/DocCodeExamples.dll not valid. Loading of assembly skipped.
Assembly TestNewCustomAssembly.dll at Library/ScriptAssemblies/TestNewCustomAssembly.dll not valid. Loading of assembly skipped.
Assembly Unity.2D.Sprite.Package.EditorTests.dll at Library/ScriptAssemblies/Unity.2D.Sprite.Package.EditorTests.dll not valid. Loading of assembly skipped.
Assembly Unity.Collections.BurstCompatibilityGen.dll at Library/ScriptAssemblies/Unity.Collections.BurstCompatibilityGen.dll not valid. Loading of assembly skipped.
Assembly Unity.Collections.DocCodeSamples.dll at Library/ScriptAssemblies/Unity.Collections.DocCodeSamples.dll not valid. Loading of assembly skipped.
Assembly Unity.Collections.PerformanceTests.dll at Library/ScriptAssemblies/Unity.Collections.PerformanceTests.dll not valid. Loading of assembly skipped.
Assembly Unity.Collections.Tests.dll at Library/ScriptAssemblies/Unity.Collections.Tests.dll not valid. Loading of assembly skipped.
Assembly Unity.Collections.Tests.Playmode.dll at Library/ScriptAssemblies/Unity.Collections.Tests.Playmode.dll not valid. Loading of assembly skipped.
Assembly Unity.InputSystem.IntegrationTests.dll at Library/ScriptAssemblies/Unity.InputSystem.IntegrationTests.dll not valid. Loading of assembly skipped.
Assembly Unity.Mathematics.Tests.dll at Library/ScriptAssemblies/Unity.Mathematics.Tests.dll not valid. Loading of assembly skipped.
Assembly Unity.Multiplayer.Center.Editor.Tests.dll at Library/ScriptAssemblies/Unity.Multiplayer.Center.Editor.Tests.dll not valid. Loading of assembly skipped.
Assembly Unity.Multiplayer.Center.Tests.dll at Library/ScriptAssemblies/Unity.Multiplayer.Center.Tests.dll not valid. Loading of assembly skipped.
Assembly Unity.Nuget.Mono-Cecil.dll at Library/ScriptAssemblies/Unity.Nuget.Mono-Cecil.dll not valid. Loading of assembly skipped.
Assembly Unity.PathTracing.Editor.Tests.dll at Library/ScriptAssemblies/Unity.PathTracing.Editor.Tests.dll not valid. Loading of assembly skipped.
Assembly Unity.PathTracing.Runtime.Tests.dll at Library/ScriptAssemblies/Unity.PathTracing.Runtime.Tests.dll not valid. Loading of assembly skipped.
Assembly Unity.RenderPipelines.Core.Editor.Tests.dll at Library/ScriptAssemblies/Unity.RenderPipelines.Core.Editor.Tests.dll not valid. Loading of assembly skipped.
Assembly Unity.RenderPipelines.Core.Runtime.Tests.dll at Library/ScriptAssemblies/Unity.RenderPipelines.Core.Runtime.Tests.dll not valid. Loading of assembly skipped.
Assembly Unity.RenderPipelines.Universal.Config.Editor.Tests.dll at Library/ScriptAssemblies/Unity.RenderPipelines.Universal.Config.Editor.Tests.dll not valid. Loading of assembly skipped.
Assembly Unity.RenderPipelines.Universal.Editor.Tests.dll at Library/ScriptAssemblies/Unity.RenderPipelines.Universal.Editor.Tests.dll not valid. Loading of assembly skipped.
Assembly Unity.RenderPipelines.Universal.Runtime.Tests.dll at Library/ScriptAssemblies/Unity.RenderPipelines.Universal.Runtime.Tests.dll not valid. Loading of assembly skipped.
Assembly Unity.Searcher.EditorTests.dll at Library/ScriptAssemblies/Unity.Searcher.EditorTests.dll not valid. Loading of assembly skipped.
Assembly Unity.ShaderGraph.Editor.Tests.dll at Library/ScriptAssemblies/Unity.ShaderGraph.Editor.Tests.dll not valid. Loading of assembly skipped.
Assembly Unity.TextMeshPro.Editor.Tests.dll at Library/ScriptAssemblies/Unity.TextMeshPro.Editor.Tests.dll not valid. Loading of assembly skipped.
Assembly Unity.TextMeshPro.Tests.dll at Library/ScriptAssemblies/Unity.TextMeshPro.Tests.dll not valid. Loading of assembly skipped.
Assembly Unity.UnifiedRayTracing.Editor.Tests.dll at Library/ScriptAssemblies/Unity.UnifiedRayTracing.Editor.Tests.dll not valid. Loading of assembly skipped.
Assembly UnityEditor.UI.Common.Tests.dll at Library/ScriptAssemblies/UnityEditor.UI.Common.Tests.dll not valid. Loading of assembly skipped.
Assembly UnityEditor.UI.EditorTests.dll at Library/ScriptAssemblies/UnityEditor.UI.EditorTests.dll not valid. Loading of assembly skipped.
Assembly UnityEngine.UI.Tests.dll at Library/ScriptAssemblies/UnityEngine.UI.Tests.dll not valid. Loading of assembly skipped.
Refreshing native plugins compatible for Editor in 2.21 ms, found 4 plugins.
Native extension for WindowsStandalone target not found
Native extension for WebGL target not found
[Package Manager] Failed to launch server process. Reason: Unity was launched with the -noUpm command-line argument
[Package Manager] Unable to send message (not connected to server process).
[Package Manager] Cannot connect to Unity Package Manager local server
[Package Manager] Failed to launch server process. Reason: Unity was launched with the -noUpm command-line argument
[Package Manager] Unable to send message (not connected to server process).
[Package Manager] Cannot connect to Unity Package Manager local server
ScheduleIndexationOnStartup MainProcess:False IndexOnStartup:True
Mono: successfully reloaded assembly
- Finished resetting the current domain, in  1.205 seconds
Domain Reload Profiling: 2337ms
	BeginReloadAssembly (330ms)
		DisableScriptedObjects (7ms)
		CreateAndSetChildDomain (57ms)
	RebuildCommonClasses (56ms)
	RebuildNativeTypeToScriptingClass (20ms)
	initialDomainReloadingComplete (93ms)
	LoadAllAssembliesAndSetupDomain (633ms)
		LoadAssemblies (535ms)
		AnalyzeDomain (284ms)
			TypeCache.Refresh (11ms)
			BuildScriptInfoCaches (254ms)
			ResolveRequiredComponents (16ms)
	FinalizeReload (1205ms)
		SetupLoadedEditorAssemblies (0ms)
			InitializePlatformSupportModulesInManaged (3ms)
			BeforeProcessingInitializeOnLoad (214ms)
			ProcessInitializeOnLoadAttributes (615ms)
			ProcessInitializeOnLoadMethodAttributes (111ms)
			AfterProcessingInitializeOnLoad (3ms)
		AwakeInstancesAfterBackupRestoration (21ms)
Refreshing native plugins compatible for Editor in 2.43 ms, found 4 plugins.
Unloading 24 Unused Serialized files (Serialized files now loaded: 0)
Unloading 6633 unused Assets / (5.0 MB). Loaded Objects now: 7487.
Memory consumption went from 179.4 MB to 174.4 MB.
Total: 10.251000 ms (FindLiveObjects: 0.722000 ms CreateObjectMapping: 0.655900 ms MarkObjects: 6.611600 ms  DeleteObjects: 2.260400 ms)

Prepare: number of updated asset objects reloaded= 0
========================================================================
Received Prepare
Begin MonoManager ReloadAssembly
Assembly Assembly-CSharp-Editor-firstpass.dll at Library/ScriptAssemblies/Assembly-CSharp-Editor-firstpass.dll not valid. Loading of assembly skipped.
Assembly Assembly-CSharp-firstpass.dll at Library/ScriptAssemblies/Assembly-CSharp-firstpass.dll not valid. Loading of assembly skipped.
Assembly DocCodeExamples.dll at Library/ScriptAssemblies/DocCodeExamples.dll not valid. Loading of assembly skipped.
Assembly TestNewCustomAssembly.dll at Library/ScriptAssemblies/TestNewCustomAssembly.dll not valid. Loading of assembly skipped.
Assembly Unity.2D.Sprite.Package.EditorTests.dll at Library/ScriptAssemblies/Unity.2D.Sprite.Package.EditorTests.dll not valid. Loading of assembly skipped.
Assembly Unity.Collections.BurstCompatibilityGen.dll at Library/ScriptAssemblies/Unity.Collections.BurstCompatibilityGen.dll not valid. Loading of assembly skipped.
Assembly Unity.Collections.DocCodeSamples.dll at Library/ScriptAssemblies/Unity.Collections.DocCodeSamples.dll not valid. Loading of assembly skipped.
Assembly Unity.Collections.PerformanceTests.dll at Library/ScriptAssemblies/Unity.Collections.PerformanceTests.dll not valid. Loading of assembly skipped.
Assembly Unity.Collections.Tests.dll at Library/ScriptAssemblies/Unity.Collections.Tests.dll not valid. Loading of assembly skipped.
Assembly Unity.Collections.Tests.Playmode.dll at Library/ScriptAssemblies/Unity.Collections.Tests.Playmode.dll not valid. Loading of assembly skipped.
Assembly Unity.InputSystem.IntegrationTests.dll at Library/ScriptAssemblies/Unity.InputSystem.IntegrationTests.dll not valid. Loading of assembly skipped.
Assembly Unity.Mathematics.Tests.dll at Library/ScriptAssemblies/Unity.Mathematics.Tests.dll not valid. Loading of assembly skipped.
Assembly Unity.Multiplayer.Center.Editor.Tests.dll at Library/ScriptAssemblies/Unity.Multiplayer.Center.Editor.Tests.dll not valid. Loading of assembly skipped.
Assembly Unity.Multiplayer.Center.Tests.dll at Library/ScriptAssemblies/Unity.Multiplayer.Center.Tests.dll not valid. Loading of assembly skipped.
Assembly Unity.Nuget.Mono-Cecil.dll at Library/ScriptAssemblies/Unity.Nuget.Mono-Cecil.dll not valid. Loading of assembly skipped.
Assembly Unity.PathTracing.Editor.Tests.dll at Library/ScriptAssemblies/Unity.PathTracing.Editor.Tests.dll not valid. Loading of assembly skipped.
Assembly Unity.PathTracing.Runtime.Tests.dll at Library/ScriptAssemblies/Unity.PathTracing.Runtime.Tests.dll not valid. Loading of assembly skipped.
Assembly Unity.RenderPipelines.Core.Editor.Tests.dll at Library/ScriptAssemblies/Unity.RenderPipelines.Core.Editor.Tests.dll not valid. Loading of assembly skipped.
Assembly Unity.RenderPipelines.Core.Runtime.Tests.dll at Library/ScriptAssemblies/Unity.RenderPipelines.Core.Runtime.Tests.dll not valid. Loading of assembly skipped.
Assembly Unity.RenderPipelines.Universal.Config.Editor.Tests.dll at Library/ScriptAssemblies/Unity.RenderPipelines.Universal.Config.Editor.Tests.dll not valid. Loading of assembly skipped.
Assembly Unity.RenderPipelines.Universal.Editor.Tests.dll at Library/ScriptAssemblies/Unity.RenderPipelines.Universal.Editor.Tests.dll not valid. Loading of assembly skipped.
Assembly Unity.RenderPipelines.Universal.Runtime.Tests.dll at Library/ScriptAssemblies/Unity.RenderPipelines.Universal.Runtime.Tests.dll not valid. Loading of assembly skipped.
Assembly Unity.Searcher.EditorTests.dll at Library/ScriptAssemblies/Unity.Searcher.EditorTests.dll not valid. Loading of assembly skipped.
Assembly Unity.ShaderGraph.Editor.Tests.dll at Library/ScriptAssemblies/Unity.ShaderGraph.Editor.Tests.dll not valid. Loading of assembly skipped.
Assembly Unity.TextMeshPro.Editor.Tests.dll at Library/ScriptAssemblies/Unity.TextMeshPro.Editor.Tests.dll not valid. Loading of assembly skipped.
Assembly Unity.TextMeshPro.Tests.dll at Library/ScriptAssemblies/Unity.TextMeshPro.Tests.dll not valid. Loading of assembly skipped.
Assembly Unity.UnifiedRayTracing.Editor.Tests.dll at Library/ScriptAssemblies/Unity.UnifiedRayTracing.Editor.Tests.dll not valid. Loading of assembly skipped.
Assembly UnityEditor.UI.Common.Tests.dll at Library/ScriptAssemblies/UnityEditor.UI.Common.Tests.dll not valid. Loading of assembly skipped.
Assembly UnityEditor.UI.EditorTests.dll at Library/ScriptAssemblies/UnityEditor.UI.EditorTests.dll not valid. Loading of assembly skipped.
Assembly UnityEngine.UI.Tests.dll at Library/ScriptAssemblies/UnityEngine.UI.Tests.dll not valid. Loading of assembly skipped.
Refreshing native plugins compatible for Editor in 2.34 ms, found 4 plugins.
Native extension for WindowsStandalone target not found
Native extension for WebGL target not found
[Package Manager] Failed to launch server process. Reason: Unity was launched with the -noUpm command-line argument
[Package Manager] Unable to send message (not connected to server process).
[Package Manager] Cannot connect to Unity Package Manager local server
[Package Manager] Failed to launch server process. Reason: Unity was launched with the -noUpm command-line argument
[Package Manager] Unable to send message (not connected to server process).
[Package Manager] Cannot connect to Unity Package Manager local server
ScheduleIndexationOnStartup MainProcess:False IndexOnStartup:True
Mono: successfully reloaded assembly
- Finished resetting the current domain, in  1.322 seconds
Domain Reload Profiling: 2491ms
	BeginReloadAssembly (334ms)
		DisableScriptedObjects (7ms)
		CreateAndSetChildDomain (57ms)
	RebuildCommonClasses (56ms)
	RebuildNativeTypeToScriptingClass (19ms)
	initialDomainReloadingComplete (97ms)
	LoadAllAssembliesAndSetupDomain (662ms)
		LoadAssemblies (550ms)
		AnalyzeDomain (297ms)
			TypeCache.Refresh (14ms)
			BuildScriptInfoCaches (261ms)
			ResolveRequiredComponents (19ms)
	FinalizeReload (1323ms)
		SetupLoadedEditorAssemblies (0ms)
			InitializePlatformSupportModulesInManaged (3ms)
			BeforeProcessingInitializeOnLoad (206ms)
			ProcessInitializeOnLoadAttributes (691ms)
			ProcessInitializeOnLoadMethodAttributes (143ms)
			AfterProcessingInitializeOnLoad (4ms)
		AwakeInstancesAfterBackupRestoration (30ms)
Refreshing native plugins compatible for Editor in 2.91 ms, found 4 plugins.
Unloading 24 Unused Serialized files (Serialized files now loaded: 0)
Unloading 6633 unused Assets / (5.4 MB). Loaded Objects now: 7490.
Memory consumption went from 182.6 MB to 177.2 MB.
Total: 12.669100 ms (FindLiveObjects: 0.746500 ms CreateObjectMapping: 0.507900 ms MarkObjects: 8.010000 ms  DeleteObjects: 3.402700 ms)

Prepare: number of updated asset objects reloaded= 0
========================================================================
Received Prepare
Begin MonoManager ReloadAssembly
[Licensing::Client] Successfully resolved entitlement details
Assembly Assembly-CSharp-Editor-firstpass.dll at Library/ScriptAssemblies/Assembly-CSharp-Editor-firstpass.dll not valid. Loading of assembly skipped.
Assembly Assembly-CSharp-firstpass.dll at Library/ScriptAssemblies/Assembly-CSharp-firstpass.dll not valid. Loading of assembly skipped.
Assembly DocCodeExamples.dll at Library/ScriptAssemblies/DocCodeExamples.dll not valid. Loading of assembly skipped.
Assembly TestNewCustomAssembly.dll at Library/ScriptAssemblies/TestNewCustomAssembly.dll not valid. Loading of assembly skipped.
Assembly Unity.2D.Sprite.Package.EditorTests.dll at Library/ScriptAssemblies/Unity.2D.Sprite.Package.EditorTests.dll not valid. Loading of assembly skipped.
Assembly Unity.Collections.BurstCompatibilityGen.dll at Library/ScriptAssemblies/Unity.Collections.BurstCompatibilityGen.dll not valid. Loading of assembly skipped.
Assembly Unity.Collections.DocCodeSamples.dll at Library/ScriptAssemblies/Unity.Collections.DocCodeSamples.dll not valid. Loading of assembly skipped.
Assembly Unity.Collections.PerformanceTests.dll at Library/ScriptAssemblies/Unity.Collections.PerformanceTests.dll not valid. Loading of assembly skipped.
Assembly Unity.Collections.Tests.dll at Library/ScriptAssemblies/Unity.Collections.Tests.dll not valid. Loading of assembly skipped.
Assembly Unity.Collections.Tests.Playmode.dll at Library/ScriptAssemblies/Unity.Collections.Tests.Playmode.dll not valid. Loading of assembly skipped.
Assembly Unity.InputSystem.IntegrationTests.dll at Library/ScriptAssemblies/Unity.InputSystem.IntegrationTests.dll not valid. Loading of assembly skipped.
Assembly Unity.Mathematics.Tests.dll at Library/ScriptAssemblies/Unity.Mathematics.Tests.dll not valid. Loading of assembly skipped.
Assembly Unity.Multiplayer.Center.Editor.Tests.dll at Library/ScriptAssemblies/Unity.Multiplayer.Center.Editor.Tests.dll not valid. Loading of assembly skipped.
Assembly Unity.Multiplayer.Center.Tests.dll at Library/ScriptAssemblies/Unity.Multiplayer.Center.Tests.dll not valid. Loading of assembly skipped.
Assembly Unity.Nuget.Mono-Cecil.dll at Library/ScriptAssemblies/Unity.Nuget.Mono-Cecil.dll not valid. Loading of assembly skipped.
Assembly Unity.PathTracing.Editor.Tests.dll at Library/ScriptAssemblies/Unity.PathTracing.Editor.Tests.dll not valid. Loading of assembly skipped.
Assembly Unity.PathTracing.Runtime.Tests.dll at Library/ScriptAssemblies/Unity.PathTracing.Runtime.Tests.dll not valid. Loading of assembly skipped.
Assembly Unity.RenderPipelines.Core.Editor.Tests.dll at Library/ScriptAssemblies/Unity.RenderPipelines.Core.Editor.Tests.dll not valid. Loading of assembly skipped.
Assembly Unity.RenderPipelines.Core.Runtime.Tests.dll at Library/ScriptAssemblies/Unity.RenderPipelines.Core.Runtime.Tests.dll not valid. Loading of assembly skipped.
Assembly Unity.RenderPipelines.Universal.Config.Editor.Tests.dll at Library/ScriptAssemblies/Unity.RenderPipelines.Universal.Config.Editor.Tests.dll not valid. Loading of assembly skipped.
Assembly Unity.RenderPipelines.Universal.Editor.Tests.dll at Library/ScriptAssemblies/Unity.RenderPipelines.Universal.Editor.Tests.dll not valid. Loading of assembly skipped.
Assembly Unity.RenderPipelines.Universal.Runtime.Tests.dll at Library/ScriptAssemblies/Unity.RenderPipelines.Universal.Runtime.Tests.dll not valid. Loading of assembly skipped.
Assembly Unity.Searcher.EditorTests.dll at Library/ScriptAssemblies/Unity.Searcher.EditorTests.dll not valid. Loading of assembly skipped.
Assembly Unity.ShaderGraph.Editor.Tests.dll at Library/ScriptAssemblies/Unity.ShaderGraph.Editor.Tests.dll not valid. Loading of assembly skipped.
Assembly Unity.TextMeshPro.Editor.Tests.dll at Library/ScriptAssemblies/Unity.TextMeshPro.Editor.Tests.dll not valid. Loading of assembly skipped.
Assembly Unity.TextMeshPro.Tests.dll at Library/ScriptAssemblies/Unity.TextMeshPro.Tests.dll not valid. Loading of assembly skipped.
Assembly Unity.UnifiedRayTracing.Editor.Tests.dll at Library/ScriptAssemblies/Unity.UnifiedRayTracing.Editor.Tests.dll not valid. Loading of assembly skipped.
Assembly UnityEditor.UI.Common.Tests.dll at Library/ScriptAssemblies/UnityEditor.UI.Common.Tests.dll not valid. Loading of assembly skipped.
Assembly UnityEditor.UI.EditorTests.dll at Library/ScriptAssemblies/UnityEditor.UI.EditorTests.dll not valid. Loading of assembly skipped.
Assembly UnityEngine.UI.Tests.dll at Library/ScriptAssemblies/UnityEngine.UI.Tests.dll not valid. Loading of assembly skipped.
Refreshing native plugins compatible for Editor in 2.98 ms, found 4 plugins.
Native extension for WindowsStandalone target not found
Native extension for WebGL target not found
[Package Manager] Failed to launch server process. Reason: Unity was launched with the -noUpm command-line argument
[Package Manager] Unable to send message (not connected to server process).
[Package Manager] Cannot connect to Unity Package Manager local server
[Package Manager] Failed to launch server process. Reason: Unity was launched with the -noUpm command-line argument
[Package Manager] Unable to send message (not connected to server process).
[Package Manager] Cannot connect to Unity Package Manager local server
ScheduleIndexationOnStartup MainProcess:False IndexOnStartup:True
Mono: successfully reloaded assembly
- Finished resetting the current domain, in  1.268 seconds
Domain Reload Profiling: 2447ms
	BeginReloadAssembly (357ms)
		DisableScriptedObjects (7ms)
		CreateAndSetChildDomain (60ms)
	RebuildCommonClasses (58ms)
	RebuildNativeTypeToScriptingClass (20ms)
	initialDomainReloadingComplete (99ms)
	LoadAllAssembliesAndSetupDomain (645ms)
		LoadAssemblies (560ms)
		AnalyzeDomain (289ms)
			TypeCache.Refresh (16ms)
			BuildScriptInfoCaches (254ms)
			ResolveRequiredComponents (17ms)
	FinalizeReload (1268ms)
		SetupLoadedEditorAssemblies (0ms)
			InitializePlatformSupportModulesInManaged (3ms)
			BeforeProcessingInitializeOnLoad (214ms)
			ProcessInitializeOnLoadAttributes (658ms)
			ProcessInitializeOnLoadMethodAttributes (117ms)
			AfterProcessingInitializeOnLoad (4ms)
		AwakeInstancesAfterBackupRestoration (24ms)
Refreshing native plugins compatible for Editor in 3.05 ms, found 4 plugins.
Unloading 24 Unused Serialized files (Serialized files now loaded: 0)
Unloading 6633 unused Assets / (5.2 MB). Loaded Objects now: 7493.
Memory consumption went from 185.8 MB to 180.5 MB.
Total: 10.120800 ms (FindLiveObjects: 0.658900 ms CreateObjectMapping: 0.484000 ms MarkObjects: 6.590200 ms  DeleteObjects: 2.385900 ms)

Prepare: number of updated asset objects reloaded= 0
========================================================================
Received Prepare
Begin MonoManager ReloadAssembly
Assembly Assembly-CSharp-Editor-firstpass.dll at Library/ScriptAssemblies/Assembly-CSharp-Editor-firstpass.dll not valid. Loading of assembly skipped.
Assembly Assembly-CSharp-firstpass.dll at Library/ScriptAssemblies/Assembly-CSharp-firstpass.dll not valid. Loading of assembly skipped.
Assembly DocCodeExamples.dll at Library/ScriptAssemblies/DocCodeExamples.dll not valid. Loading of assembly skipped.
Assembly TestNewCustomAssembly.dll at Library/ScriptAssemblies/TestNewCustomAssembly.dll not valid. Loading of assembly skipped.
Assembly Unity.2D.Sprite.Package.EditorTests.dll at Library/ScriptAssemblies/Unity.2D.Sprite.Package.EditorTests.dll not valid. Loading of assembly skipped.
Assembly Unity.Collections.BurstCompatibilityGen.dll at Library/ScriptAssemblies/Unity.Collections.BurstCompatibilityGen.dll not valid. Loading of assembly skipped.
Assembly Unity.Collections.DocCodeSamples.dll at Library/ScriptAssemblies/Unity.Collections.DocCodeSamples.dll not valid. Loading of assembly skipped.
Assembly Unity.Collections.PerformanceTests.dll at Library/ScriptAssemblies/Unity.Collections.PerformanceTests.dll not valid. Loading of assembly skipped.
Assembly Unity.Collections.Tests.dll at Library/ScriptAssemblies/Unity.Collections.Tests.dll not valid. Loading of assembly skipped.
Assembly Unity.Collections.Tests.Playmode.dll at Library/ScriptAssemblies/Unity.Collections.Tests.Playmode.dll not valid. Loading of assembly skipped.
Assembly Unity.InputSystem.IntegrationTests.dll at Library/ScriptAssemblies/Unity.InputSystem.IntegrationTests.dll not valid. Loading of assembly skipped.
Assembly Unity.Mathematics.Tests.dll at Library/ScriptAssemblies/Unity.Mathematics.Tests.dll not valid. Loading of assembly skipped.
Assembly Unity.Multiplayer.Center.Editor.Tests.dll at Library/ScriptAssemblies/Unity.Multiplayer.Center.Editor.Tests.dll not valid. Loading of assembly skipped.
Assembly Unity.Multiplayer.Center.Tests.dll at Library/ScriptAssemblies/Unity.Multiplayer.Center.Tests.dll not valid. Loading of assembly skipped.
Assembly Unity.Nuget.Mono-Cecil.dll at Library/ScriptAssemblies/Unity.Nuget.Mono-Cecil.dll not valid. Loading of assembly skipped.
Assembly Unity.PathTracing.Editor.Tests.dll at Library/ScriptAssemblies/Unity.PathTracing.Editor.Tests.dll not valid. Loading of assembly skipped.
Assembly Unity.PathTracing.Runtime.Tests.dll at Library/ScriptAssemblies/Unity.PathTracing.Runtime.Tests.dll not valid. Loading of assembly skipped.
Assembly Unity.RenderPipelines.Core.Editor.Tests.dll at Library/ScriptAssemblies/Unity.RenderPipelines.Core.Editor.Tests.dll not valid. Loading of assembly skipped.
Assembly Unity.RenderPipelines.Core.Runtime.Tests.dll at Library/ScriptAssemblies/Unity.RenderPipelines.Core.Runtime.Tests.dll not valid. Loading of assembly skipped.
Assembly Unity.RenderPipelines.Universal.Config.Editor.Tests.dll at Library/ScriptAssemblies/Unity.RenderPipelines.Universal.Config.Editor.Tests.dll not valid. Loading of assembly skipped.
Assembly Unity.RenderPipelines.Universal.Editor.Tests.dll at Library/ScriptAssemblies/Unity.RenderPipelines.Universal.Editor.Tests.dll not valid. Loading of assembly skipped.
Assembly Unity.RenderPipelines.Universal.Runtime.Tests.dll at Library/ScriptAssemblies/Unity.RenderPipelines.Universal.Runtime.Tests.dll not valid. Loading of assembly skipped.
Assembly Unity.Searcher.EditorTests.dll at Library/ScriptAssemblies/Unity.Searcher.EditorTests.dll not valid. Loading of assembly skipped.
Assembly Unity.ShaderGraph.Editor.Tests.dll at Library/ScriptAssemblies/Unity.ShaderGraph.Editor.Tests.dll not valid. Loading of assembly skipped.
Assembly Unity.TextMeshPro.Editor.Tests.dll at Library/ScriptAssemblies/Unity.TextMeshPro.Editor.Tests.dll not valid. Loading of assembly skipped.
Assembly Unity.TextMeshPro.Tests.dll at Library/ScriptAssemblies/Unity.TextMeshPro.Tests.dll not valid. Loading of assembly skipped.
Assembly Unity.UnifiedRayTracing.Editor.Tests.dll at Library/ScriptAssemblies/Unity.UnifiedRayTracing.Editor.Tests.dll not valid. Loading of assembly skipped.
Assembly UnityEditor.UI.Common.Tests.dll at Library/ScriptAssemblies/UnityEditor.UI.Common.Tests.dll not valid. Loading of assembly skipped.
Assembly UnityEditor.UI.EditorTests.dll at Library/ScriptAssemblies/UnityEditor.UI.EditorTests.dll not valid. Loading of assembly skipped.
Assembly UnityEngine.UI.Tests.dll at Library/ScriptAssemblies/UnityEngine.UI.Tests.dll not valid. Loading of assembly skipped.
Refreshing native plugins compatible for Editor in 2.29 ms, found 4 plugins.
Native extension for WindowsStandalone target not found
Native extension for WebGL target not found
[Package Manager] Failed to launch server process. Reason: Unity was launched with the -noUpm command-line argument
[Package Manager] Unable to send message (not connected to server process).
[Package Manager] Cannot connect to Unity Package Manager local server
[Package Manager] Failed to launch server process. Reason: Unity was launched with the -noUpm command-line argument
[Package Manager] Unable to send message (not connected to server process).
[Package Manager] Cannot connect to Unity Package Manager local server
ScheduleIndexationOnStartup MainProcess:False IndexOnStartup:True
Mono: successfully reloaded assembly
- Finished resetting the current domain, in  1.211 seconds
Domain Reload Profiling: 2347ms
	BeginReloadAssembly (322ms)
		DisableScriptedObjects (7ms)
		CreateAndSetChildDomain (53ms)
	RebuildCommonClasses (56ms)
	RebuildNativeTypeToScriptingClass (19ms)
	initialDomainReloadingComplete (96ms)
	LoadAllAssembliesAndSetupDomain (642ms)
		LoadAssemblies (535ms)
		AnalyzeDomain (288ms)
			TypeCache.Refresh (10ms)
			BuildScriptInfoCaches (255ms)
			ResolveRequiredComponents (20ms)
	FinalizeReload (1212ms)
		SetupLoadedEditorAssemblies (0ms)
			InitializePlatformSupportModulesInManaged (4ms)
			BeforeProcessingInitializeOnLoad (212ms)
			ProcessInitializeOnLoadAttributes (621ms)
			ProcessInitializeOnLoadMethodAttributes (109ms)
			AfterProcessingInitializeOnLoad (3ms)
		AwakeInstancesAfterBackupRestoration (23ms)
Refreshing native plugins compatible for Editor in 2.28 ms, found 4 plugins.
Unloading 24 Unused Serialized files (Serialized files now loaded: 0)
Unloading 6633 unused Assets / (5.0 MB). Loaded Objects now: 7496.
Memory consumption went from 188.9 MB to 183.9 MB.
Total: 10.507400 ms (FindLiveObjects: 0.609000 ms CreateObjectMapping: 0.481800 ms MarkObjects: 7.005100 ms  DeleteObjects: 2.410100 ms)

Prepare: number of updated asset objects reloaded= 0
========================================================================
Received Import Request.
  Time since last request: 94849.958525 seconds.
  path: Assets/Monster Roars/01. Primal Roar.wav
  importAddress: Guid(c55fb47f6865f480c989e8407de1d19c) Importer(815301076,1909f56bfc062723c751e8b465ee728b)
Start importing Assets/Monster Roars/01. Primal Roar.wav using Guid(c55fb47f6865f480c989e8407de1d19c) Importer(815301076,1909f56bfc062723c751e8b465ee728b) (PreviewImporter) -> (Import Result ID: '3fcbef007f9ea0f5003d3ab4c1388508') in 0.177418 seconds [static and dynamic dependencies]. Details - ImportResultOutputID=36b76f63c70c3d665fc3bd186944e795 DependenciesID=f37964287827699d5f329c14cbeb6053 StaticDependenciesID=c394a696ccdb8b3fcff15696a1a91c81 
Number of updated asset objects reloaded before import = 0Number of asset objects unloaded after import = 2

========================================================================
Received Import Request.
  Time since last request: 3.499098 seconds.
  path: Assets/Monster Roars/25. Warning Growl.wav
  importAddress: Guid(7592d3abb53e14da8b29227d4b2011e3) Importer(815301076,1909f56bfc062723c751e8b465ee728b)
Start importing Assets/Monster Roars/25. Warning Growl.wav using Guid(7592d3abb53e14da8b29227d4b2011e3) Importer(815301076,1909f56bfc062723c751e8b465ee728b) (PreviewImporter) -> (Import Result ID: '19b9fc1ebd56ea81a75fb968f4672cb5') in 0.0313051 seconds [static and dynamic dependencies]. Details - ImportResultOutputID=41b13daec3a8fe6771a404434c85362e DependenciesID=35739ea29b0343865602c2d0f2769c81 StaticDependenciesID=c631080a93d050f334cf0930d3c5383a 
Number of updated asset objects reloaded before import = 0Number of asset objects unloaded after import = 2

========================================================================
Received Import Request.
  Time since last request: 5.537647 seconds.
  path: Assets/Monster Roars/24. Sinister Slumber Growl.wav
  importAddress: Guid(a35a02c8c8e1548cc80eae2d2f5d6acf) Importer(815301076,1909f56bfc062723c751e8b465ee728b)
Start importing Assets/Monster Roars/24. Sinister Slumber Growl.wav using Guid(a35a02c8c8e1548cc80eae2d2f5d6acf) Importer(815301076,1909f56bfc062723c751e8b465ee728b) (PreviewImporter) -> (Import Result ID: '92096c30c4c15df71df7134927c74a39') in 0.0236481 seconds [static and dynamic dependencies]. Details - ImportResultOutputID=ffadf87098ed77abebd11bb97b960c23 DependenciesID=e4e1ca1bd3453aee90c8c10b7e7719d6 StaticDependenciesID=ec6f5c2afab5f377bb7c30d3b43ea164 
Number of updated asset objects reloaded before import = 0Number of asset objects unloaded after import = 2

========================================================================
Received Import Request.
  Time since last request: 8.285805 seconds.
  path: Assets/Monster Roars/23. Untethered Growl.wav
  importAddress: Guid(d61106b1bc9e64017b57b37b3f2e2bbc) Importer(815301076,1909f56bfc062723c751e8b465ee728b)
Start importing Assets/Monster Roars/23. Untethered Growl.wav using Guid(d61106b1bc9e64017b57b37b3f2e2bbc) Importer(815301076,1909f56bfc062723c751e8b465ee728b) (PreviewImporter) -> (Import Result ID: '90d6ee42d6e223eaedcc1dd1f9805800') in 0.0251152 seconds [static and dynamic dependencies]. Details - ImportResultOutputID=7e3ba407da563ea2dc46fc135158fcb2 DependenciesID=ccb09a7a60fd4fec3fa06c8c2feadda2 StaticDependenciesID=08bcc02196323e21922ca444672d896a 
Number of updated asset objects reloaded before import = 0Number of asset objects unloaded after import = 2

========================================================================
Received Import Request.
  Time since last request: 2.191743 seconds.
  path: Assets/Monster Roars/21. Lurking Growl.wav
  importAddress: Guid(4efbc380fa09d42a58aa2525a076ea31) Importer(815301076,1909f56bfc062723c751e8b465ee728b)
Start importing Assets/Monster Roars/21. Lurking Growl.wav using Guid(4efbc380fa09d42a58aa2525a076ea31) Importer(815301076,1909f56bfc062723c751e8b465ee728b) (PreviewImporter) -> (Import Result ID: '7e1b28982fc3cd5626374f71da4f0fb8') in 0.024701 seconds [static and dynamic dependencies]. Details - ImportResultOutputID=af839f1d10165466d932579e99b62a8f DependenciesID=7cf49a8c4555d398753fd3fe5aa1e605 StaticDependenciesID=96a661a967f171f7c7ef1e15a938ac6d 
Number of updated asset objects reloaded before import = 0Number of asset objects unloaded after import = 2

========================================================================
Received Import Request.
  Time since last request: 3.021589 seconds.
  path: Assets/Monster Roars/11. Menacing Growl.wav
  importAddress: Guid(fbb2d30773dc54d4c923efab121c32e9) Importer(815301076,1909f56bfc062723c751e8b465ee728b)
Start importing Assets/Monster Roars/11. Menacing Growl.wav using Guid(fbb2d30773dc54d4c923efab121c32e9) Importer(815301076,1909f56bfc062723c751e8b465ee728b) (PreviewImporter) -> (Import Result ID: '4d797087e97fc5be8fa31ece1e524d39') in 0.0294921 seconds [static and dynamic dependencies]. Details - ImportResultOutputID=d722e4d0aa353754c874ba4f6cf39d43 DependenciesID=c23bf46f91b6de4bd1fbc2a2db329f8a StaticDependenciesID=3598a9d4f195b19aa7390d3171ae3d05 
Number of updated asset objects reloaded before import = 0Number of asset objects unloaded after import = 2

========================================================================
Received Import Request.
  Time since last request: 2.073472 seconds.
  path: Assets/Monster Roars/12. Ambush Growl.wav
  importAddress: Guid(33d8eaf76b94f4ee399dc3026881ad78) Importer(815301076,1909f56bfc062723c751e8b465ee728b)
Start importing Assets/Monster Roars/12. Ambush Growl.wav using Guid(33d8eaf76b94f4ee399dc3026881ad78) Importer(815301076,1909f56bfc062723c751e8b465ee728b) (PreviewImporter) -> (Import Result ID: '7529a3fb463a6311ea0550be27a744f9') in 0.0327211 seconds [static and dynamic dependencies]. Details - ImportResultOutputID=d762c42ce38ef987e85870f0cedfa35c DependenciesID=795f92284dafd5e9ad6a155625955a68 StaticDependenciesID=345107dafd40ec36318b3256e3dd64f0 
Number of updated asset objects reloaded before import = 0Number of asset objects unloaded after import = 2

========================================================================
Received Import Request.
  Time since last request: 1.620262 seconds.
  path: Assets/Monster Roars/13. Tentative Growl.wav
  importAddress: Guid(903095339b3a04b978b77f6f14942259) Importer(815301076,1909f56bfc062723c751e8b465ee728b)
Start importing Assets/Monster Roars/13. Tentative Growl.wav using Guid(903095339b3a04b978b77f6f14942259) Importer(815301076,1909f56bfc062723c751e8b465ee728b) (PreviewImporter) -> (Import Result ID: '73237d3a2a69aa22ee715a18336cec7a') in 0.0258485 seconds [static and dynamic dependencies]. Details - ImportResultOutputID=5b0a604a539a8ab9a5e7d8ad87082302 DependenciesID=33adc260c4461e717a9ee0f2c0f02af6 StaticDependenciesID=8e2f2709c605a4d29963e13d9effef45 
Number of updated asset objects reloaded before import = 0Number of asset objects unloaded after import = 2

========================================================================
Received Import Request.
  Time since last request: 1.993416 seconds.
  path: Assets/Monster Roars/15. Haunting Growl.wav
  importAddress: Guid(1f6dd06ea62574ce28e4f628053d5a96) Importer(815301076,1909f56bfc062723c751e8b465ee728b)
Start importing Assets/Monster Roars/15. Haunting Growl.wav using Guid(1f6dd06ea62574ce28e4f628053d5a96) Importer(815301076,1909f56bfc062723c751e8b465ee728b) (PreviewImporter) -> (Import Result ID: '0a7d71294616c90572f30b5b893597e5') in 0.0285854 seconds [static and dynamic dependencies]. Details - ImportResultOutputID=820cfb3f1bf6b4eae110efc25477cc72 DependenciesID=39531787de1fc6a2f7dedf2b5390207f StaticDependenciesID=896edda4ccd78026cc0da40d7ca2ebce 
Number of updated asset objects reloaded before import = 0Number of asset objects unloaded after import = 2

========================================================================
Received Import Request.
  Time since last request: 2.057279 seconds.
  path: Assets/Monster Roars/14. Guttural Growl.wav
  importAddress: Guid(bbd6f387f9dab4575982b233ba2dad90) Importer(815301076,1909f56bfc062723c751e8b465ee728b)
Start importing Assets/Monster Roars/14. Guttural Growl.wav using Guid(bbd6f387f9dab4575982b233ba2dad90) Importer(815301076,1909f56bfc062723c751e8b465ee728b) (PreviewImporter) -> (Import Result ID: '3e3628b7a6987c32aa5c6641edc0d258') in 0.0264397 seconds [static and dynamic dependencies]. Details - ImportResultOutputID=ebc360af94dd2f54362a5d232d1d49e0 DependenciesID=b99432a1dbbe97c2dc82c0b6591aafb3 StaticDependenciesID=0a689e28586ce647f0d18d23e5b01aaa 
Number of updated asset objects reloaded before import = 0Number of asset objects unloaded after import = 2

========================================================================
Received Import Request.
  Time since last request: 3.050298 seconds.
  path: Assets/Monster Roars/17. Bloodthirsty Growl.wav
  importAddress: Guid(ac7e816a3db514fe1ab3b114c251e20c) Importer(815301076,1909f56bfc062723c751e8b465ee728b)
Start importing Assets/Monster Roars/17. Bloodthirsty Growl.wav using Guid(ac7e816a3db514fe1ab3b114c251e20c) Importer(815301076,1909f56bfc062723c751e8b465ee728b) (PreviewImporter) -> (Import Result ID: 'b6406992b20a65830677608098b7d439') in 0.0270718 seconds [static and dynamic dependencies]. Details - ImportResultOutputID=cf59210565650a25b67e7d811727e3f0 DependenciesID=2a4ede3bc461c9190696d7757cf6c9e6 StaticDependenciesID=0b9bc7cefa965337f227bb465a954397 
Number of updated asset objects reloaded before import = 0Number of asset objects unloaded after import = 2

========================================================================
Received Import Request.
  Time since last request: 2.202413 seconds.
  path: Assets/Monster Roars/18. Rumbling Growl.wav
  importAddress: Guid(96a2f6f95f4994aceb198857afee6516) Importer(815301076,1909f56bfc062723c751e8b465ee728b)
Start importing Assets/Monster Roars/18. Rumbling Growl.wav using Guid(96a2f6f95f4994aceb198857afee6516) Importer(815301076,1909f56bfc062723c751e8b465ee728b) (PreviewImporter) -> (Import Result ID: 'c682ea3e73631225a474bad009092575') in 0.0350346 seconds [static and dynamic dependencies]. Details - ImportResultOutputID=43a7192042f24ce7913065b94adb7894 DependenciesID=f81a9eee8473acde046ac505c4b04812 StaticDependenciesID=16f2aa3f6f831b6fc1a387eb3fc0ed6c 
Number of updated asset objects reloaded before import = 0Number of asset objects unloaded after import = 2

========================================================================
Received Import Request.
  Time since last request: 1.729259 seconds.
  path: Assets/Monster Roars/19. Intimidation Growl.wav
  importAddress: Guid(a1cc851ba936d408785aaf2917b47e49) Importer(815301076,1909f56bfc062723c751e8b465ee728b)
Start importing Assets/Monster Roars/19. Intimidation Growl.wav using Guid(a1cc851ba936d408785aaf2917b47e49) Importer(815301076,1909f56bfc062723c751e8b465ee728b) (PreviewImporter) -> (Import Result ID: '2362a14980c61962d6b2d0e9b9002bbf') in 0.025506 seconds [static and dynamic dependencies]. Details - ImportResultOutputID=e3d454e325439c82cfabd14b45ada6c3 DependenciesID=4fd514543a047c6f74e993e454ac6ca0 StaticDependenciesID=f00c4f5926be35895ee2f3d66481dad8 
Number of updated asset objects reloaded before import = 0Number of asset objects unloaded after import = 2

========================================================================
Received Import Request.
  Time since last request: 1.789332 seconds.
  path: Assets/Monster Roars/20. Sleeping Dragon Growl.wav
  importAddress: Guid(6811bbd09dedb497ea07997567b158c2) Importer(815301076,1909f56bfc062723c751e8b465ee728b)
Start importing Assets/Monster Roars/20. Sleeping Dragon Growl.wav using Guid(6811bbd09dedb497ea07997567b158c2) Importer(815301076,1909f56bfc062723c751e8b465ee728b) (PreviewImporter) -> (Import Result ID: '08d3c96a2744dccbbfd77a85e1a362bd') in 0.024433 seconds [static and dynamic dependencies]. Details - ImportResultOutputID=602c812760dd979911d37e40028fd11e DependenciesID=7412411a3cf2b26d41c97f065ecf46e3 StaticDependenciesID=0d3e29466fd2e5d780cf7737d7f7780f 
Number of updated asset objects reloaded before import = 0Number of asset objects unloaded after import = 2

========================================================================
Received Import Request.
  Time since last request: 9.157851 seconds.
  path: Assets/Downloaded/Horror Atmosphere LITE/Ambience/Atmosphere And Chaos/Atmosphere_001(End Trail).wav
  importAddress: Guid(b35ecefbddecaba4dbae2f3583fd81b0) Importer(2089858483,b0f066a214c2f5e87bad3c948f4d605d)
Start importing Assets/Downloaded/Horror Atmosphere LITE/Ambience/Atmosphere And Chaos/Atmosphere_001(End Trail).wav using Guid(b35ecefbddecaba4dbae2f3583fd81b0) Importer(2089858483,b0f066a214c2f5e87bad3c948f4d605d) (ScriptedImporter) -> (Import Result ID: 'ac6d20037ba7dd6badd374a120c667b5') in 0.151099 seconds [static and dynamic dependencies]. Details - ImportResultOutputID=a1220b327b22289705adb99c2cb6d7ab DependenciesID=55f0edafc49ae8b5ee4c1ceda03c628b StaticDependenciesID=020f2d39d6608f4366c1a85f42de12f5 
Number of updated asset objects reloaded before import = 0Number of asset objects unloaded after import = 1

========================================================================
Received Import Request.
  Time since last request: 0.000033 seconds.
  path: Assets/Downloaded/Horror Atmosphere LITE/Ambience/Ambience FX/Short_Cue_013.wav
  importAddress: Guid(666e2e9773517ff4e9ebab84a8acd1b6) Importer(2089858483,b0f066a214c2f5e87bad3c948f4d605d)
Start importing Assets/Downloaded/Horror Atmosphere LITE/Ambience/Ambience FX/Short_Cue_013.wav using Guid(666e2e9773517ff4e9ebab84a8acd1b6) Importer(2089858483,b0f066a214c2f5e87bad3c948f4d605d) (ScriptedImporter) -> (Import Result ID: '4172c3413f68ea6edba65373221dfe97') in 0.0515111 seconds [static and dynamic dependencies]. Details - ImportResultOutputID=45b167aa43cbe4a5b5c3aab7aa16da94 DependenciesID=4b80eba2abafce041f9525e96afbf3ed StaticDependenciesID=78ea53e219930ca534d4c59af81c0c4e 
Number of updated asset objects reloaded before import = 0Number of asset objects unloaded after import = 1

========================================================================
Received Import Request.
  Time since last request: 0.000040 seconds.
  path: Assets/Downloaded/Horror Atmosphere LITE/Ambience/Atmosphere And Chaos/Rising Tension and Matched loops/Rising_005d.wav
  importAddress: Guid(78929087405889a49ae423a4ac33f62f) Importer(2089858483,b0f066a214c2f5e87bad3c948f4d605d)
Start importing Assets/Downloaded/Horror Atmosphere LITE/Ambience/Atmosphere And Chaos/Rising Tension and Matched loops/Rising_005d.wav using Guid(78929087405889a49ae423a4ac33f62f) Importer(2089858483,b0f066a214c2f5e87bad3c948f4d605d) (ScriptedImporter) -> (Import Result ID: '91e8eadb05e2896ce5758e473fd79ee1') in 0.0507385 seconds [static and dynamic dependencies]. Details - ImportResultOutputID=6890c78c6f888c4415d89101a1c2ad76 DependenciesID=2c93fc01d929277109b0fb398da1532b StaticDependenciesID=b0e9c87179a96b822bd53a873e3c9901 
Number of updated asset objects reloaded before import = 0Number of asset objects unloaded after import = 1

========================================================================
Received Import Request.
  Time since last request: 0.000032 seconds.
  path: Assets/Downloaded/Horror Atmosphere LITE/BONUS/GUI/GUI_Misc_008.wav
  importAddress: Guid(42294c6386e8aee43b693b0ad2a35365) Importer(2089858483,b0f066a214c2f5e87bad3c948f4d605d)
Start importing Assets/Downloaded/Horror Atmosphere LITE/BONUS/GUI/GUI_Misc_008.wav using Guid(42294c6386e8aee43b693b0ad2a35365) Importer(2089858483,b0f066a214c2f5e87bad3c948f4d605d) (ScriptedImporter) -> (Import Result ID: '9bd9045f4244c5e61d88bab4e893138e') in 0.0280839 seconds [static and dynamic dependencies]. Details - ImportResultOutputID=2f78cebee7dd64ac8c2ef3cfdba5dd7a DependenciesID=fad212ff4ce67531d8d77bd1de4ba82d StaticDependenciesID=6f07e893db5c11867999f4c3c74d4491 
Number of updated asset objects reloaded before import = 0Number of asset objects unloaded after import = 1

========================================================================
Received Import Request.
  Time since last request: 0.000028 seconds.
  path: Assets/Downloaded/Horror Atmosphere LITE
  importAddress: Guid(3703809d8d69b49498854c1de84c18c2) Importer(2089858483,b0f066a214c2f5e87bad3c948f4d605d)
Start importing Assets/Downloaded/Horror Atmosphere LITE using Guid(3703809d8d69b49498854c1de84c18c2) Importer(2089858483,b0f066a214c2f5e87bad3c948f4d605d) (ScriptedImporter) -> (Import Result ID: 'f75854ec7c79982ee3e52c1533c3c7e0') in 0.0188247 seconds [static and dynamic dependencies]. Details - ImportResultOutputID=a9e6d95c94de41ef8eb97bf0a8a0f0a1 DependenciesID=bd516625866d29af91ae5542f41cf858 StaticDependenciesID=4e85d7a57e38823bab5cf70835435de3 
Number of updated asset objects reloaded before import = 0Number of asset objects unloaded after import = 1

========================================================================
Received Import Request.
  Time since last request: 0.000045 seconds.
  path: Assets/Downloaded/Horror Atmosphere LITE/BONUS/GUI
  importAddress: Guid(a5c1fa761e1f1fe429de2c0d4b368b0c) Importer(2089858483,b0f066a214c2f5e87bad3c948f4d605d)
Start importing Assets/Downloaded/Horror Atmosphere LITE/BONUS/GUI using Guid(a5c1fa761e1f1fe429de2c0d4b368b0c) Importer(2089858483,b0f066a214c2f5e87bad3c948f4d605d) (ScriptedImporter) -> (Import Result ID: '2f9a3b663060bf2a1131b5e18783e1d4') in 0.0172727 seconds [static and dynamic dependencies]. Details - ImportResultOutputID=9a5a487a689a345ef3086f90a6c8c4c1 DependenciesID=0fa481bbe811d6d0200e41008580651f StaticDependenciesID=f49cbf0f9375ca3e640fe03fc9df5e3c 
Number of updated asset objects reloaded before import = 0Number of asset objects unloaded after import = 1

========================================================================
Received Import Request.
  Time since last request: 0.000023 seconds.
  path: Assets/Downloaded/Footsteps - Essentials/Footsteps_Grass/Footsteps_Grass_Walk/Footsteps_Walk_Grass_Mono_25.wav
  importAddress: Guid(09305e4eb78a4cf4ebee70c4b976fa18) Importer(2089858483,b0f066a214c2f5e87bad3c948f4d605d)
Start importing Assets/Downloaded/Footsteps - Essentials/Footsteps_Grass/Footsteps_Grass_Walk/Footsteps_Walk_Grass_Mono_25.wav using Guid(09305e4eb78a4cf4ebee70c4b976fa18) Importer(2089858483,b0f066a214c2f5e87bad3c948f4d605d) (ScriptedImporter) -> (Import Result ID: 'c24d0824fc850311bb973cc7899046cd') in 0.0198137 seconds [static and dynamic dependencies]. Details - ImportResultOutputID=4be17ff996f080861bb60fae70c2feb0 DependenciesID=511745de23a1e5d460fc0ccab14ff2ca StaticDependenciesID=a9608711c7de84716c0935e2bcf272d7 
Number of updated asset objects reloaded before import = 0Number of asset objects unloaded after import = 1

========================================================================
Received Import Request.
  Time since last request: 0.000034 seconds.
  path: Assets/Downloaded/Horror Atmosphere LITE/Ambience/Ambience FX/Short_Cue_002.wav
  importAddress: Guid(17d150da56d721842b3e0ce461730236) Importer(2089858483,b0f066a214c2f5e87bad3c948f4d605d)
Start importing Assets/Downloaded/Horror Atmosphere LITE/Ambience/Ambience FX/Short_Cue_002.wav using Guid(17d150da56d721842b3e0ce461730236) Importer(2089858483,b0f066a214c2f5e87bad3c948f4d605d) (ScriptedImporter) -> (Import Result ID: '507b150aa9cd24c3cdb40fe9ef9ca31b') in 0.054019 seconds [static and dynamic dependencies]. Details - ImportResultOutputID=b3bcbfb469acbf29b1518b5a7d5a235e DependenciesID=ef1cde9dbad41a6ac3188ea12ce9950d StaticDependenciesID=d8325e12410b0f2e18e52146d19bb8d8 
Number of updated asset objects reloaded before import = 0Number of asset objects unloaded after import = 1

========================================================================
Received Import Request.
  Time since last request: 0.000028 seconds.
  path: Assets/Downloaded/Footsteps - Essentials/Footsteps_Snow/Footsteps_Snow_Walk/Footsteps_Snow_Hard_Walk_09.wav
  importAddress: Guid(0c1712eebdb3af2438eb4cd93140acc0) Importer(2089858483,b0f066a214c2f5e87bad3c948f4d605d)
Start importing Assets/Downloaded/Footsteps - Essentials/Footsteps_Snow/Footsteps_Snow_Walk/Footsteps_Snow_Hard_Walk_09.wav using Guid(0c1712eebdb3af2438eb4cd93140acc0) Importer(2089858483,b0f066a214c2f5e87bad3c948f4d605d) (ScriptedImporter) -> (Import Result ID: '5b02a3f4a24c8c7431a96e1316d9b3c6') in 0.0228425 seconds [static and dynamic dependencies]. Details - ImportResultOutputID=d39e76f32e9c993fd4d42ff7da584738 DependenciesID=a79fc4bf33077f0a6f5c973bbf4a6eb0 StaticDependenciesID=15170c2e947889af7de2321d49e90e58 
Number of updated asset objects reloaded before import = 0Number of asset objects unloaded after import = 1

========================================================================
Received Import Request.
  Time since last request: 0.000037 seconds.
  path: Assets/Downloaded/Horror Atmosphere LITE/Ambience/Atmosphere And Chaos/Rising and Falling Atmospheres
  importAddress: Guid(04eae1159b0e11b44bddfa279fa3256a) Importer(2089858483,b0f066a214c2f5e87bad3c948f4d605d)
Start importing Assets/Downloaded/Horror Atmosphere LITE/Ambience/Atmosphere And Chaos/Rising and Falling Atmospheres using Guid(04eae1159b0e11b44bddfa279fa3256a) Importer(2089858483,b0f066a214c2f5e87bad3c948f4d605d) (ScriptedImporter) -> (Import Result ID: 'f0ec6afee342a98b30b9c2005bfa3741') in 0.0165147 seconds [static and dynamic dependencies]. Details - ImportResultOutputID=78b009735956d223de6f4e6e6c70f771 DependenciesID=89c3454d9b642a37862b1aafc9e18501 StaticDependenciesID=e6691a8ad90bf60a11fa5fa78fdc8525 
Number of updated asset objects reloaded before import = 0Number of asset objects unloaded after import = 1

========================================================================
Received Import Request.
  Time since last request: 0.000025 seconds.
  path: Assets/Downloaded/Horror Atmosphere LITE/BONUS/GUI/Faint_CLick_002.wav
  importAddress: Guid(d6715ff30be540744b4127712faa0344) Importer(2089858483,b0f066a214c2f5e87bad3c948f4d605d)
Start importing Assets/Downloaded/Horror Atmosphere LITE/BONUS/GUI/Faint_CLick_002.wav using Guid(d6715ff30be540744b4127712faa0344) Importer(2089858483,b0f066a214c2f5e87bad3c948f4d605d) (ScriptedImporter) -> (Import Result ID: '75e965950c061979b2a786c9161f7b0b') in 0.0224932 seconds [static and dynamic dependencies]. Details - ImportResultOutputID=8171687609375b2e78df7ecce1b57f4b DependenciesID=30ca388597ee52d78fb87c3dee407a74 StaticDependenciesID=f1ca89db354181d9a81816ac41d259f8 
Number of updated asset objects reloaded before import = 0Number of asset objects unloaded after import = 1

========================================================================
Received Import Request.
  Time since last request: 0.000022 seconds.
  path: Assets/Downloaded/Footsteps - Essentials/Footsteps_Rock/Footsteps_Rock_Walk/Footsteps_Rock_Walk_05.wav
  importAddress: Guid(e3cfcb32689b274419ac73380ea96888) Importer(2089858483,b0f066a214c2f5e87bad3c948f4d605d)
Start importing Assets/Downloaded/Footsteps - Essentials/Footsteps_Rock/Footsteps_Rock_Walk/Footsteps_Rock_Walk_05.wav using Guid(e3cfcb32689b274419ac73380ea96888) Importer(2089858483,b0f066a214c2f5e87bad3c948f4d605d) (ScriptedImporter) -> (Import Result ID: '873a7ff21d70dfff5dd1be26345280c1') in 0.0222613 seconds [static and dynamic dependencies]. Details - ImportResultOutputID=b40a445787e3cbfbd180c699033054aa DependenciesID=65e90f9d649eb8f6e11056ddd00c6bbc StaticDependenciesID=7180db2f5c3427ab0445a5de87ce88fe 
Number of updated asset objects reloaded before import = 0Number of asset objects unloaded after import = 1

========================================================================
Received Import Request.
  Time since last request: 0.000034 seconds.
  path: Assets/Downloaded/Footsteps - Essentials/Footsteps_Rock/Footsteps_Rock_Jump/Footsteps_Rock_Jump_Land_03.wav
  importAddress: Guid(b796f7e3b1a4d7344b7ee8d6c077a68f) Importer(2089858483,b0f066a214c2f5e87bad3c948f4d605d)
Start importing Assets/Downloaded/Footsteps - Essentials/Footsteps_Rock/Footsteps_Rock_Jump/Footsteps_Rock_Jump_Land_03.wav using Guid(b796f7e3b1a4d7344b7ee8d6c077a68f) Importer(2089858483,b0f066a214c2f5e87bad3c948f4d605d) (ScriptedImporter) -> (Import Result ID: '68a3f7a620e35af66d6716e8c26b0e36') in 0.0213594 seconds [static and dynamic dependencies]. Details - ImportResultOutputID=56d3af260c0c5a72b1e7c402d73e0194 DependenciesID=7d4b0eb5b615bc386bc3824014a07fed StaticDependenciesID=0d94d5fe0e36c320094193a8c9d65a11 
Number of updated asset objects reloaded before import = 0Number of asset objects unloaded after import = 1

========================================================================
Received Import Request.
  Time since last request: 0.000053 seconds.
  path: Assets/Downloaded/Horror Atmosphere LITE/Ambience/Atmosphere And Chaos/Rising Tension and Matched loops/Rising_005a.wav
  importAddress: Guid(ad052dc7b01d6db42bb81aba3cf42b63) Importer(2089858483,b0f066a214c2f5e87bad3c948f4d605d)
Start importing Assets/Downloaded/Horror Atmosphere LITE/Ambience/Atmosphere And Chaos/Rising Tension and Matched loops/Rising_005a.wav using Guid(ad052dc7b01d6db42bb81aba3cf42b63) Importer(2089858483,b0f066a214c2f5e87bad3c948f4d605d) (ScriptedImporter) -> (Import Result ID: '08c6dd3342c44b2bbc8ea8ff77bc64f2') in 0.078852 seconds [static and dynamic dependencies]. Details - ImportResultOutputID=ef0d8195b68a6ae541b01c3d2968563d DependenciesID=9498481d907b7ca67f3f51ab52614186 StaticDependenciesID=0a28a94b1ec8bc711c3eb449a5c8295e 
Number of updated asset objects reloaded before import = 0Number of asset objects unloaded after import = 1

========================================================================
Received Import Request.
  Time since last request: 0.000026 seconds.
  path: Assets/Downloaded/Horror Atmosphere LITE/Ambience/Atmosphere And Chaos/Rising Tension and Matched loops/Rising_002a.wav
  importAddress: Guid(453bfe183e28ef241be6afa3c73f7388) Importer(2089858483,b0f066a214c2f5e87bad3c948f4d605d)
Start importing Assets/Downloaded/Horror Atmosphere LITE/Ambience/Atmosphere And Chaos/Rising Tension and Matched loops/Rising_002a.wav using Guid(453bfe183e28ef241be6afa3c73f7388) Importer(2089858483,b0f066a214c2f5e87bad3c948f4d605d) (ScriptedImporter) -> (Import Result ID: '5abf9bdbb36093858869f9c32602878c') in 0.0981425 seconds [static and dynamic dependencies]. Details - ImportResultOutputID=f69d316f9eb94bffcdeaaf456c6d3e7d DependenciesID=b21fdcfca3c323b38ee886dccb76c785 StaticDependenciesID=b4a9c52d2ca2b6b76773f6968e048da5 
Number of updated asset objects reloaded before import = 0Number of asset objects unloaded after import = 1

========================================================================
Received Import Request.
  Time since last request: 0.000031 seconds.
  path: Assets/Downloaded/Horror Atmosphere LITE/Ambience/Ambience FX/Falling-005.wav
  importAddress: Guid(2932e2b48bb6f494db8bad3b745e228d) Importer(2089858483,b0f066a214c2f5e87bad3c948f4d605d)
Start importing Assets/Downloaded/Horror Atmosphere LITE/Ambience/Ambience FX/Falling-005.wav using Guid(2932e2b48bb6f494db8bad3b745e228d) Importer(2089858483,b0f066a214c2f5e87bad3c948f4d605d) (ScriptedImporter) -> (Import Result ID: '35c3f90575fc93253dcfcb6d87d93ea1') in 0.0410385 seconds [static and dynamic dependencies]. Details - ImportResultOutputID=eecb4ac29b3e072c446a7a4a2c354334 DependenciesID=c460100ea323765d0f7b62fed59f5cfb StaticDependenciesID=208176c8bc00a15fac1ac1dccf942f34 
Number of updated asset objects reloaded before import = 0Number of asset objects unloaded after import = 1

========================================================================
Received Import Request.
  Time since last request: 0.000038 seconds.
  path: Assets/Downloaded/Footsteps - Essentials/Footsteps_Grass/Footsteps_Grass_Walk/Footsteps_Walk_Grass_Mono_46.wav
  importAddress: Guid(9133d407969ea654a9589b2169db5382) Importer(2089858483,b0f066a214c2f5e87bad3c948f4d605d)
Start importing Assets/Downloaded/Footsteps - Essentials/Footsteps_Grass/Footsteps_Grass_Walk/Footsteps_Walk_Grass_Mono_46.wav using Guid(9133d407969ea654a9589b2169db5382) Importer(2089858483,b0f066a214c2f5e87bad3c948f4d605d) (ScriptedImporter) -> (Import Result ID: '7bf2d7db92da1383349bf83cc77c314d') in 0.024382 seconds [static and dynamic dependencies]. Details - ImportResultOutputID=073ece57bf093861c6fb2240f5341188 DependenciesID=e6f53ccb55b2ed3346ccc811ca187611 StaticDependenciesID=8d0b1c853fbeb2a3517811f3c014d83b 
Number of updated asset objects reloaded before import = 0Number of asset objects unloaded after import = 1

========================================================================
Received Import Request.
  Time since last request: 0.000031 seconds.
  path: Assets/Downloaded/Footsteps - Essentials/Footsteps_Rock/Footsteps_Rock_Walk/Footsteps_Rock_Walk_08.wav
  importAddress: Guid(1a7741daba5446e46a40f8074aae75dc) Importer(2089858483,b0f066a214c2f5e87bad3c948f4d605d)
Start importing Assets/Downloaded/Footsteps - Essentials/Footsteps_Rock/Footsteps_Rock_Walk/Footsteps_Rock_Walk_08.wav using Guid(1a7741daba5446e46a40f8074aae75dc) Importer(2089858483,b0f066a214c2f5e87bad3c948f4d605d) (ScriptedImporter) -> (Import Result ID: '4eeb6abbdbe13fee0de423e3f414c059') in 0.0202808 seconds [static and dynamic dependencies]. Details - ImportResultOutputID=d716af9057dc66bfc10e8d2d9122243e DependenciesID=eaa5abd114cafb4279452fea08e030a6 StaticDependenciesID=e99f3a80dd117ead9ad3924916964934 
Number of updated asset objects reloaded before import = 0Number of asset objects unloaded after import = 1

========================================================================
Received Import Request.
  Time since last request: 0.000034 seconds.
  path: Assets/Downloaded/Footsteps - Essentials/Footsteps_Snow/Footsteps_Snow_Jump/Footsteps_Snow_Jump_Start_05.wav
  importAddress: Guid(8ae7c91bec282be438a3815efac64b89) Importer(2089858483,b0f066a214c2f5e87bad3c948f4d605d)
Start importing Assets/Downloaded/Footsteps - Essentials/Footsteps_Snow/Footsteps_Snow_Jump/Footsteps_Snow_Jump_Start_05.wav using Guid(8ae7c91bec282be438a3815efac64b89) Importer(2089858483,b0f066a214c2f5e87bad3c948f4d605d) (ScriptedImporter) -> (Import Result ID: 'bf3ab4a1db3175a42303e60331528005') in 0.0231981 seconds [static and dynamic dependencies]. Details - ImportResultOutputID=fe17033b75fef199ef7638da628ab299 DependenciesID=3cda050d95b57d1ddc5f15bbe6413213 StaticDependenciesID=cceeb35719f43c3ecd07dfd7b846aee9 
Number of updated asset objects reloaded before import = 0Number of asset objects unloaded after import = 1

========================================================================
Received Import Request.
  Time since last request: 0.000040 seconds.
  path: Assets/Downloaded/Footsteps - Essentials/Footsteps_Gravel/Footsteps_Gravel_Jump/Footsteps_Jump_Start_01.wav
  importAddress: Guid(80d4ea7778bc3d9459d9fcea672afcee) Importer(2089858483,b0f066a214c2f5e87bad3c948f4d605d)
Start importing Assets/Downloaded/Footsteps - Essentials/Footsteps_Gravel/Footsteps_Gravel_Jump/Footsteps_Jump_Start_01.wav using Guid(80d4ea7778bc3d9459d9fcea672afcee) Importer(2089858483,b0f066a214c2f5e87bad3c948f4d605d) (ScriptedImporter) -> (Import Result ID: '794677b58ea015434a0b7df15430d299') in 0.0235054 seconds [static and dynamic dependencies]. Details - ImportResultOutputID=18c3e149df5dc2dd5b6b66dfbad91232 DependenciesID=62fd755ac4bff69e4e277550b1e85e49 StaticDependenciesID=2416f512a54f36f38fbe785760e03c4b 
Number of updated asset objects reloaded before import = 0Number of asset objects unloaded after import = 1

========================================================================
Received Import Request.
  Time since last request: 0.000027 seconds.
  path: Assets/Downloaded/Horror Atmosphere LITE/BONUS/GUI/Clean Beep.wav
  importAddress: Guid(0d72746ab3c8fd74981369d70a12477c) Importer(2089858483,b0f066a214c2f5e87bad3c948f4d605d)
Start importing Assets/Downloaded/Horror Atmosphere LITE/BONUS/GUI/Clean Beep.wav using Guid(0d72746ab3c8fd74981369d70a12477c) Importer(2089858483,b0f066a214c2f5e87bad3c948f4d605d) (ScriptedImporter) -> (Import Result ID: '94980d3e03c85ba81a95e33b3f83c919') in 0.0246063 seconds [static and dynamic dependencies]. Details - ImportResultOutputID=66711a02728640c37bdb8c90b59f5ad2 DependenciesID=f99a4a6a3160dc3df1a7450d74be94b8 StaticDependenciesID=6ecc713dd8e6c53187b44f70e2dfc313 
Number of updated asset objects reloaded before import = 0Number of asset objects unloaded after import = 1

========================================================================
Received Import Request.
  Time since last request: 0.000035 seconds.
  path: Assets/Downloaded/Footsteps - Essentials/Footsteps_Tile/Footsteps_Tile_Jump/Footsteps_Tile_Jump_Start_01.wav
  importAddress: Guid(f42760acdd77d6c459020ab0f9db4f30) Importer(2089858483,b0f066a214c2f5e87bad3c948f4d605d)
Start importing Assets/Downloaded/Footsteps - Essentials/Footsteps_Tile/Footsteps_Tile_Jump/Footsteps_Tile_Jump_Start_01.wav using Guid(f42760acdd77d6c459020ab0f9db4f30) Importer(2089858483,b0f066a214c2f5e87bad3c948f4d605d) (ScriptedImporter) -> (Import Result ID: '2a1918e147451de9b2461d332a9fba97') in 0.0222264 seconds [static and dynamic dependencies]. Details - ImportResultOutputID=0aaa4b21b345ece22caeaed434e9f121 DependenciesID=bc03f9d841c222e9fe0723ca59c7d828 StaticDependenciesID=6dadbd9d96fc5e0259fc187c3186f9e2 
Number of updated asset objects reloaded before import = 0Number of asset objects unloaded after import = 1

========================================================================
Received Import Request.
  Time since last request: 0.000050 seconds.
  path: Assets/Downloaded/Footsteps - Essentials/Footsteps_Sand/Footsteps_Sand_Jump/Footsteps_Sand_Jump_Start_02.wav
  importAddress: Guid(64a62780b84db9645b00e69eb0621928) Importer(2089858483,b0f066a214c2f5e87bad3c948f4d605d)
Start importing Assets/Downloaded/Footsteps - Essentials/Footsteps_Sand/Footsteps_Sand_Jump/Footsteps_Sand_Jump_Start_02.wav using Guid(64a62780b84db9645b00e69eb0621928) Importer(2089858483,b0f066a214c2f5e87bad3c948f4d605d) (ScriptedImporter) -> (Import Result ID: 'fd963573ba8efc82b9e8845f4a554353') in 0.0222081 seconds [static and dynamic dependencies]. Details - ImportResultOutputID=e43790ca736ef949fa26f38245060269 DependenciesID=85e8ac8798f6bce14553b1eef56bb060 StaticDependenciesID=2fa66eb652f3f456a6379473552dd419 
Number of updated asset objects reloaded before import = 0Number of asset objects unloaded after import = 1

========================================================================
Received Import Request.
  Time since last request: 0.000029 seconds.
  path: Assets/Downloaded/Footsteps - Essentials/Footsteps_DirtyGround/Footsteps_DirtyGround_Run/Footsteps_DirtyGround_Run_05.wav
  importAddress: Guid(fa95ebee958fb0e41a42a832aab767eb) Importer(2089858483,b0f066a214c2f5e87bad3c948f4d605d)
Start importing Assets/Downloaded/Footsteps - Essentials/Footsteps_DirtyGround/Footsteps_DirtyGround_Run/Footsteps_DirtyGround_Run_05.wav using Guid(fa95ebee958fb0e41a42a832aab767eb) Importer(2089858483,b0f066a214c2f5e87bad3c948f4d605d) (ScriptedImporter) -> (Import Result ID: '65026e2ba62a0230e7e72e2b324fe6a7') in 0.0254864 seconds [static and dynamic dependencies]. Details - ImportResultOutputID=46e17c3227c44107fca34755f8741483 DependenciesID=d28206c9c9da51596d3ef5b778da9ee3 StaticDependenciesID=279f211ef937ee87b9c93a97c4e22d7f 
Number of updated asset objects reloaded before import = 0Number of asset objects unloaded after import = 1

========================================================================
Received Import Request.
  Time since last request: 0.000037 seconds.
  path: Assets/Downloaded/Horror Atmosphere LITE/BONUS/GUI/Click_009.wav
  importAddress: Guid(21aab3c32f4c9c5499707158aa58455d) Importer(2089858483,b0f066a214c2f5e87bad3c948f4d605d)
Start importing Assets/Downloaded/Horror Atmosphere LITE/BONUS/GUI/Click_009.wav using Guid(21aab3c32f4c9c5499707158aa58455d) Importer(2089858483,b0f066a214c2f5e87bad3c948f4d605d) (ScriptedImporter) -> (Import Result ID: '7c1661da25369829073c8be79623295c') in 0.0251201 seconds [static and dynamic dependencies]. Details - ImportResultOutputID=1c3dbf23589f4c9617db9986e76ee823 DependenciesID=26752e2155ee687340b36c517e38bcb9 StaticDependenciesID=eabddbe91ba4e939ae7cc67bfee0d29a 
Number of updated asset objects reloaded before import = 0Number of asset objects unloaded after import = 1

========================================================================
Received Import Request.
  Time since last request: 0.000026 seconds.
  path: Assets/Downloaded/Horror Atmosphere LITE/BONUS/GUI/Click_023.wav
  importAddress: Guid(7e2689facf70f194abff6c52c7141234) Importer(2089858483,b0f066a214c2f5e87bad3c948f4d605d)
Start importing Assets/Downloaded/Horror Atmosphere LITE/BONUS/GUI/Click_023.wav using Guid(7e2689facf70f194abff6c52c7141234) Importer(2089858483,b0f066a214c2f5e87bad3c948f4d605d) (ScriptedImporter) -> (Import Result ID: 'efabca0eae49bc66e91ae75fce8dc78f') in 0.0219644 seconds [static and dynamic dependencies]. Details - ImportResultOutputID=327b4c978a9bdfebdc26fcb44cbfbd8f DependenciesID=e8a2ea02ab4d4a418e1f6ae63327aca1 StaticDependenciesID=d3d544a6692384f42cf7e2c66365793d 
Number of updated asset objects reloaded before import = 0Number of asset objects unloaded after import = 1

========================================================================
Received Import Request.
  Time since last request: 0.000039 seconds.
  path: Assets/Downloaded/Footsteps - Essentials/Footsteps_DirtyGround/Footsteps_DirtyGround_Walk/Footsteps_DirtyGround_Walk_01.wav
  importAddress: Guid(9ea11a2d13d536e4e8441a0f5895995c) Importer(2089858483,b0f066a214c2f5e87bad3c948f4d605d)
Start importing Assets/Downloaded/Footsteps - Essentials/Footsteps_DirtyGround/Footsteps_DirtyGround_Walk/Footsteps_DirtyGround_Walk_01.wav using Guid(9ea11a2d13d536e4e8441a0f5895995c) Importer(2089858483,b0f066a214c2f5e87bad3c948f4d605d) (ScriptedImporter) -> (Import Result ID: 'abd9ff09dbc2b570b274fe4b4ef249fe') in 0.0217982 seconds [static and dynamic dependencies]. Details - ImportResultOutputID=ff1cea020caeca586720a9780887537c DependenciesID=bb666a0a04101229b65013f139a96dc5 StaticDependenciesID=29c2842ce866fc2b83e026a1359a9f28 
Number of updated asset objects reloaded before import = 0Number of asset objects unloaded after import = 1

========================================================================
Received Import Request.
  Time since last request: 0.000024 seconds.
  path: Assets/Downloaded/Footsteps - Essentials/Footsteps_Metal/Footsteps_Metal_Run/Footsteps_MetalV2_Run_06.wav
  importAddress: Guid(6056a660bb0897e4ea25a31889075437) Importer(2089858483,b0f066a214c2f5e87bad3c948f4d605d)
Start importing Assets/Downloaded/Footsteps - Essentials/Footsteps_Metal/Footsteps_Metal_Run/Footsteps_MetalV2_Run_06.wav using Guid(6056a660bb0897e4ea25a31889075437) Importer(2089858483,b0f066a214c2f5e87bad3c948f4d605d) (ScriptedImporter) -> (Import Result ID: '472ab549acb6ae0513b2162cf2bd1ad1') in 0.0227241 seconds [static and dynamic dependencies]. Details - ImportResultOutputID=1dbff8ebdb8114bbab7a11f2c5644636 DependenciesID=1cbed366c5e5697ac29177970c4bfcd8 StaticDependenciesID=3620346146fa51736f71185cd5d90218 
Number of updated asset objects reloaded before import = 0Number of asset objects unloaded after import = 1

========================================================================
Received Import Request.
  Time since last request: 0.000026 seconds.
  path: Assets/Downloaded/Footsteps - Essentials/Footsteps_Snow/Footsteps_Snow_Jump/Footsteps_Snow_Jump_Start_03.wav
  importAddress: Guid(5ff6d406771365f46aa326e7e91b10fe) Importer(2089858483,b0f066a214c2f5e87bad3c948f4d605d)
Start importing Assets/Downloaded/Footsteps - Essentials/Footsteps_Snow/Footsteps_Snow_Jump/Footsteps_Snow_Jump_Start_03.wav using Guid(5ff6d406771365f46aa326e7e91b10fe) Importer(2089858483,b0f066a214c2f5e87bad3c948f4d605d) (ScriptedImporter) -> (Import Result ID: '6a204de67dc086e552a0fa7de0ca7c20') in 0.0225396 seconds [static and dynamic dependencies]. Details - ImportResultOutputID=4d388be29b4e77b8fe0e952df157622f DependenciesID=920d24f0bed9f4bbbd1ce720b0cf5236 StaticDependenciesID=33e0cfa3c9c202735b102b2b2a9894c6 
Number of updated asset objects reloaded before import = 0Number of asset objects unloaded after import = 1

========================================================================
Received Import Request.
  Time since last request: 0.000036 seconds.
  path: Assets/Downloaded/Horror Atmosphere LITE/Ambience/Atmosphere And Chaos/Rising Tension and Matched loops/Rising_005(Still Atmospheric Loop).wav
  importAddress: Guid(8b629e345de09bb4c829645bf4b1440d) Importer(2089858483,b0f066a214c2f5e87bad3c948f4d605d)
Start importing Assets/Downloaded/Horror Atmosphere LITE/Ambience/Atmosphere And Chaos/Rising Tension and Matched loops/Rising_005(Still Atmospheric Loop).wav using Guid(8b629e345de09bb4c829645bf4b1440d) Importer(2089858483,b0f066a214c2f5e87bad3c948f4d605d) (ScriptedImporter) -> (Import Result ID: 'eb21ccf539a1948da28dee9272addc42') in 0.1720929 seconds [static and dynamic dependencies]. Details - ImportResultOutputID=4b12f383b86fa5fadc854b8ab75e50fe DependenciesID=fba7436b68e462c162b5704174c9da10 StaticDependenciesID=cd2c2397588db55cda2ac175877ca997 
Number of updated asset objects reloaded before import = 0Number of asset objects unloaded after import = 1

========================================================================
Received Import Request.
  Time since last request: 0.000040 seconds.
  path: Assets/Downloaded/Footsteps - Essentials/Footsteps_Snow/Footsteps_Snow_Jump/Footsteps_Snow_Hard_Jump_Land_02.wav
  importAddress: Guid(63e0175a58364a14d874cf6a4602923b) Importer(2089858483,b0f066a214c2f5e87bad3c948f4d605d)
Start importing Assets/Downloaded/Footsteps - Essentials/Footsteps_Snow/Footsteps_Snow_Jump/Footsteps_Snow_Hard_Jump_Land_02.wav using Guid(63e0175a58364a14d874cf6a4602923b) Importer(2089858483,b0f066a214c2f5e87bad3c948f4d605d) (ScriptedImporter) -> (Import Result ID: '421804ae613d1db292ce41e45d2480f4') in 0.0219979 seconds [static and dynamic dependencies]. Details - ImportResultOutputID=171fcdf710087263fd7f2d16ad6d2674 DependenciesID=feae001726ba964db448f287cbff0215 StaticDependenciesID=9a06455ff49233208017d797e06f2a2d 
Number of updated asset objects reloaded before import = 0Number of asset objects unloaded after import = 1

========================================================================
Received Import Request.
  Time since last request: 0.000052 seconds.
  path: Assets/Downloaded/Footsteps - Essentials/Footsteps_Metal/Footsteps_Metal_Walk/Footsteps_MetalV1_Walk_15.wav
  importAddress: Guid(63218441cc62b42499a5df11d6393821) Importer(2089858483,b0f066a214c2f5e87bad3c948f4d605d)
Start importing Assets/Downloaded/Footsteps - Essentials/Footsteps_Metal/Footsteps_Metal_Walk/Footsteps_MetalV1_Walk_15.wav using Guid(63218441cc62b42499a5df11d6393821) Importer(2089858483,b0f066a214c2f5e87bad3c948f4d605d) (ScriptedImporter) -> (Import Result ID: '4c36ec5e57e3fb64bb0fd38735e0445d') in 0.0215349 seconds [static and dynamic dependencies]. Details - ImportResultOutputID=4c27928f2c16fcd1135aa0094c5f06f2 DependenciesID=ed36f32a5716fcee8256ffba55806894 StaticDependenciesID=003bcc82cd99e99a9599d974376c80fe 
Number of updated asset objects reloaded before import = 0Number of asset objects unloaded after import = 1

========================================================================
Received Import Request.
  Time since last request: 0.000024 seconds.
  path: Assets/Downloaded/Footsteps - Essentials/Footsteps_Tile/Footsteps_Tile_Jump/Footsteps_Tile_Jump_Land_03.wav
  importAddress: Guid(f65b8caedf0c89b4c9f6ea1408f5e362) Importer(2089858483,b0f066a214c2f5e87bad3c948f4d605d)
Start importing Assets/Downloaded/Footsteps - Essentials/Footsteps_Tile/Footsteps_Tile_Jump/Footsteps_Tile_Jump_Land_03.wav using Guid(f65b8caedf0c89b4c9f6ea1408f5e362) Importer(2089858483,b0f066a214c2f5e87bad3c948f4d605d) (ScriptedImporter) -> (Import Result ID: '04faa8fbb089e96cf6fa72ac0145601a') in 0.0222402 seconds [static and dynamic dependencies]. Details - ImportResultOutputID=7a45a41c83c6e655abe312af424c9150 DependenciesID=541c4e0c8df15935d5308e8bfb46df2b StaticDependenciesID=b18ead426355dc1f64b17c73d30b441a 
Number of updated asset objects reloaded before import = 0Number of asset objects unloaded after import = 1

========================================================================
Received Import Request.
  Time since last request: 0.000048 seconds.
  path: Assets/Downloaded/Footsteps - Essentials/Footsteps_Metal/Footsteps_Metal_Walk/Footsteps_MetalV1_Walk_05.wav
  importAddress: Guid(812100e3982e56842adb6ba5be867b7a) Importer(2089858483,b0f066a214c2f5e87bad3c948f4d605d)
Start importing Assets/Downloaded/Footsteps - Essentials/Footsteps_Metal/Footsteps_Metal_Walk/Footsteps_MetalV1_Walk_05.wav using Guid(812100e3982e56842adb6ba5be867b7a) Importer(2089858483,b0f066a214c2f5e87bad3c948f4d605d) (ScriptedImporter) -> (Import Result ID: '8b40ff18a3595d69dc4e8c2f7318417a') in 0.0235848 seconds [static and dynamic dependencies]. Details - ImportResultOutputID=53e15f10bb8d22a59b629015b11f4bae DependenciesID=2ebbe0224f470dc70714e36a8c7fc769 StaticDependenciesID=25da62535974114fae4f4af72e1bda3a 
Number of updated asset objects reloaded before import = 0Number of asset objects unloaded after import = 1

========================================================================
Received Import Request.
  Time since last request: 0.000031 seconds.
  path: Assets/Downloaded/Footsteps - Essentials/Footsteps_Mud/Footsteps_Mud_Run/Footsteps_Mud_Run_04.wav
  importAddress: Guid(7ca101be9f1e036429aba094cd40b711) Importer(2089858483,b0f066a214c2f5e87bad3c948f4d605d)
Start importing Assets/Downloaded/Footsteps - Essentials/Footsteps_Mud/Footsteps_Mud_Run/Footsteps_Mud_Run_04.wav using Guid(7ca101be9f1e036429aba094cd40b711) Importer(2089858483,b0f066a214c2f5e87bad3c948f4d605d) (ScriptedImporter) -> (Import Result ID: '86c7bc413b9a7acc5c01a13d1b4e2a82') in 0.0210268 seconds [static and dynamic dependencies]. Details - ImportResultOutputID=2a1028813df84450f72cfc4c754beb5b DependenciesID=5539694470d9170679e41879235722f3 StaticDependenciesID=a57b72b7e2515f4d2a84ae6e344b566c 
Number of updated asset objects reloaded before import = 0Number of asset objects unloaded after import = 1

========================================================================
Received Import Request.
  Time since last request: 0.000027 seconds.
  path: Assets/Downloaded/Footsteps - Essentials/Footsteps_Grass/Footsteps_Grass_Jump/Footsteps_Grass_Jump_Start_09.wav
  importAddress: Guid(0bd6d911a80f46040977198422926d29) Importer(2089858483,b0f066a214c2f5e87bad3c948f4d605d)
Start importing Assets/Downloaded/Footsteps - Essentials/Footsteps_Grass/Footsteps_Grass_Jump/Footsteps_Grass_Jump_Start_09.wav using Guid(0bd6d911a80f46040977198422926d29) Importer(2089858483,b0f066a214c2f5e87bad3c948f4d605d) (ScriptedImporter) -> (Import Result ID: '0efbe54df0cebc92a3e468f712bb5ebd') in 0.0197742 seconds [static and dynamic dependencies]. Details - ImportResultOutputID=e49481002e2d701836e7f0f56366732f DependenciesID=0050d2d3414103ed7d3b6926edaa3af9 StaticDependenciesID=bad7a4ede3d03d3b1d861fd4a8cb67ee 
Number of updated asset objects reloaded before import = 0Number of asset objects unloaded after import = 1

========================================================================
Received Import Request.
  Time since last request: 0.000025 seconds.
  path: Assets/Downloaded/Footsteps - Essentials/Footsteps_Snow/Footsteps_Snow_Walk/Footsteps_Snow_Walk_07.wav
  importAddress: Guid(ee5109b2ca7428843a14b6a36dda384f) Importer(2089858483,b0f066a214c2f5e87bad3c948f4d605d)
Start importing Assets/Downloaded/Footsteps - Essentials/Footsteps_Snow/Footsteps_Snow_Walk/Footsteps_Snow_Walk_07.wav using Guid(ee5109b2ca7428843a14b6a36dda384f) Importer(2089858483,b0f066a214c2f5e87bad3c948f4d605d) (ScriptedImporter) -> (Import Result ID: '6fe8a8557e1576ca42a1c6f1218c1960') in 0.0241361 seconds [static and dynamic dependencies]. Details - ImportResultOutputID=b05ae4045144cdfd7ab2908c9be58235 DependenciesID=a92571a0df561613d38130b3a705a9e4 StaticDependenciesID=d2b5a8adcc486c71920863ae6846e968 
Number of updated asset objects reloaded before import = 0Number of asset objects unloaded after import = 1

========================================================================
Received Import Request.
  Time since last request: 0.000048 seconds.
  path: Assets/Downloaded/Footsteps - Essentials/Footsteps_Wood/Footsteps_Wood_Walk/Footsteps_Wood_Walk_05.wav
  importAddress: Guid(2e832dbb2c7c9ba4e97fd3005fe850b7) Importer(2089858483,b0f066a214c2f5e87bad3c948f4d605d)
Start importing Assets/Downloaded/Footsteps - Essentials/Footsteps_Wood/Footsteps_Wood_Walk/Footsteps_Wood_Walk_05.wav using Guid(2e832dbb2c7c9ba4e97fd3005fe850b7) Importer(2089858483,b0f066a214c2f5e87bad3c948f4d605d) (ScriptedImporter) -> (Import Result ID: 'b41450bc83ad94dedce2e92641330e1c') in 0.0193169 seconds [static and dynamic dependencies]. Details - ImportResultOutputID=81ecf74abd9959f3f3bd62d38d9ef13b DependenciesID=2c7fb1a5bdc9c5e4e1f6762b81c37a45 StaticDependenciesID=be91c20afac328435d97bc283b95f45a 
Number of updated asset objects reloaded before import = 0Number of asset objects unloaded after import = 1

========================================================================
Received Import Request.
  Time since last request: 0.000023 seconds.
  path: Assets/Downloaded/Footsteps - Essentials/Footsteps_Sand/Footsteps_Sand_Run/Footsteps_Sand_Run_18.wav
  importAddress: Guid(c11ecc89dec9e1a428e927466942ba39) Importer(2089858483,b0f066a214c2f5e87bad3c948f4d605d)
Start importing Assets/Downloaded/Footsteps - Essentials/Footsteps_Sand/Footsteps_Sand_Run/Footsteps_Sand_Run_18.wav using Guid(c11ecc89dec9e1a428e927466942ba39) Importer(2089858483,b0f066a214c2f5e87bad3c948f4d605d) (ScriptedImporter) -> (Import Result ID: 'e673e8c947c195327c2c43d520590a71') in 0.0222355 seconds [static and dynamic dependencies]. Details - ImportResultOutputID=dafc9ee6cb1ff479cd5c132761bdf587 DependenciesID=246794af519b37f5544ed90bc04540bd StaticDependenciesID=a3b88ee8dea03428aa76ba9aaead1ef1 
Number of updated asset objects reloaded before import = 0Number of asset objects unloaded after import = 1

========================================================================
Received Import Request.
  Time since last request: 0.000023 seconds.
  path: Assets/Downloaded/Horror Atmosphere LITE/Ambience/Atmosphere And Chaos/Chaos_11(SINGLE LOOP).wav
  importAddress: Guid(66d76dfab87103041a998ee35470bb14) Importer(2089858483,b0f066a214c2f5e87bad3c948f4d605d)
Start importing Assets/Downloaded/Horror Atmosphere LITE/Ambience/Atmosphere And Chaos/Chaos_11(SINGLE LOOP).wav using Guid(66d76dfab87103041a998ee35470bb14) Importer(2089858483,b0f066a214c2f5e87bad3c948f4d605d) (ScriptedImporter) -> (Import Result ID: 'a23c07abcb0627971f345e76b816bb66') in 0.1362409 seconds [static and dynamic dependencies]. Details - ImportResultOutputID=338d4cb4d852143bcadff50cb3e45cd5 DependenciesID=26c50b7867b1e903c73f8c9f3eedecd7 StaticDependenciesID=e6e9eab736fa270be92db81238114df3 
Number of updated asset objects reloaded before import = 0Number of asset objects unloaded after import = 1

========================================================================
Received Import Request.
  Time since last request: 0.000023 seconds.
  path: Assets/Downloaded/Footsteps - Essentials/Footsteps_Tile/Footsteps_Tile_Run
  importAddress: Guid(aaeada18464270f4d935a78290dde034) Importer(2089858483,b0f066a214c2f5e87bad3c948f4d605d)
Start importing Assets/Downloaded/Footsteps - Essentials/Footsteps_Tile/Footsteps_Tile_Run using Guid(aaeada18464270f4d935a78290dde034) Importer(2089858483,b0f066a214c2f5e87bad3c948f4d605d) (ScriptedImporter) -> (Import Result ID: '0f4384b26b9175fa6a1e2e247bfe919f') in 0.0159778 seconds [static and dynamic dependencies]. Details - ImportResultOutputID=5a03fba9df491158763d988348fb7e1e DependenciesID=5b6a13f5eea74a210416e53e69a08bfe StaticDependenciesID=0095b5d285745c7776fb18fa09da3830 
Number of updated asset objects reloaded before import = 0Number of asset objects unloaded after import = 1

========================================================================
Received Import Request.
  Time since last request: 0.000039 seconds.
  path: Assets/Downloaded/Footsteps - Essentials/Footsteps_Grass/Footsteps_Grass_Walk/Footsteps_Walk_Grass_Mono_35.wav
  importAddress: Guid(c98c6b4375d0b1e4193f9e678966559a) Importer(2089858483,b0f066a214c2f5e87bad3c948f4d605d)
Start importing Assets/Downloaded/Footsteps - Essentials/Footsteps_Grass/Footsteps_Grass_Walk/Footsteps_Walk_Grass_Mono_35.wav using Guid(c98c6b4375d0b1e4193f9e678966559a) Importer(2089858483,b0f066a214c2f5e87bad3c948f4d605d) (ScriptedImporter) -> (Import Result ID: '2db5eedaae4b540c16852f89fa9b7aac') in 0.0211037 seconds [static and dynamic dependencies]. Details - ImportResultOutputID=88c96b18fe1e35b63a7b2ef2b4c244ad DependenciesID=50745fbb65c15d9376e86685179cdba4 StaticDependenciesID=0058d37dd018ce1b5742c781a1596fa0 
Number of updated asset objects reloaded before import = 0Number of asset objects unloaded after import = 1

========================================================================
Received Import Request.
  Time since last request: 0.000019 seconds.
  path: Assets/Downloaded/Footsteps - Essentials/Footsteps_Snow/Footsteps_Snow_Walk/Footsteps_Snow_Hard_Walk_02.wav
  importAddress: Guid(d82fc2cd4d9eb384ba34b3dc326990d9) Importer(2089858483,b0f066a214c2f5e87bad3c948f4d605d)
Start importing Assets/Downloaded/Footsteps - Essentials/Footsteps_Snow/Footsteps_Snow_Walk/Footsteps_Snow_Hard_Walk_02.wav using Guid(d82fc2cd4d9eb384ba34b3dc326990d9) Importer(2089858483,b0f066a214c2f5e87bad3c948f4d605d) (ScriptedImporter) -> (Import Result ID: 'a31274cb4d8c1e4f32438c6da69fcc90') in 0.0210234 seconds [static and dynamic dependencies]. Details - ImportResultOutputID=c0c69058fb5c22c14f4fa45093238d59 DependenciesID=e39bfb50f603a9fb8d55b2cf8a0ddb7d StaticDependenciesID=0650c2a83a9b8698f1faf988d9e33c81 
Number of updated asset objects reloaded before import = 0Number of asset objects unloaded after import = 1

========================================================================
Received Import Request.
  Time since last request: 0.000022 seconds.
  path: Assets/Downloaded/Footsteps - Essentials/Footsteps_Grass/Footsteps_Grass_Jump/Footsteps_Grass_Jump_Land_06.wav
  importAddress: Guid(ccfb18eb53b37384b9632ae00f725881) Importer(2089858483,b0f066a214c2f5e87bad3c948f4d605d)
Start importing Assets/Downloaded/Footsteps - Essentials/Footsteps_Grass/Footsteps_Grass_Jump/Footsteps_Grass_Jump_Land_06.wav using Guid(ccfb18eb53b37384b9632ae00f725881) Importer(2089858483,b0f066a214c2f5e87bad3c948f4d605d) (ScriptedImporter) -> (Import Result ID: 'd88ac63bfc86fa2b2db77c59ea8a57ee') in 0.0226908 seconds [static and dynamic dependencies]. Details - ImportResultOutputID=30dc40b8a2b8724c81b73381fac7f5ac DependenciesID=0f4fdd9dbb24033b672258933d46b063 StaticDependenciesID=7faf0b90ed6172e8a57e282cc6708f1c 
Number of updated asset objects reloaded before import = 0Number of asset objects unloaded after import = 1

========================================================================
Received Import Request.
  Time since last request: 0.000025 seconds.
  path: Assets/Downloaded/Footsteps - Essentials/Footsteps_Tile/Footsteps_Tile_Walk/Footsteps_Tile_Walk_08.wav
  importAddress: Guid(d15f7338d693f0343843a6b9096d27f6) Importer(2089858483,b0f066a214c2f5e87bad3c948f4d605d)
Start importing Assets/Downloaded/Footsteps - Essentials/Footsteps_Tile/Footsteps_Tile_Walk/Footsteps_Tile_Walk_08.wav using Guid(d15f7338d693f0343843a6b9096d27f6) Importer(2089858483,b0f066a214c2f5e87bad3c948f4d605d) (ScriptedImporter) -> (Import Result ID: '07562a0d81cacddac9103cd9da1511ba') in 0.0228985 seconds [static and dynamic dependencies]. Details - ImportResultOutputID=542a16759447e9ada065a6998e14509d DependenciesID=db6c5f40a8d6d51fd140b914b6df7355 StaticDependenciesID=72a218e1172e5e9be786f9196f7f9878 
Number of updated asset objects reloaded before import = 0Number of asset objects unloaded after import = 1

========================================================================
Received Import Request.
  Time since last request: 0.000042 seconds.
  path: Assets/Downloaded/Footsteps - Essentials/Footsteps_Wood/Footsteps_Wood_Run
  importAddress: Guid(796417c01dee09040a6f8f203d99b894) Importer(2089858483,b0f066a214c2f5e87bad3c948f4d605d)
Start importing Assets/Downloaded/Footsteps - Essentials/Footsteps_Wood/Footsteps_Wood_Run using Guid(796417c01dee09040a6f8f203d99b894) Importer(2089858483,b0f066a214c2f5e87bad3c948f4d605d) (ScriptedImporter) -> (Import Result ID: '9d38edb19941d73a8ae7ad53f166e261') in 0.0167546 seconds [static and dynamic dependencies]. Details - ImportResultOutputID=cfa00d68f28849e6fa919915ab96284c DependenciesID=a8d4af829be8a675ce8f8d88872a3ad1 StaticDependenciesID=3e8e60b59221d79c72bdc714b738d0cf 
Number of updated asset objects reloaded before import = 0Number of asset objects unloaded after import = 1

========================================================================
Received Import Request.
  Time since last request: 0.000022 seconds.
  path: Assets/Downloaded/Footsteps - Essentials/Footsteps_DirtyGround/Footsteps_DirtyGround_Run/Footsteps_DirtyGround_Run_02.wav
  importAddress: Guid(1deb201b8bf8f89479323a74e421150b) Importer(2089858483,b0f066a214c2f5e87bad3c948f4d605d)
Start importing Assets/Downloaded/Footsteps - Essentials/Footsteps_DirtyGround/Footsteps_DirtyGround_Run/Footsteps_DirtyGround_Run_02.wav using Guid(1deb201b8bf8f89479323a74e421150b) Importer(2089858483,b0f066a214c2f5e87bad3c948f4d605d) (ScriptedImporter) -> (Import Result ID: '52e9dcfa9d56463c13d6d0b4a39f4fa0') in 0.0193327 seconds [static and dynamic dependencies]. Details - ImportResultOutputID=fd7c6abe21fb2f98e335236abae4f0a8 DependenciesID=90aa467275442124fe40c53c5b531420 StaticDependenciesID=4ee2292de08a0910c982c0a397299663 
Number of updated asset objects reloaded before import = 0Number of asset objects unloaded after import = 1

========================================================================
Received Import Request.
  Time since last request: 0.000027 seconds.
  path: Assets/Downloaded/Footsteps - Essentials/Footsteps_Water/Footsteps_Water_Walk/Footsteps_WaterV1_Walk_01.wav
  importAddress: Guid(adf4e7fa93007bd49937217a0922f285) Importer(2089858483,b0f066a214c2f5e87bad3c948f4d605d)
Start importing Assets/Downloaded/Footsteps - Essentials/Footsteps_Water/Footsteps_Water_Walk/Footsteps_WaterV1_Walk_01.wav using Guid(adf4e7fa93007bd49937217a0922f285) Importer(2089858483,b0f066a214c2f5e87bad3c948f4d605d) (ScriptedImporter) -> (Import Result ID: '54548ad4eb03b082ab5111f95f82a4dd') in 0.0222588 seconds [static and dynamic dependencies]. Details - ImportResultOutputID=320105f28dd82e3932dfec1cc95e3aa9 DependenciesID=0f0dff1e490fcb7832500a2516c07a88 StaticDependenciesID=50f50392098e5cd0a7f0e50605bc9a33 
Number of updated asset objects reloaded before import = 0Number of asset objects unloaded after import = 1

========================================================================
Received Import Request.
  Time since last request: 0.000029 seconds.
  path: Assets/Downloaded/Footsteps - Essentials/Footsteps_Grass/Footsteps_Grass_Walk/Footsteps_Walk_Grass_Mono_05.wav
  importAddress: Guid(a62172e6f7275ff4f94c17edc8dfdd0d) Importer(2089858483,b0f066a214c2f5e87bad3c948f4d605d)
Start importing Assets/Downloaded/Footsteps - Essentials/Footsteps_Grass/Footsteps_Grass_Walk/Footsteps_Walk_Grass_Mono_05.wav using Guid(a62172e6f7275ff4f94c17edc8dfdd0d) Importer(2089858483,b0f066a214c2f5e87bad3c948f4d605d) (ScriptedImporter) -> (Import Result ID: '2773e6199d34dac2b68da944a0ab4294') in 0.0204069 seconds [static and dynamic dependencies]. Details - ImportResultOutputID=17c6643dfb89786b482cf3bf9d1a5b15 DependenciesID=3cc79dd12b1c071b2c1683af6395553f StaticDependenciesID=55de9e80e81f0d27947a400176bb215f 
Number of updated asset objects reloaded before import = 0Number of asset objects unloaded after import = 1

========================================================================
Received Import Request.
  Time since last request: 0.000043 seconds.
  path: Assets/Downloaded/Footsteps - Essentials/Footsteps_Metal/Footsteps_Metal_Run/Footsteps_MetalV2_Run_08.wav
  importAddress: Guid(e968240fec458e24a862c16541a528c6) Importer(2089858483,b0f066a214c2f5e87bad3c948f4d605d)
Start importing Assets/Downloaded/Footsteps - Essentials/Footsteps_Metal/Footsteps_Metal_Run/Footsteps_MetalV2_Run_08.wav using Guid(e968240fec458e24a862c16541a528c6) Importer(2089858483,b0f066a214c2f5e87bad3c948f4d605d) (ScriptedImporter) -> (Import Result ID: 'e433704e18fef0df428171091e760666') in 0.019507 seconds [static and dynamic dependencies]. Details - ImportResultOutputID=664a742f69d83322c53733b02e761d2c DependenciesID=480914f57584d4b4559d8add549d6721 StaticDependenciesID=8004da109cae3dbf272b4709f9de711d 
Number of updated asset objects reloaded before import = 0Number of asset objects unloaded after import = 1

========================================================================
Received Import Request.
  Time since last request: 0.000023 seconds.
  path: Assets/Downloaded/Horror Atmosphere LITE/Ambience/Jumpscare and Hits/Strike_002.wav
  importAddress: Guid(d8c1224512f19fa4e8c91e802c9a66f4) Importer(2089858483,b0f066a214c2f5e87bad3c948f4d605d)
Start importing Assets/Downloaded/Horror Atmosphere LITE/Ambience/Jumpscare and Hits/Strike_002.wav using Guid(d8c1224512f19fa4e8c91e802c9a66f4) Importer(2089858483,b0f066a214c2f5e87bad3c948f4d605d) (ScriptedImporter) -> (Import Result ID: 'd976ceb97f9528d4252fb86ffa19b823') in 0.0388152 seconds [static and dynamic dependencies]. Details - ImportResultOutputID=0de215ab85ecf8b13996ab8c69919b71 DependenciesID=ce245f19fc50363810e40e82a33e0caa StaticDependenciesID=e5daa1eebae996f795ea0769eec3d8c2 
Number of updated asset objects reloaded before import = 0Number of asset objects unloaded after import = 1

========================================================================
Received Import Request.
  Time since last request: 0.000030 seconds.
  path: Assets/Downloaded/Footsteps - Essentials/Footsteps_Tile/Footsteps_Tile_Jump/Footsteps_Tile_Jump_Start_02.wav
  importAddress: Guid(db2281b9de1863f409d62f9edf69c6cf) Importer(2089858483,b0f066a214c2f5e87bad3c948f4d605d)
Start importing Assets/Downloaded/Footsteps - Essentials/Footsteps_Tile/Footsteps_Tile_Jump/Footsteps_Tile_Jump_Start_02.wav using Guid(db2281b9de1863f409d62f9edf69c6cf) Importer(2089858483,b0f066a214c2f5e87bad3c948f4d605d) (ScriptedImporter) -> (Import Result ID: '4fd9c48a6ce06eb00e5f59fc55523015') in 0.0209225 seconds [static and dynamic dependencies]. Details - ImportResultOutputID=b5523b72a7b5065aca0b3caca8f64e86 DependenciesID=915a9aeeff0b3d46d3d69fb8372b8513 StaticDependenciesID=ff1bf721ec2d20e60ea9ebc0b539553e 
Number of updated asset objects reloaded before import = 0Number of asset objects unloaded after import = 1

========================================================================
Received Import Request.
  Time since last request: 0.000030 seconds.
  path: Assets/Downloaded/Footsteps - Essentials/Footsteps_Rock/Footsteps_Rock_Walk/Footsteps_Rock_Walk_04.wav
  importAddress: Guid(7187dc81f98b8be4eb97bfc4dd9a5abf) Importer(2089858483,b0f066a214c2f5e87bad3c948f4d605d)
Start importing Assets/Downloaded/Footsteps - Essentials/Footsteps_Rock/Footsteps_Rock_Walk/Footsteps_Rock_Walk_04.wav using Guid(7187dc81f98b8be4eb97bfc4dd9a5abf) Importer(2089858483,b0f066a214c2f5e87bad3c948f4d605d) (ScriptedImporter) -> (Import Result ID: '78d82c59e56029e9fdabf49e91e7dffd') in 0.0208985 seconds [static and dynamic dependencies]. Details - ImportResultOutputID=954e26e1f8a4594b7e183ed1448be6cc DependenciesID=4065b112f7b9a94b92adbeb958835a6d StaticDependenciesID=ca4cb4f70b987d119c974519ca991cb4 
Number of updated asset objects reloaded before import = 0Number of asset objects unloaded after import = 1

========================================================================
Received Import Request.
  Time since last request: 0.000093 seconds.
  path: Assets/Downloaded/Footsteps - Essentials/Footsteps_Snow/Footsteps_Snow_Jump/Footsteps_Snow_Hard_Jump_Start_02.wav
  importAddress: Guid(16eb595cb84df9743b43927e6e11f487) Importer(2089858483,b0f066a214c2f5e87bad3c948f4d605d)
Start importing Assets/Downloaded/Footsteps - Essentials/Footsteps_Snow/Footsteps_Snow_Jump/Footsteps_Snow_Hard_Jump_Start_02.wav using Guid(16eb595cb84df9743b43927e6e11f487) Importer(2089858483,b0f066a214c2f5e87bad3c948f4d605d) (ScriptedImporter) -> (Import Result ID: '6a0a246e8d011374ff17a73f352860df') in 0.0186521 seconds [static and dynamic dependencies]. Details - ImportResultOutputID=a78610e8964730537e583dc12b99eed4 DependenciesID=cc30da4dd2f7f6355be075d11a772487 StaticDependenciesID=8b468683c7a2d80088f8d2e3ed51dcf1 
Number of updated asset objects reloaded before import = 0Number of asset objects unloaded after import = 1

========================================================================
Received Import Request.
  Time since last request: 0.000023 seconds.
  path: Assets/Downloaded/Footsteps - Essentials/Footsteps_Mud/Footsteps_Mud_Run/Footsteps_Mud_Run_01.wav
  importAddress: Guid(33723cbe063127c4ca08b7f627760f1e) Importer(2089858483,b0f066a214c2f5e87bad3c948f4d605d)
Start importing Assets/Downloaded/Footsteps - Essentials/Footsteps_Mud/Footsteps_Mud_Run/Footsteps_Mud_Run_01.wav using Guid(33723cbe063127c4ca08b7f627760f1e) Importer(2089858483,b0f066a214c2f5e87bad3c948f4d605d) (ScriptedImporter) -> (Import Result ID: '55f9cafe5c9ce4299568685968fef2a8') in 0.0218384 seconds [static and dynamic dependencies]. Details - ImportResultOutputID=46f9cad539a7b06170ad2b84cee88829 DependenciesID=9d88d7f13cda15547b82d2beb5f8b3ae StaticDependenciesID=ebb39bde9c5313a59de6f696312deece 
Number of updated asset objects reloaded before import = 0Number of asset objects unloaded after import = 1

========================================================================
Received Import Request.
  Time since last request: 0.000022 seconds.
  path: Assets/Downloaded/Horror Atmosphere LITE/Ambience/Atmosphere And Chaos/Atmosphere_001(Loop).wav
  importAddress: Guid(da32a42efe943a44eb47cb3ba82ee5a1) Importer(2089858483,b0f066a214c2f5e87bad3c948f4d605d)
Start importing Assets/Downloaded/Horror Atmosphere LITE/Ambience/Atmosphere And Chaos/Atmosphere_001(Loop).wav using Guid(da32a42efe943a44eb47cb3ba82ee5a1) Importer(2089858483,b0f066a214c2f5e87bad3c948f4d605d) (ScriptedImporter) -> (Import Result ID: '05b8a9794a990a25cf0133d92c6d9538') in 0.3140027 seconds [static and dynamic dependencies]. Details - ImportResultOutputID=4eef04f0cc604470beac9f6c3fd03c81 DependenciesID=828c3f6417575674c8904df90f3781d2 StaticDependenciesID=f898f7b86b7102713c437883da56f582 
Number of updated asset objects reloaded before import = 0Number of asset objects unloaded after import = 1

========================================================================
Received Import Request.
  Time since last request: 0.000026 seconds.
  path: Assets/Downloaded/Footsteps - Essentials/Footsteps_Metal/Footsteps_Metal_Jump/Footsteps_MetalV1_Jump_Start_02.wav
  importAddress: Guid(d22035de002018b44bc76a915efcba10) Importer(2089858483,b0f066a214c2f5e87bad3c948f4d605d)
Start importing Assets/Downloaded/Footsteps - Essentials/Footsteps_Metal/Footsteps_Metal_Jump/Footsteps_MetalV1_Jump_Start_02.wav using Guid(d22035de002018b44bc76a915efcba10) Importer(2089858483,b0f066a214c2f5e87bad3c948f4d605d) (ScriptedImporter) -> (Import Result ID: 'bb8295f673dcc8d89cb74755313c012a') in 0.0195106 seconds [static and dynamic dependencies]. Details - ImportResultOutputID=99ca9944af6817c93d8b0cc9d22e6490 DependenciesID=e21629037166b184372e5500fd98e61d StaticDependenciesID=3acc54ecae61b95ef54363e2b13fe2c5 
Number of updated asset objects reloaded before import = 0Number of asset objects unloaded after import = 1

========================================================================
Received Import Request.
  Time since last request: 0.000051 seconds.
  path: Assets/Downloaded/Horror Atmosphere LITE/Ambience/Ambience FX
  importAddress: Guid(422b6d1cebd836245bd0271327d8eeff) Importer(2089858483,b0f066a214c2f5e87bad3c948f4d605d)
Start importing Assets/Downloaded/Horror Atmosphere LITE/Ambience/Ambience FX using Guid(422b6d1cebd836245bd0271327d8eeff) Importer(2089858483,b0f066a214c2f5e87bad3c948f4d605d) (ScriptedImporter) -> (Import Result ID: 'e12ad50673094cc9878d8e4bc8ed498c') in 0.0174757 seconds [static and dynamic dependencies]. Details - ImportResultOutputID=52bd5a2b7bc82f197f8c114921f00188 DependenciesID=3507a086d86cccf88258871ec75c9565 StaticDependenciesID=111505c970ef453585d8bf4aeed8dee7 
Number of updated asset objects reloaded before import = 0Number of asset objects unloaded after import = 1

========================================================================
Received Import Request.
  Time since last request: 0.000038 seconds.
  path: Assets/Downloaded/Footsteps - Essentials/Footsteps_Snow/Footsteps_Snow_Run/Footsteps_Snow_Run_08.wav
  importAddress: Guid(32074fca44eace649a885ce0e7f5aaaf) Importer(2089858483,b0f066a214c2f5e87bad3c948f4d605d)
Start importing Assets/Downloaded/Footsteps - Essentials/Footsteps_Snow/Footsteps_Snow_Run/Footsteps_Snow_Run_08.wav using Guid(32074fca44eace649a885ce0e7f5aaaf) Importer(2089858483,b0f066a214c2f5e87bad3c948f4d605d) (ScriptedImporter) -> (Import Result ID: '3c56b40c01d26eabc55085bc0d2d1f80') in 0.0205413 seconds [static and dynamic dependencies]. Details - ImportResultOutputID=3f2abe7eb943822a022124207ffe2f68 DependenciesID=cd28106fca6bd8e60304419550d56d59 StaticDependenciesID=7f1e13a3d96cc73311966c51ba5fd8cb 
Number of updated asset objects reloaded before import = 0Number of asset objects unloaded after import = 1

========================================================================
Received Import Request.
  Time since last request: 0.000037 seconds.
  path: Assets/Downloaded/Footsteps - Essentials/Footsteps_Grass/Footsteps_Grass_Walk/Footsteps_Walk_Grass_Mono_11.wav
  importAddress: Guid(d3f3cc8ad058cad408e97b1875afec82) Importer(2089858483,b0f066a214c2f5e87bad3c948f4d605d)
Start importing Assets/Downloaded/Footsteps - Essentials/Footsteps_Grass/Footsteps_Grass_Walk/Footsteps_Walk_Grass_Mono_11.wav using Guid(d3f3cc8ad058cad408e97b1875afec82) Importer(2089858483,b0f066a214c2f5e87bad3c948f4d605d) (ScriptedImporter) -> (Import Result ID: 'c161d9444bb13e5aa81bb1286fd5f03b') in 0.0208818 seconds [static and dynamic dependencies]. Details - ImportResultOutputID=cd5fecc5224fd8424a37a36b267683c6 DependenciesID=753d1d1e15d88e686fccd5a12de570da StaticDependenciesID=80c6bad375005a7315f1f03557bd9767 
Number of updated asset objects reloaded before import = 0Number of asset objects unloaded after import = 1

========================================================================
Received Import Request.
  Time since last request: 0.000036 seconds.
  path: Assets/Downloaded/Footsteps - Essentials/Footsteps_Sand/Footsteps_Sand_Jump/Footsteps_Sand_Jump_Land_01.wav
  importAddress: Guid(9064dac268872fd48bf90e84554267ab) Importer(2089858483,b0f066a214c2f5e87bad3c948f4d605d)
Start importing Assets/Downloaded/Footsteps - Essentials/Footsteps_Sand/Footsteps_Sand_Jump/Footsteps_Sand_Jump_Land_01.wav using Guid(9064dac268872fd48bf90e84554267ab) Importer(2089858483,b0f066a214c2f5e87bad3c948f4d605d) (ScriptedImporter) -> (Import Result ID: 'fa88a893c1c17c4eea686efb5c9ef22b') in 0.0200946 seconds [static and dynamic dependencies]. Details - ImportResultOutputID=82bc79350baa577f3ebc5d9390a14373 DependenciesID=bebcf95a48fb37e6fefd672096c6fc6b StaticDependenciesID=9be242b6f8e76f42f00730760f812a25 
Number of updated asset objects reloaded before import = 0Number of asset objects unloaded after import = 1

========================================================================
Received Import Request.
  Time since last request: 0.000036 seconds.
  path: Assets/Downloaded/Footsteps - Essentials/Footsteps_Water/Footsteps_Water_Run/Footsteps_Water_Run_05.wav
  importAddress: Guid(695be21ef056df946b1746e149dc9cf5) Importer(2089858483,b0f066a214c2f5e87bad3c948f4d605d)
Start importing Assets/Downloaded/Footsteps - Essentials/Footsteps_Water/Footsteps_Water_Run/Footsteps_Water_Run_05.wav using Guid(695be21ef056df946b1746e149dc9cf5) Importer(2089858483,b0f066a214c2f5e87bad3c948f4d605d) (ScriptedImporter) -> (Import Result ID: '8a6da2a2841de9d958a79dfbddb1a2f4') in 0.023401 seconds [static and dynamic dependencies]. Details - ImportResultOutputID=e40fa7f24f8bbfe9c088d891c814f4b9 DependenciesID=583ff182f7b3e3460ebc971cad6d535c StaticDependenciesID=ea55611c111b49cb8fa2df9289014ae0 
Number of updated asset objects reloaded before import = 0Number of asset objects unloaded after import = 1

========================================================================
Received Import Request.
  Time since last request: 0.000021 seconds.
  path: Assets/Downloaded/Footsteps - Essentials/Footsteps_Rock
  importAddress: Guid(ce43c2faff5be2d408bb13797d8f4631) Importer(2089858483,b0f066a214c2f5e87bad3c948f4d605d)
Start importing Assets/Downloaded/Footsteps - Essentials/Footsteps_Rock using Guid(ce43c2faff5be2d408bb13797d8f4631) Importer(2089858483,b0f066a214c2f5e87bad3c948f4d605d) (ScriptedImporter) -> (Import Result ID: '4de6c49576449487623642112bdcb6b6') in 0.0164756 seconds [static and dynamic dependencies]. Details - ImportResultOutputID=f6bd4dbe39a7e1211bd463a5feb36fed DependenciesID=9fa0e8f5a6925ac7f958c9536fd614d4 StaticDependenciesID=9ca4205017911638b2e16579cc3b6564 
Number of updated asset objects reloaded before import = 0Number of asset objects unloaded after import = 1

========================================================================
Received Import Request.
  Time since last request: 0.000021 seconds.
  path: Assets/Downloaded/Footsteps - Essentials/Footsteps_Snow/Footsteps_Snow_Jump/Footsteps_Snow_Jump_Land_02.wav
  importAddress: Guid(2d59a6a98991e964ebb879bed14e8b9c) Importer(2089858483,b0f066a214c2f5e87bad3c948f4d605d)
Start importing Assets/Downloaded/Footsteps - Essentials/Footsteps_Snow/Footsteps_Snow_Jump/Footsteps_Snow_Jump_Land_02.wav using Guid(2d59a6a98991e964ebb879bed14e8b9c) Importer(2089858483,b0f066a214c2f5e87bad3c948f4d605d) (ScriptedImporter) -> (Import Result ID: 'ec40c41d7a1d105a91fe55ecf47548fe') in 0.0224445 seconds [static and dynamic dependencies]. Details - ImportResultOutputID=36ff27945b0394b12dfbb31fc06993d2 DependenciesID=32eff9c196589cb0643fb08c18c30c1f StaticDependenciesID=45c8115d8c418e841dede0d67c5a4b6f 
Number of updated asset objects reloaded before import = 0Number of asset objects unloaded after import = 1

========================================================================
Received Import Request.
  Time since last request: 0.000029 seconds.
  path: Assets/Downloaded/Horror Atmosphere LITE/Ambience/Atmosphere And Chaos/Chaos_001(End Trail).wav
  importAddress: Guid(521b4b084d289e546a43cd4a0e3bda5d) Importer(2089858483,b0f066a214c2f5e87bad3c948f4d605d)
Start importing Assets/Downloaded/Horror Atmosphere LITE/Ambience/Atmosphere And Chaos/Chaos_001(End Trail).wav using Guid(521b4b084d289e546a43cd4a0e3bda5d) Importer(2089858483,b0f066a214c2f5e87bad3c948f4d605d) (ScriptedImporter) -> (Import Result ID: 'b09a073cc7c2861177ea80830b9b13ed') in 0.0261827 seconds [static and dynamic dependencies]. Details - ImportResultOutputID=48cc7f029f7ba928c7dc6325ed424a29 DependenciesID=a213c81eabd1c84a32dcb8662dafa085 StaticDependenciesID=9b4dfc408d145c5fe786fb4ab3c36b6c 
Number of updated asset objects reloaded before import = 0Number of asset objects unloaded after import = 1

========================================================================
Received Import Request.
  Time since last request: 0.000038 seconds.
  path: Assets/Downloaded/Footsteps - Essentials/Footsteps_Grass/Footsteps_Grass_Run
  importAddress: Guid(a9969811de04aa64d80e45c1f02f75da) Importer(2089858483,b0f066a214c2f5e87bad3c948f4d605d)
Start importing Assets/Downloaded/Footsteps - Essentials/Footsteps_Grass/Footsteps_Grass_Run using Guid(a9969811de04aa64d80e45c1f02f75da) Importer(2089858483,b0f066a214c2f5e87bad3c948f4d605d) (ScriptedImporter) -> (Import Result ID: '46953066fe8f8206a08b0ff23472ad53') in 0.015985 seconds [static and dynamic dependencies]. Details - ImportResultOutputID=1b5f57ee6909399562e2e95f100b5891 DependenciesID=c2efa1e7183a13ede67eae8a77554b9e StaticDependenciesID=2cbe975f3543fc4014882d386f8dc7cd 
Number of updated asset objects reloaded before import = 0Number of asset objects unloaded after import = 1

========================================================================
Received Import Request.
  Time since last request: 0.000024 seconds.
  path: Assets/Downloaded/Footsteps - Essentials/Footsteps_Metal/Footsteps_Metal_Walk
  importAddress: Guid(3063dc6d189f45642b356dab77be85c3) Importer(2089858483,b0f066a214c2f5e87bad3c948f4d605d)
Start importing Assets/Downloaded/Footsteps - Essentials/Footsteps_Metal/Footsteps_Metal_Walk using Guid(3063dc6d189f45642b356dab77be85c3) Importer(2089858483,b0f066a214c2f5e87bad3c948f4d605d) (ScriptedImporter) -> (Import Result ID: 'a6443eafc112cb90b4d6ce742801c66b') in 0.0179981 seconds [static and dynamic dependencies]. Details - ImportResultOutputID=8de6a417b1431e518ecb6404e489ddd4 DependenciesID=fb157b7304ebeaa57baa54f159d4a4ac StaticDependenciesID=fe3645564ebb78a3672b46f2ec4a6d17 
Number of updated asset objects reloaded before import = 0Number of asset objects unloaded after import = 1

========================================================================
Received Import Request.
  Time since last request: 0.000020 seconds.
  path: Assets/Downloaded/Footsteps - Essentials/Footsteps_DirtyGround/Footsteps_DirtyGround_Run/Footsteps_DirtyGround_Run_07.wav
  importAddress: Guid(924e3e09c67130946a6d7b666e8b8b68) Importer(2089858483,b0f066a214c2f5e87bad3c948f4d605d)
Start importing Assets/Downloaded/Footsteps - Essentials/Footsteps_DirtyGround/Footsteps_DirtyGround_Run/Footsteps_DirtyGround_Run_07.wav using Guid(924e3e09c67130946a6d7b666e8b8b68) Importer(2089858483,b0f066a214c2f5e87bad3c948f4d605d) (ScriptedImporter) -> (Import Result ID: '3e165186995cc60c54d3ce541549f21c') in 0.0203909 seconds [static and dynamic dependencies]. Details - ImportResultOutputID=41ac2503ce0bc3ab643c6d8695549429 DependenciesID=e9c15cf1e2918fb20031b38ad68a3b7e StaticDependenciesID=bf2c13024ad91ef7db6faaa40bcec616 
Number of updated asset objects reloaded before import = 0Number of asset objects unloaded after import = 1

========================================================================
Received Import Request.
  Time since last request: 0.000023 seconds.
  path: Assets/Downloaded/Footsteps - Essentials/Footsteps_Water/Footsteps_Water_Walk/Footsteps_WaterV1_Walk_02.wav
  importAddress: Guid(b9a5f4a46006d6f429a02ea0fadc4809) Importer(2089858483,b0f066a214c2f5e87bad3c948f4d605d)
Start importing Assets/Downloaded/Footsteps - Essentials/Footsteps_Water/Footsteps_Water_Walk/Footsteps_WaterV1_Walk_02.wav using Guid(b9a5f4a46006d6f429a02ea0fadc4809) Importer(2089858483,b0f066a214c2f5e87bad3c948f4d605d) (ScriptedImporter) -> (Import Result ID: 'd21f4ffc9f45b26f62fdd35a56bd3719') in 0.0211029 seconds [static and dynamic dependencies]. Details - ImportResultOutputID=cccd577fe04a29759f4caf35c19861c0 DependenciesID=e2c97e4387da8bac3bb27e395006f4ac StaticDependenciesID=6f1991d53520f6f58b06e4b537a85fca 
Number of updated asset objects reloaded before import = 0Number of asset objects unloaded after import = 1

========================================================================
Received Import Request.
  Time since last request: 0.000031 seconds.
  path: Assets/Downloaded/Footsteps - Essentials/Footsteps_Sand/Footsteps_Sand_Walk/Footsteps_Sand_Walk_20.wav
  importAddress: Guid(39b25c6fb65fbde4f9f3534899953f28) Importer(2089858483,b0f066a214c2f5e87bad3c948f4d605d)
Start importing Assets/Downloaded/Footsteps - Essentials/Footsteps_Sand/Footsteps_Sand_Walk/Footsteps_Sand_Walk_20.wav using Guid(39b25c6fb65fbde4f9f3534899953f28) Importer(2089858483,b0f066a214c2f5e87bad3c948f4d605d) (ScriptedImporter) -> (Import Result ID: '4ec7ddac4e799e8401ae4583821af0c1') in 0.0220003 seconds [static and dynamic dependencies]. Details - ImportResultOutputID=fcbcbfbbc33ba1ce5476560b50c0801f DependenciesID=fe6f8115ce431b40e702c62c5700dc02 StaticDependenciesID=5d845d1ca7d3e7aa5006d328bdb12f96 
Number of updated asset objects reloaded before import = 0Number of asset objects unloaded after import = 1

========================================================================
Received Import Request.
  Time since last request: 0.000023 seconds.
  path: Assets/Downloaded/Footsteps - Essentials/Footsteps_Wood/Footsteps_Wood_Walk/Footsteps_Wood_Walk_06.wav
  importAddress: Guid(3af6e561e364a274aa306461461c386b) Importer(2089858483,b0f066a214c2f5e87bad3c948f4d605d)
Start importing Assets/Downloaded/Footsteps - Essentials/Footsteps_Wood/Footsteps_Wood_Walk/Footsteps_Wood_Walk_06.wav using Guid(3af6e561e364a274aa306461461c386b) Importer(2089858483,b0f066a214c2f5e87bad3c948f4d605d) (ScriptedImporter) -> (Import Result ID: '0a406eb1fb447f82473f33d0f1568c35') in 0.0211951 seconds [static and dynamic dependencies]. Details - ImportResultOutputID=9b784596088efcc1064286d749b52e5b DependenciesID=17a6f6c476ff730aef0c7f06a23b0c84 StaticDependenciesID=ce26979549f4c0e53a33063311ebb51a 
Number of updated asset objects reloaded before import = 0Number of asset objects unloaded after import = 1

========================================================================
Received Import Request.
  Time since last request: 0.000022 seconds.
  path: Assets/Downloaded/Footsteps - Essentials/Footsteps_Water/Footsteps_Water_Walk/Footsteps_WaterV2_Walk_03.wav
  importAddress: Guid(352456aba9356534c84a656a5e94ce1d) Importer(2089858483,b0f066a214c2f5e87bad3c948f4d605d)
Start importing Assets/Downloaded/Footsteps - Essentials/Footsteps_Water/Footsteps_Water_Walk/Footsteps_WaterV2_Walk_03.wav using Guid(352456aba9356534c84a656a5e94ce1d) Importer(2089858483,b0f066a214c2f5e87bad3c948f4d605d) (ScriptedImporter) -> (Import Result ID: '03ede2aaca30402b339968cdec6e70fe') in 0.0220065 seconds [static and dynamic dependencies]. Details - ImportResultOutputID=1b632df1e502a255d46e4b02fab37897 DependenciesID=4344c047322a965f75de9244cd42fd40 StaticDependenciesID=102c8241d5313103e0391839e6323251 
Number of updated asset objects reloaded before import = 0Number of asset objects unloaded after import = 1

========================================================================
Received Import Request.
  Time since last request: 0.000022 seconds.
  path: Assets/Downloaded/Horror Atmosphere LITE/BONUS/GUI/Faint_Click_003.wav
  importAddress: Guid(7584e18dd689f2f4f95480732358878c) Importer(2089858483,b0f066a214c2f5e87bad3c948f4d605d)
Start importing Assets/Downloaded/Horror Atmosphere LITE/BONUS/GUI/Faint_Click_003.wav using Guid(7584e18dd689f2f4f95480732358878c) Importer(2089858483,b0f066a214c2f5e87bad3c948f4d605d) (ScriptedImporter) -> (Import Result ID: 'c8e37d3638c2e2c68b023561a3428ff1') in 0.0200877 seconds [static and dynamic dependencies]. Details - ImportResultOutputID=86b40b380c5ccaf4b78fd36156633053 DependenciesID=939ccf14665a811b06739b69cb763781 StaticDependenciesID=d47f3bc22e1248421754e413a4241483 
Number of updated asset objects reloaded before import = 0Number of asset objects unloaded after import = 1

========================================================================
Received Import Request.
  Time since last request: 0.000034 seconds.
  path: Assets/Downloaded/Footsteps - Essentials/Footsteps_Grass/Footsteps_Grass_Walk/Footsteps_Walk_Grass_Mono_50.wav
  importAddress: Guid(96860d4e7cdc1f746906da7b7bc7a388) Importer(2089858483,b0f066a214c2f5e87bad3c948f4d605d)
Start importing Assets/Downloaded/Footsteps - Essentials/Footsteps_Grass/Footsteps_Grass_Walk/Footsteps_Walk_Grass_Mono_50.wav using Guid(96860d4e7cdc1f746906da7b7bc7a388) Importer(2089858483,b0f066a214c2f5e87bad3c948f4d605d) (ScriptedImporter) -> (Import Result ID: 'd2ac6fb7294380f58032d85bb3d0eb64') in 0.0228141 seconds [static and dynamic dependencies]. Details - ImportResultOutputID=739f57f3e68e0c2a9a5da0f1f2646ac2 DependenciesID=8fdb557464f400277c7628cb18c8a654 StaticDependenciesID=1774b97bf5efe520b1eb2bd16d95d756 
Number of updated asset objects reloaded before import = 0Number of asset objects unloaded after import = 1

========================================================================
Received Import Request.
  Time since last request: 0.000024 seconds.
  path: Assets/Downloaded/Footsteps - Essentials/Footsteps_Grass/Footsteps_Grass_Walk/Footsteps_Walk_Grass_Mono_27.wav
  importAddress: Guid(ff032cb5e57bd114ea87189c2ed8b3c9) Importer(2089858483,b0f066a214c2f5e87bad3c948f4d605d)
Start importing Assets/Downloaded/Footsteps - Essentials/Footsteps_Grass/Footsteps_Grass_Walk/Footsteps_Walk_Grass_Mono_27.wav using Guid(ff032cb5e57bd114ea87189c2ed8b3c9) Importer(2089858483,b0f066a214c2f5e87bad3c948f4d605d) (ScriptedImporter) -> (Import Result ID: '8d587c041b6362924e89f446997473ba') in 0.0204866 seconds [static and dynamic dependencies]. Details - ImportResultOutputID=d5db664ddbd86be4258c2db9e321d7fe DependenciesID=29360c1644489bfad47c013dfe747ec2 StaticDependenciesID=6bd913bc84fbd3549acbbc0c68116cc6 
Number of updated asset objects reloaded before import = 0Number of asset objects unloaded after import = 1

========================================================================
Received Import Request.
  Time since last request: 0.000020 seconds.
  path: Assets/Downloaded/Horror Atmosphere LITE/Ambience/Atmosphere And Chaos/Rising Tension and Matched loops/Rising_005b.wav
  importAddress: Guid(d5071fefb41e2f1478af8150b3b5145b) Importer(2089858483,b0f066a214c2f5e87bad3c948f4d605d)
Start importing Assets/Downloaded/Horror Atmosphere LITE/Ambience/Atmosphere And Chaos/Rising Tension and Matched loops/Rising_005b.wav using Guid(d5071fefb41e2f1478af8150b3b5145b) Importer(2089858483,b0f066a214c2f5e87bad3c948f4d605d) (ScriptedImporter) -> (Import Result ID: 'aaaac5253af05bac8c0c2c4b128bb0c6') in 0.0514109 seconds [static and dynamic dependencies]. Details - ImportResultOutputID=d169b9a72cfbc28244b88e4d02f2b1c9 DependenciesID=eb4d44fb6be561accfa535223f4c54cf StaticDependenciesID=d514316e253685b19d7bb85b3befb69f 
Number of updated asset objects reloaded before import = 0Number of asset objects unloaded after import = 1

========================================================================
Received Import Request.
  Time since last request: 0.000044 seconds.
  path: Assets/Downloaded/Footsteps - Essentials/Footsteps_DirtyGround/Footsteps_DirtyGround_Walk/Footsteps_DirtyGround_Walk_10.wav
  importAddress: Guid(3d132da7af60f1145a3deb6a8bc42a08) Importer(2089858483,b0f066a214c2f5e87bad3c948f4d605d)
Start importing Assets/Downloaded/Footsteps - Essentials/Footsteps_DirtyGround/Footsteps_DirtyGround_Walk/Footsteps_DirtyGround_Walk_10.wav using Guid(3d132da7af60f1145a3deb6a8bc42a08) Importer(2089858483,b0f066a214c2f5e87bad3c948f4d605d) (ScriptedImporter) -> (Import Result ID: 'e622a233841c1f5ed01d310c7c908e61') in 0.0202353 seconds [static and dynamic dependencies]. Details - ImportResultOutputID=7d546a1b2cb18044db9df3944f3a091e DependenciesID=f46bc8d117789bb26196becb5cbc043d StaticDependenciesID=6c45e3b05937a3890bfab0d987c20c15 
Number of updated asset objects reloaded before import = 0Number of asset objects unloaded after import = 1

========================================================================
Received Import Request.
  Time since last request: 0.000038 seconds.
  path: Assets/Downloaded/Footsteps - Essentials/Footsteps_Gravel/Footsteps_Gravel_Walk/Footsteps_Gravel_Walk_03.wav
  importAddress: Guid(87d51f07abec0584d805bbe3708a7c71) Importer(2089858483,b0f066a214c2f5e87bad3c948f4d605d)
Start importing Assets/Downloaded/Footsteps - Essentials/Footsteps_Gravel/Footsteps_Gravel_Walk/Footsteps_Gravel_Walk_03.wav using Guid(87d51f07abec0584d805bbe3708a7c71) Importer(2089858483,b0f066a214c2f5e87bad3c948f4d605d) (ScriptedImporter) -> (Import Result ID: '6dfd1028f92c11c00d56917e9569a9ee') in 0.0225626 seconds [static and dynamic dependencies]. Details - ImportResultOutputID=a71d48b7080194d9d1960978baa58fdb DependenciesID=fb04e6a38e7f5607460e719eb5e29be5 StaticDependenciesID=fe6348abe7d2eafe2c91e691cc5a50cd 
Number of updated asset objects reloaded before import = 0Number of asset objects unloaded after import = 1

========================================================================
Received Import Request.
  Time since last request: 0.000022 seconds.
  path: Assets/Downloaded/Footsteps - Essentials/Footsteps_Grass/Footsteps_Grass_Walk/Footsteps_Walk_Grass_Mono_34.wav
  importAddress: Guid(a6801ed1ae1ed5648ba823232d0fcdf4) Importer(2089858483,b0f066a214c2f5e87bad3c948f4d605d)
Start importing Assets/Downloaded/Footsteps - Essentials/Footsteps_Grass/Footsteps_Grass_Walk/Footsteps_Walk_Grass_Mono_34.wav using Guid(a6801ed1ae1ed5648ba823232d0fcdf4) Importer(2089858483,b0f066a214c2f5e87bad3c948f4d605d) (ScriptedImporter) -> (Import Result ID: '4be76893a7ec2855fe3b176b800b5fb1') in 0.0216723 seconds [static and dynamic dependencies]. Details - ImportResultOutputID=0557097f3f5fa8e5bcbea368d8835379 DependenciesID=fb9b3d7fe2d10463835c9da109569708 StaticDependenciesID=cc50555680844e179651bcf46b00ee81 
Number of updated asset objects reloaded before import = 0Number of asset objects unloaded after import = 1

========================================================================
Received Import Request.
  Time since last request: 0.000024 seconds.
  path: Assets/Downloaded/Horror Atmosphere LITE/Ambience/Atmosphere And Chaos/Rising Tension and Matched loops
  importAddress: Guid(ef34699795c0bf34cbec0a7dd3030aa0) Importer(2089858483,b0f066a214c2f5e87bad3c948f4d605d)
Start importing Assets/Downloaded/Horror Atmosphere LITE/Ambience/Atmosphere And Chaos/Rising Tension and Matched loops using Guid(ef34699795c0bf34cbec0a7dd3030aa0) Importer(2089858483,b0f066a214c2f5e87bad3c948f4d605d) (ScriptedImporter) -> (Import Result ID: '024468d96dea1cd4557ddb8d2fec71a1') in 0.0186703 seconds [static and dynamic dependencies]. Details - ImportResultOutputID=95bacdd27992479821840511f84731b3 DependenciesID=d86e1127fb54135e1023893a5124aaca StaticDependenciesID=793f3debcca74f167bc852397e767f6b 
Number of updated asset objects reloaded before import = 0Number of asset objects unloaded after import = 1

========================================================================
Received Import Request.
  Time since last request: 0.000025 seconds.
  path: Assets/Downloaded/Footsteps - Essentials/Footsteps_Metal/Footsteps_Metal_Run/Footsteps_MetalV2_Run_01.wav
  importAddress: Guid(3e299b9129329f24692bb63f57f33d19) Importer(2089858483,b0f066a214c2f5e87bad3c948f4d605d)
Start importing Assets/Downloaded/Footsteps - Essentials/Footsteps_Metal/Footsteps_Metal_Run/Footsteps_MetalV2_Run_01.wav using Guid(3e299b9129329f24692bb63f57f33d19) Importer(2089858483,b0f066a214c2f5e87bad3c948f4d605d) (ScriptedImporter) -> (Import Result ID: 'a2b80b198e9906ca1317b69823ae221b') in 0.0219269 seconds [static and dynamic dependencies]. Details - ImportResultOutputID=751ec1cda40f4fb09f24af236df77758 DependenciesID=310820f4b300f764d664a40b526a01c7 StaticDependenciesID=6efb4232cd3cc17ea7c1ea231ba52cfe 
Number of updated asset objects reloaded before import = 0Number of asset objects unloaded after import = 1

========================================================================
Received Import Request.
  Time since last request: 0.000044 seconds.
  path: Assets/Downloaded/Footsteps - Essentials/Footsteps_Rock/Footsteps_Rock_Jump
  importAddress: Guid(4a24dd46a269b7743a11e0028664db42) Importer(2089858483,b0f066a214c2f5e87bad3c948f4d605d)
Start importing Assets/Downloaded/Footsteps - Essentials/Footsteps_Rock/Footsteps_Rock_Jump using Guid(4a24dd46a269b7743a11e0028664db42) Importer(2089858483,b0f066a214c2f5e87bad3c948f4d605d) (ScriptedImporter) -> (Import Result ID: '040d21c72e8be77bfbe83dba9886e3aa') in 0.0196566 seconds [static and dynamic dependencies]. Details - ImportResultOutputID=bf5e1c6d7a983c18eef770579bdb07e6 DependenciesID=54a67a6a1f4dc2ad02466e0a28d38379 StaticDependenciesID=24299b8e0e09598e50e07563a6b04ef2 
Number of updated asset objects reloaded before import = 0Number of asset objects unloaded after import = 1

========================================================================
Received Import Request.
  Time since last request: 0.000031 seconds.
  path: Assets/Downloaded/Footsteps - Essentials/Footsteps_Mud/Footsteps_Mud_Walk/Footsteps_Mud_Walk_04.wav
  importAddress: Guid(e702c6b7953d72f42a62778c969b44ce) Importer(2089858483,b0f066a214c2f5e87bad3c948f4d605d)
Start importing Assets/Downloaded/Footsteps - Essentials/Footsteps_Mud/Footsteps_Mud_Walk/Footsteps_Mud_Walk_04.wav using Guid(e702c6b7953d72f42a62778c969b44ce) Importer(2089858483,b0f066a214c2f5e87bad3c948f4d605d) (ScriptedImporter) -> (Import Result ID: 'c984d0e160c5b37a5ca29c18ca4323c5') in 0.0216548 seconds [static and dynamic dependencies]. Details - ImportResultOutputID=2ee64895943c052552d29d13b62a54d3 DependenciesID=df354de83cbe6e24a369f4c7e2809c79 StaticDependenciesID=776dc75429d1c839ac7a5abf3e4eadb9 
Number of updated asset objects reloaded before import = 0Number of asset objects unloaded after import = 1

========================================================================
Received Import Request.
  Time since last request: 0.000029 seconds.
  path: Assets/Downloaded/Footsteps - Essentials/Footsteps_Water
  importAddress: Guid(08dfc10cc01c2514aa493c96f4782821) Importer(2089858483,b0f066a214c2f5e87bad3c948f4d605d)
Start importing Assets/Downloaded/Footsteps - Essentials/Footsteps_Water using Guid(08dfc10cc01c2514aa493c96f4782821) Importer(2089858483,b0f066a214c2f5e87bad3c948f4d605d) (ScriptedImporter) -> (Import Result ID: '2f152abd899a2915de652be1c865f532') in 0.0168665 seconds [static and dynamic dependencies]. Details - ImportResultOutputID=6ccac064c7816fd3d6892768f6ccb2bf DependenciesID=c0e07a2e8cde035eb2df04a1d7a7e4d9 StaticDependenciesID=92cc499e714dbb02e1548ae350ea759a 
Number of updated asset objects reloaded before import = 0Number of asset objects unloaded after import = 1

========================================================================
Received Import Request.
  Time since last request: 0.000032 seconds.
  path: Assets/Downloaded/Horror Atmosphere LITE/Ambience/Atmosphere And Chaos/Chaos_001(Beginning).wav
  importAddress: Guid(66834f5ac275d94489ab04b49aa3ddec) Importer(2089858483,b0f066a214c2f5e87bad3c948f4d605d)
Start importing Assets/Downloaded/Horror Atmosphere LITE/Ambience/Atmosphere And Chaos/Chaos_001(Beginning).wav using Guid(66834f5ac275d94489ab04b49aa3ddec) Importer(2089858483,b0f066a214c2f5e87bad3c948f4d605d) (ScriptedImporter) -> (Import Result ID: '3e3126a6bde06f7cd9daff9889b491fb') in 0.0358489 seconds [static and dynamic dependencies]. Details - ImportResultOutputID=92403e098cfedc482d3d793a7a2ae2ac DependenciesID=daa1ac3a232ea55fe233992e53c6319c StaticDependenciesID=05538d7779ced67a823759e0771d2db4 
Number of updated asset objects reloaded before import = 0Number of asset objects unloaded after import = 1

========================================================================
Received Import Request.
  Time since last request: 0.000034 seconds.
  path: Assets/Downloaded/Footsteps - Essentials/Footsteps_DirtyGround/Footsteps_DirtyGround_Land/Footsteps_DirtyGround_Jump_Land_03.wav
  importAddress: Guid(1a88f429c4a7b734f9c4254f0c654cea) Importer(2089858483,b0f066a214c2f5e87bad3c948f4d605d)
Start importing Assets/Downloaded/Footsteps - Essentials/Footsteps_DirtyGround/Footsteps_DirtyGround_Land/Footsteps_DirtyGround_Jump_Land_03.wav using Guid(1a88f429c4a7b734f9c4254f0c654cea) Importer(2089858483,b0f066a214c2f5e87bad3c948f4d605d) (ScriptedImporter) -> (Import Result ID: '4e6f22700d4deb75e5eb4ad054ee20f5') in 0.0218972 seconds [static and dynamic dependencies]. Details - ImportResultOutputID=2821f176504d6f62fb7454a7a07e4643 DependenciesID=eb9953463604529bfbf6cb42f26ddb41 StaticDependenciesID=9fffdb54cdf8fd4475294ddb31ac8a10 
Number of updated asset objects reloaded before import = 0Number of asset objects unloaded after import = 1

========================================================================
Received Import Request.
  Time since last request: 0.000022 seconds.
  path: Assets/Downloaded/Footsteps - Essentials/Footsteps_Snow/Footsteps_Snow_Walk/Footsteps_Snow_Hard_Walk_05.wav
  importAddress: Guid(50dae6ac2eee7894fb8b48c192a50802) Importer(2089858483,b0f066a214c2f5e87bad3c948f4d605d)
Start importing Assets/Downloaded/Footsteps - Essentials/Footsteps_Snow/Footsteps_Snow_Walk/Footsteps_Snow_Hard_Walk_05.wav using Guid(50dae6ac2eee7894fb8b48c192a50802) Importer(2089858483,b0f066a214c2f5e87bad3c948f4d605d) (ScriptedImporter) -> (Import Result ID: '6ab3ae4a3bee43149ee627a78df02549') in 0.0207914 seconds [static and dynamic dependencies]. Details - ImportResultOutputID=e0d3c18e1c5b9807ef1325b23ff109bf DependenciesID=cf00727bbcd3b7cd31e76b67be22c50e StaticDependenciesID=317cc11710cbe1690c3723cd68118117 
Number of updated asset objects reloaded before import = 0Number of asset objects unloaded after import = 1

========================================================================
Received Import Request.
  Time since last request: 0.000023 seconds.
  path: Assets/Downloaded/Footsteps - Essentials/Footsteps_Grass/Footsteps_Grass_Walk/Footsteps_Walk_Grass_Mono_49.wav
  importAddress: Guid(97b97fae0b55ce141bff2005c510492e) Importer(2089858483,b0f066a214c2f5e87bad3c948f4d605d)
Start importing Assets/Downloaded/Footsteps - Essentials/Footsteps_Grass/Footsteps_Grass_Walk/Footsteps_Walk_Grass_Mono_49.wav using Guid(97b97fae0b55ce141bff2005c510492e) Importer(2089858483,b0f066a214c2f5e87bad3c948f4d605d) (ScriptedImporter) -> (Import Result ID: '13c85171f1f5e3239ae0903842631ecd') in 0.0206434 seconds [static and dynamic dependencies]. Details - ImportResultOutputID=1e689fead5ddb5fdd24b99be3ee8d39b DependenciesID=1e8d2853859a3802c2993c999f6e88ee StaticDependenciesID=bd654382af3619a1829ce30e264baefc 
Number of updated asset objects reloaded before import = 0Number of asset objects unloaded after import = 1

========================================================================
Received Import Request.
  Time since last request: 0.000024 seconds.
  path: Assets/Downloaded/Footsteps - Essentials/Footsteps_Leaves/Footsteps_Leaves_Run/Footsteps_Leaves_Run_06.wav
  importAddress: Guid(55a5a001ad9ac3b429adbbe18412b1f9) Importer(2089858483,b0f066a214c2f5e87bad3c948f4d605d)
Start importing Assets/Downloaded/Footsteps - Essentials/Footsteps_Leaves/Footsteps_Leaves_Run/Footsteps_Leaves_Run_06.wav using Guid(55a5a001ad9ac3b429adbbe18412b1f9) Importer(2089858483,b0f066a214c2f5e87bad3c948f4d605d) (ScriptedImporter) -> (Import Result ID: '2ef41af6b0cf3bd429e4fd7a5b961917') in 0.0220787 seconds [static and dynamic dependencies]. Details - ImportResultOutputID=069759964ccf2fdc77ff063e0bd51794 DependenciesID=9c0b737f5841f9419c84048002faf0bd StaticDependenciesID=94c5f977ce2bdb262d72573d5f8469c6 
Number of updated asset objects reloaded before import = 0Number of asset objects unloaded after import = 1

========================================================================
Received Import Request.
  Time since last request: 0.000035 seconds.
  path: Assets/Downloaded/Footsteps - Essentials/Footsteps_Gravel/Footsteps_Gravel_Jump/Footsteps_Jump_Land_02.wav
  importAddress: Guid(baf90d315c62c1648ba2901ff92db065) Importer(2089858483,b0f066a214c2f5e87bad3c948f4d605d)
Start importing Assets/Downloaded/Footsteps - Essentials/Footsteps_Gravel/Footsteps_Gravel_Jump/Footsteps_Jump_Land_02.wav using Guid(baf90d315c62c1648ba2901ff92db065) Importer(2089858483,b0f066a214c2f5e87bad3c948f4d605d) (ScriptedImporter) -> (Import Result ID: 'aaa9064408f8ba006be266440bde2def') in 0.0218286 seconds [static and dynamic dependencies]. Details - ImportResultOutputID=7806338d1ca0fde1ae4a01160b3b8104 DependenciesID=71e1e947f5cbe93cda91a3c164085835 StaticDependenciesID=b6c971ea9ed134cbfab3628a966a96f6 
Number of updated asset objects reloaded before import = 0Number of asset objects unloaded after import = 1

========================================================================
Received Import Request.
  Time since last request: 0.000029 seconds.
  path: Assets/Downloaded/Footsteps - Essentials/Footsteps_Grass/Foley_Grass/Footsteps_Grass_Tall_Movement_04.wav
  importAddress: Guid(4556f410625310c41b03e2f828e7962c) Importer(2089858483,b0f066a214c2f5e87bad3c948f4d605d)
Start importing Assets/Downloaded/Footsteps - Essentials/Footsteps_Grass/Foley_Grass/Footsteps_Grass_Tall_Movement_04.wav using Guid(4556f410625310c41b03e2f828e7962c) Importer(2089858483,b0f066a214c2f5e87bad3c948f4d605d) (ScriptedImporter) -> (Import Result ID: '0814dffd92722ba8ffd476066d0cbdbc') in 0.0239733 seconds [static and dynamic dependencies]. Details - ImportResultOutputID=0890f248afbe83565fb7a2020529e6eb DependenciesID=a0e727a15dd89017ac1660bee6014589 StaticDependenciesID=cc076cc99e33e90d4b2c298bfb9e6caa 
Number of updated asset objects reloaded before import = 0Number of asset objects unloaded after import = 1

========================================================================
Received Import Request.
  Time since last request: 0.000021 seconds.
  path: Assets/Downloaded/Footsteps - Essentials/Footsteps_Leaves/Footsteps_Leaves_Walk/Footsteps_Leaves_Walk_01.wav
  importAddress: Guid(50ad27f2e46a7074e9864dbad1e7eade) Importer(2089858483,b0f066a214c2f5e87bad3c948f4d605d)
Start importing Assets/Downloaded/Footsteps - Essentials/Footsteps_Leaves/Footsteps_Leaves_Walk/Footsteps_Leaves_Walk_01.wav using Guid(50ad27f2e46a7074e9864dbad1e7eade) Importer(2089858483,b0f066a214c2f5e87bad3c948f4d605d) (ScriptedImporter) -> (Import Result ID: '16efcc2f6fb91b15eec8c7fc8de0d026') in 0.0235075 seconds [static and dynamic dependencies]. Details - ImportResultOutputID=ed4e1761087f9b03f0865a42fca4f55c DependenciesID=6a6735664f30d697f89b3bdcc7c1ecbf StaticDependenciesID=a79eb9b00a5f580ea09335726f3341d5 
Number of updated asset objects reloaded before import = 0Number of asset objects unloaded after import = 1

========================================================================
Received Import Request.
  Time since last request: 0.000027 seconds.
  path: Assets/Downloaded/Footsteps - Essentials/Footsteps_Grass/Footsteps_Grass_Walk/Footsteps_Walk_Grass_Mono_24.wav
  importAddress: Guid(a9e685e1af34121498a651c484426703) Importer(2089858483,b0f066a214c2f5e87bad3c948f4d605d)
Start importing Assets/Downloaded/Footsteps - Essentials/Footsteps_Grass/Footsteps_Grass_Walk/Footsteps_Walk_Grass_Mono_24.wav using Guid(a9e685e1af34121498a651c484426703) Importer(2089858483,b0f066a214c2f5e87bad3c948f4d605d) (ScriptedImporter) -> (Import Result ID: 'aeb6e2679eaf74bd8a748a4417616506') in 0.0222872 seconds [static and dynamic dependencies]. Details - ImportResultOutputID=945f5914745f187df99d0952d205cff6 DependenciesID=91c783790fff9ea9cee2213f9f657cc8 StaticDependenciesID=2740fe264c85926dbc49e08180fe9737 
Number of updated asset objects reloaded before import = 0Number of asset objects unloaded after import = 1

========================================================================
Received Import Request.
  Time since last request: 0.000036 seconds.
  path: Assets/Downloaded/Footsteps - Essentials/Footsteps_DirtyGround/Footsteps_DirtyGround_Land
  importAddress: Guid(c6ee03d779942364d9444964c0b7b4a8) Importer(2089858483,b0f066a214c2f5e87bad3c948f4d605d)
Start importing Assets/Downloaded/Footsteps - Essentials/Footsteps_DirtyGround/Footsteps_DirtyGround_Land using Guid(c6ee03d779942364d9444964c0b7b4a8) Importer(2089858483,b0f066a214c2f5e87bad3c948f4d605d) (ScriptedImporter) -> (Import Result ID: '0966cb690c7415edd7bf9caa88ac5a73') in 0.016947 seconds [static and dynamic dependencies]. Details - ImportResultOutputID=941486b7e36da5e5c33734083684de2b DependenciesID=5125c5757985f258b930ceab9be97ea1 StaticDependenciesID=1a19d4674b9f812a1ad9f078ddbce56f 
Number of updated asset objects reloaded before import = 0Number of asset objects unloaded after import = 1

========================================================================
Received Import Request.
  Time since last request: 0.000052 seconds.
  path: Assets/Downloaded/Footsteps - Essentials/Footsteps_Grass/Footsteps_Grass_Walk/Footsteps_Walk_Grass_Mono_08.wav
  importAddress: Guid(030e6a43a7d08bd4581668d53a9808f4) Importer(2089858483,b0f066a214c2f5e87bad3c948f4d605d)
Start importing Assets/Downloaded/Footsteps - Essentials/Footsteps_Grass/Footsteps_Grass_Walk/Footsteps_Walk_Grass_Mono_08.wav using Guid(030e6a43a7d08bd4581668d53a9808f4) Importer(2089858483,b0f066a214c2f5e87bad3c948f4d605d) (ScriptedImporter) -> (Import Result ID: '30389006209bdfb4c8c6167e60a64b3a') in 0.0228544 seconds [static and dynamic dependencies]. Details - ImportResultOutputID=2ebb068e6cd234c6f7b0ce140d4044f5 DependenciesID=391e19f20f16045529ca3d167a48a09f StaticDependenciesID=a0e4e9b144f5221979748e3538e9b0c7 
Number of updated asset objects reloaded before import = 0Number of asset objects unloaded after import = 1

========================================================================
Received Import Request.
  Time since last request: 0.000023 seconds.
  path: Assets/Downloaded/Footsteps - Essentials/Footsteps_Grass/Footsteps_Grass_Walk/Footsteps_Walk_Grass_Mono_15.wav
  importAddress: Guid(be378a7ab9654eb41ab1e85da1701672) Importer(2089858483,b0f066a214c2f5e87bad3c948f4d605d)
Start importing Assets/Downloaded/Footsteps - Essentials/Footsteps_Grass/Footsteps_Grass_Walk/Footsteps_Walk_Grass_Mono_15.wav using Guid(be378a7ab9654eb41ab1e85da1701672) Importer(2089858483,b0f066a214c2f5e87bad3c948f4d605d) (ScriptedImporter) -> (Import Result ID: 'df1620b943d94955e962762270666469') in 0.0210443 seconds [static and dynamic dependencies]. Details - ImportResultOutputID=ce3a22c8978b28968473eb9f160aa5d2 DependenciesID=dbb46e0637e4e2c0b2324d933c980f7f StaticDependenciesID=1621c5d303736de6e3fad7239cfc1b39 
Number of updated asset objects reloaded before import = 0Number of asset objects unloaded after import = 1

========================================================================
Received Import Request.
  Time since last request: 0.000031 seconds.
  path: Assets/Downloaded/Footsteps - Essentials/Footsteps_Wood/Footsteps_Wood_Walk
  importAddress: Guid(bd5f0993cad8f9d4cbbe818c538c770b) Importer(2089858483,b0f066a214c2f5e87bad3c948f4d605d)
Start importing Assets/Downloaded/Footsteps - Essentials/Footsteps_Wood/Footsteps_Wood_Walk using Guid(bd5f0993cad8f9d4cbbe818c538c770b) Importer(2089858483,b0f066a214c2f5e87bad3c948f4d605d) (ScriptedImporter) -> (Import Result ID: '57fd066fbfa2588cdd8fab525ea4bf85') in 0.0169849 seconds [static and dynamic dependencies]. Details - ImportResultOutputID=d4dfec39decf839ca1d167aa889ea130 DependenciesID=a5e8f84279b5085f2a60108eb02faf2b StaticDependenciesID=cb7c1b2f8a5a58cb280f144e050c5a61 
Number of updated asset objects reloaded before import = 0Number of asset objects unloaded after import = 1

========================================================================
Received Import Request.
  Time since last request: 0.000037 seconds.
  path: Assets/Downloaded/Footsteps - Essentials/Footsteps_Snow/Footsteps_Snow_Walk
  importAddress: Guid(6dff9aff73f58f3448830267d2449a26) Importer(2089858483,b0f066a214c2f5e87bad3c948f4d605d)
Start importing Assets/Downloaded/Footsteps - Essentials/Footsteps_Snow/Footsteps_Snow_Walk using Guid(6dff9aff73f58f3448830267d2449a26) Importer(2089858483,b0f066a214c2f5e87bad3c948f4d605d) (ScriptedImporter) -> (Import Result ID: 'ec6a0466d88a0822c17ee77c475a6a84') in 0.0170562 seconds [static and dynamic dependencies]. Details - ImportResultOutputID=69285d358daced6d89d74964e136dd5c DependenciesID=80336d5f692ad5b6eea11b20e1c31162 StaticDependenciesID=b4f83f0ebf883aa0f13f407e5db0e35c 
Number of updated asset objects reloaded before import = 0Number of asset objects unloaded after import = 1

========================================================================
Received Import Request.
  Time since last request: 0.000027 seconds.
  path: Assets/Downloaded/Footsteps - Essentials/Footsteps_Sand/Footsteps_Sand_Run/Footsteps_Sand_Run_07.wav
  importAddress: Guid(4abc431d61ba42a4197ca0aba3bad8d3) Importer(2089858483,b0f066a214c2f5e87bad3c948f4d605d)
Start importing Assets/Downloaded/Footsteps - Essentials/Footsteps_Sand/Footsteps_Sand_Run/Footsteps_Sand_Run_07.wav using Guid(4abc431d61ba42a4197ca0aba3bad8d3) Importer(2089858483,b0f066a214c2f5e87bad3c948f4d605d) (ScriptedImporter) -> (Import Result ID: '94fa42451465aa4f587b784682934a25') in 0.0230585 seconds [static and dynamic dependencies]. Details - ImportResultOutputID=0ac43d280ed8b71d70b66f9f2e5546fb DependenciesID=4b738150a297a4963d1f098d061f1a26 StaticDependenciesID=a77499a81fae5cf95b603753199d3fe0 
Number of updated asset objects reloaded before import = 0Number of asset objects unloaded after import = 1

========================================================================
Received Import Request.
  Time since last request: 0.000024 seconds.
  path: Assets/Downloaded/Footsteps - Essentials/Footsteps_Metal/Footsteps_Metal_Run/Footsteps_MetalV1_Run_11.wav
  importAddress: Guid(52c5e1808bea0b34e8abeab31591f4cc) Importer(2089858483,b0f066a214c2f5e87bad3c948f4d605d)
Start importing Assets/Downloaded/Footsteps - Essentials/Footsteps_Metal/Footsteps_Metal_Run/Footsteps_MetalV1_Run_11.wav using Guid(52c5e1808bea0b34e8abeab31591f4cc) Importer(2089858483,b0f066a214c2f5e87bad3c948f4d605d) (ScriptedImporter) -> (Import Result ID: 'd46f6bdbbe9871a6e842854a697c9191') in 0.0203219 seconds [static and dynamic dependencies]. Details - ImportResultOutputID=f5da8e57d8adbe4a86d418cd875a8a90 DependenciesID=35e94ba2cfd24c415825eb7b6d228b1b StaticDependenciesID=eaee340a80e8354098bfd7c17e4c6750 
Number of updated asset objects reloaded before import = 0Number of asset objects unloaded after import = 1

========================================================================
Received Import Request.
  Time since last request: 0.000024 seconds.
  path: Assets/Downloaded/Footsteps - Essentials/Footsteps_Metal/Footsteps_Metal_Walk/Footsteps_MetalV2_Walk_14.wav
  importAddress: Guid(8a2c7093236272043805ca942d893d01) Importer(2089858483,b0f066a214c2f5e87bad3c948f4d605d)
Start importing Assets/Downloaded/Footsteps - Essentials/Footsteps_Metal/Footsteps_Metal_Walk/Footsteps_MetalV2_Walk_14.wav using Guid(8a2c7093236272043805ca942d893d01) Importer(2089858483,b0f066a214c2f5e87bad3c948f4d605d) (ScriptedImporter) -> (Import Result ID: 'b34aeb5e0eb2281b209dc3a969e633c8') in 0.0207298 seconds [static and dynamic dependencies]. Details - ImportResultOutputID=66a27418e9be1fb6b0b4d0a313af5241 DependenciesID=20d0903a6b56740ace09afbf5d805c19 StaticDependenciesID=7ad04ef2c74ed78187f0c76df3d4f738 
Number of updated asset objects reloaded before import = 0Number of asset objects unloaded after import = 1

========================================================================
Received Import Request.
  Time since last request: 0.000040 seconds.
  path: Assets/Downloaded/Footsteps - Essentials/Footsteps_Gravel/Footsteps_Gravel_Walk/Footsteps_Gravel_Walk_02.wav
  importAddress: Guid(2b3fc7e56f2686b48b9445e48c7db2c9) Importer(2089858483,b0f066a214c2f5e87bad3c948f4d605d)
Start importing Assets/Downloaded/Footsteps - Essentials/Footsteps_Gravel/Footsteps_Gravel_Walk/Footsteps_Gravel_Walk_02.wav using Guid(2b3fc7e56f2686b48b9445e48c7db2c9) Importer(2089858483,b0f066a214c2f5e87bad3c948f4d605d) (ScriptedImporter) -> (Import Result ID: '9e386146280ceea7ab0d31f364d59e32') in 0.0206482 seconds [static and dynamic dependencies]. Details - ImportResultOutputID=dd735fab8baf3aec9b94da037f1854f5 DependenciesID=f9f7cb1311cbd2907d706b1c74d6c1bb StaticDependenciesID=dbca11f8f25f1ceed35aa50f10be7969 
Number of updated asset objects reloaded before import = 0Number of asset objects unloaded after import = 1

========================================================================
Received Import Request.
  Time since last request: 0.000024 seconds.
  path: Assets/Downloaded/Footsteps - Essentials/Footsteps_Metal/Footsteps_Metal_Jump/Footsteps_MetalV2_Jump_Start_01.wav
  importAddress: Guid(7f4bb31f06728be4ba0bed5c2641896c) Importer(2089858483,b0f066a214c2f5e87bad3c948f4d605d)
Start importing Assets/Downloaded/Footsteps - Essentials/Footsteps_Metal/Footsteps_Metal_Jump/Footsteps_MetalV2_Jump_Start_01.wav using Guid(7f4bb31f06728be4ba0bed5c2641896c) Importer(2089858483,b0f066a214c2f5e87bad3c948f4d605d) (ScriptedImporter) -> (Import Result ID: 'ac561e6868e5cba2a2b0f9acb8c30947') in 0.0227017 seconds [static and dynamic dependencies]. Details - ImportResultOutputID=3cf7ac9e203f6b3042a8fd96747382cd DependenciesID=e3a7e1fdfcdfa0614296157b0bf87acb StaticDependenciesID=5611558d9e035959e1d1e6937232ac5c 
Number of updated asset objects reloaded before import = 0Number of asset objects unloaded after import = 1

========================================================================
Received Import Request.
  Time since last request: 0.000023 seconds.
  path: Assets/Downloaded/Footsteps - Essentials/Footsteps_DirtyGround/Footsteps_DirtyGround_Walk/Footsteps_DirtyGround_Walk_06.wav
  importAddress: Guid(001f691d110d55648871a03f446ffa08) Importer(2089858483,b0f066a214c2f5e87bad3c948f4d605d)
Start importing Assets/Downloaded/Footsteps - Essentials/Footsteps_DirtyGround/Footsteps_DirtyGround_Walk/Footsteps_DirtyGround_Walk_06.wav using Guid(001f691d110d55648871a03f446ffa08) Importer(2089858483,b0f066a214c2f5e87bad3c948f4d605d) (ScriptedImporter) -> (Import Result ID: 'a6e2da2dfcda688484fae80bed8ae79e') in 0.0222872 seconds [static and dynamic dependencies]. Details - ImportResultOutputID=eed56168e653d2c35e1c694241af932c DependenciesID=f299a0b058cb94695c1cc72dbb37d4f7 StaticDependenciesID=a84701ea9816c8314a577ea424cf0bce 
Number of updated asset objects reloaded before import = 0Number of asset objects unloaded after import = 1

========================================================================
Received Import Request.
  Time since last request: 0.000025 seconds.
  path: Assets/Downloaded/Footsteps - Essentials/Footsteps_Metal/Footsteps_Metal_Run/Footsteps_MetalV2_Run_10.wav
  importAddress: Guid(22dffeeb60f8846499a8c08a2c0e6f80) Importer(2089858483,b0f066a214c2f5e87bad3c948f4d605d)
Start importing Assets/Downloaded/Footsteps - Essentials/Footsteps_Metal/Footsteps_Metal_Run/Footsteps_MetalV2_Run_10.wav using Guid(22dffeeb60f8846499a8c08a2c0e6f80) Importer(2089858483,b0f066a214c2f5e87bad3c948f4d605d) (ScriptedImporter) -> (Import Result ID: '793cb40dac2292d40198bda1acd3770f') in 0.0209362 seconds [static and dynamic dependencies]. Details - ImportResultOutputID=c8f91cba6773c6e06d9a928e3c741ecf DependenciesID=33b7b8dee64d5daa3f1498794d54a118 StaticDependenciesID=10f0a4b4159ef2f11ad43acf74edd15d 
Number of updated asset objects reloaded before import = 0Number of asset objects unloaded after import = 1

========================================================================
Received Import Request.
  Time since last request: 0.000037 seconds.
  path: Assets/Downloaded/Footsteps - Essentials/Footsteps_Wood/Footsteps_Wood_Run/Footsteps_Wood_Run_08.wav
  importAddress: Guid(7f31ac62883f78b4ba610e164f57f879) Importer(2089858483,b0f066a214c2f5e87bad3c948f4d605d)
Start importing Assets/Downloaded/Footsteps - Essentials/Footsteps_Wood/Footsteps_Wood_Run/Footsteps_Wood_Run_08.wav using Guid(7f31ac62883f78b4ba610e164f57f879) Importer(2089858483,b0f066a214c2f5e87bad3c948f4d605d) (ScriptedImporter) -> (Import Result ID: '2fdff98c90edb482fa52ab2fa906eca9') in 0.0210837 seconds [static and dynamic dependencies]. Details - ImportResultOutputID=4d06e7912742ede9237f54cf7e3b9f90 DependenciesID=f22ba10a654fa94c4d15b02ebab3058d StaticDependenciesID=2005a338546d0e1fb49231b390df8bc1 
Number of updated asset objects reloaded before import = 0Number of asset objects unloaded after import = 1

========================================================================
Received Import Request.
  Time since last request: 0.000028 seconds.
  path: Assets/Downloaded/Footsteps - Essentials/Footsteps_Leaves/Footsteps_Leaves_Jump/Footsteps_Leaves_Jump_Start_01.wav
  importAddress: Guid(89024d65ecc31884b8ff35b97efa8dcc) Importer(2089858483,b0f066a214c2f5e87bad3c948f4d605d)
Start importing Assets/Downloaded/Footsteps - Essentials/Footsteps_Leaves/Footsteps_Leaves_Jump/Footsteps_Leaves_Jump_Start_01.wav using Guid(89024d65ecc31884b8ff35b97efa8dcc) Importer(2089858483,b0f066a214c2f5e87bad3c948f4d605d) (ScriptedImporter) -> (Import Result ID: '4e1d960c3858794a92807567721701ee') in 0.0223252 seconds [static and dynamic dependencies]. Details - ImportResultOutputID=fbc1a623426f5c3a27f6d30c56c1eb83 DependenciesID=9090b92a45c729adbfd44db64ee1a525 StaticDependenciesID=e4a6a862df194acd10f053c5cb3be239 
Number of updated asset objects reloaded before import = 0Number of asset objects unloaded after import = 1

========================================================================
Received Import Request.
  Time since last request: 0.000022 seconds.
  path: Assets/Downloaded/Footsteps - Essentials/Footsteps_Wood/Footsteps_Wood_Walk/Footsteps_Wood_Walk_03.wav
  importAddress: Guid(76c66b3ae15685a45a334b0628d1edd1) Importer(2089858483,b0f066a214c2f5e87bad3c948f4d605d)
Start importing Assets/Downloaded/Footsteps - Essentials/Footsteps_Wood/Footsteps_Wood_Walk/Footsteps_Wood_Walk_03.wav using Guid(76c66b3ae15685a45a334b0628d1edd1) Importer(2089858483,b0f066a214c2f5e87bad3c948f4d605d) (ScriptedImporter) -> (Import Result ID: 'f2fa6c2183f50224b63c600fcee72836') in 0.0210138 seconds [static and dynamic dependencies]. Details - ImportResultOutputID=693434f14e7dfd37a02fab91c0877f53 DependenciesID=1e99b66baef1180071b2a50d863721f2 StaticDependenciesID=627e81bbdf0962d9e53e5c43d0701675 
Number of updated asset objects reloaded before import = 0Number of asset objects unloaded after import = 1

========================================================================
Received Import Request.
  Time since last request: 0.000027 seconds.
  path: Assets/Downloaded/Footsteps - Essentials/Footsteps_Tile/Footsteps_Tile_Walk/Footsteps_Tile_Walk_02.wav
  importAddress: Guid(5c9bdbce37b06a24fa6ea793bcfd1907) Importer(2089858483,b0f066a214c2f5e87bad3c948f4d605d)
Start importing Assets/Downloaded/Footsteps - Essentials/Footsteps_Tile/Footsteps_Tile_Walk/Footsteps_Tile_Walk_02.wav using Guid(5c9bdbce37b06a24fa6ea793bcfd1907) Importer(2089858483,b0f066a214c2f5e87bad3c948f4d605d) (ScriptedImporter) -> (Import Result ID: '1bb3eeb21e097b4999d708e3404069ee') in 0.021489 seconds [static and dynamic dependencies]. Details - ImportResultOutputID=f315130a3a7f8dbc378717bd3e2e9efa DependenciesID=78b1e899493b6471c3fdeaefb33bb7fb StaticDependenciesID=7879c4ff6d67eac7303ef0fd533bfb00 
Number of updated asset objects reloaded before import = 0Number of asset objects unloaded after import = 1

========================================================================
Received Import Request.
  Time since last request: 0.000030 seconds.
  path: Assets/Downloaded/Footsteps - Essentials/Footsteps_Wood/Footsteps_Wood_Run/Footsteps_Wood_Run_10.wav
  importAddress: Guid(75d4e54cf94712d4e8de7ce385abceb2) Importer(2089858483,b0f066a214c2f5e87bad3c948f4d605d)
Start importing Assets/Downloaded/Footsteps - Essentials/Footsteps_Wood/Footsteps_Wood_Run/Footsteps_Wood_Run_10.wav using Guid(75d4e54cf94712d4e8de7ce385abceb2) Importer(2089858483,b0f066a214c2f5e87bad3c948f4d605d) (ScriptedImporter) -> (Import Result ID: 'a467a87777321d802e8b502ea1f1f1ce') in 0.0250439 seconds [static and dynamic dependencies]. Details - ImportResultOutputID=5d20b21ce73747cc26b31534b70c5d6f DependenciesID=97bfce61929ab7a4c9215eded8229023 StaticDependenciesID=0914b74ac9e80055daa7d5e0c7490e1d 
Number of updated asset objects reloaded before import = 0Number of asset objects unloaded after import = 1

========================================================================
Received Import Request.
  Time since last request: 0.000022 seconds.
  path: Assets/Downloaded/Footsteps - Essentials/Footsteps_Gravel/Footsteps_Gravel_Walk
  importAddress: Guid(368473cf8e6f46f4d9b20bbd635f7162) Importer(2089858483,b0f066a214c2f5e87bad3c948f4d605d)
Start importing Assets/Downloaded/Footsteps - Essentials/Footsteps_Gravel/Footsteps_Gravel_Walk using Guid(368473cf8e6f46f4d9b20bbd635f7162) Importer(2089858483,b0f066a214c2f5e87bad3c948f4d605d) (ScriptedImporter) -> (Import Result ID: '996db8570ce235cf7aa381b481ef4024') in 0.0174837 seconds [static and dynamic dependencies]. Details - ImportResultOutputID=2c5a437b439c1b8c5def40bd84098b36 DependenciesID=5454822ebd1d9c3daacc3dd68bf64be4 StaticDependenciesID=d23d0163929ea1a2574ce082b4be9cdf 
Number of updated asset objects reloaded before import = 0Number of asset objects unloaded after import = 1

========================================================================
Received Import Request.
  Time since last request: 0.000029 seconds.
  path: Assets/Downloaded/Footsteps - Essentials/Footsteps_Water/Footsteps_Water_Walk/Footsteps_WaterV1_Walk_04.wav
  importAddress: Guid(caf48be4d869fe24f85866b95cdbe017) Importer(2089858483,b0f066a214c2f5e87bad3c948f4d605d)
Start importing Assets/Downloaded/Footsteps - Essentials/Footsteps_Water/Footsteps_Water_Walk/Footsteps_WaterV1_Walk_04.wav using Guid(caf48be4d869fe24f85866b95cdbe017) Importer(2089858483,b0f066a214c2f5e87bad3c948f4d605d) (ScriptedImporter) -> (Import Result ID: '256799b44ee5ec00b447805962d86d07') in 0.021636 seconds [static and dynamic dependencies]. Details - ImportResultOutputID=2c19af49821c931efd0912a1348a3c26 DependenciesID=99ec972ee7569cfd7da0c2bfdd7e4109 StaticDependenciesID=21ee36d1a34a28330d0a18d0cc62e774 
Number of updated asset objects reloaded before import = 0Number of asset objects unloaded after import = 1

========================================================================
Received Import Request.
  Time since last request: 0.000025 seconds.
  path: Assets/Downloaded/Footsteps - Essentials/Footsteps_Wood/Footsteps_Wood_Run/Footsteps_Wood_Run_03.wav
  importAddress: Guid(2802b1a72217c464ea0171ad67e835f7) Importer(2089858483,b0f066a214c2f5e87bad3c948f4d605d)
Start importing Assets/Downloaded/Footsteps - Essentials/Footsteps_Wood/Footsteps_Wood_Run/Footsteps_Wood_Run_03.wav using Guid(2802b1a72217c464ea0171ad67e835f7) Importer(2089858483,b0f066a214c2f5e87bad3c948f4d605d) (ScriptedImporter) -> (Import Result ID: '7f7c672338efcd72653534600e540a4d') in 0.018434 seconds [static and dynamic dependencies]. Details - ImportResultOutputID=e82c76d7bd69c6047af6f8bae278edc2 DependenciesID=637a7823b932c37b042fc2d94251d0db StaticDependenciesID=922dc1db7640aea5f08c45a5b2abedd3 
Number of updated asset objects reloaded before import = 0Number of asset objects unloaded after import = 1

========================================================================
Received Import Request.
  Time since last request: 0.000042 seconds.
  path: Assets/Downloaded/Footsteps - Essentials/Footsteps_Snow/Footsteps_Snow_Walk/Footsteps_Snow_Hard_Walk_08.wav
  importAddress: Guid(8434b482ddca5934d813b9de555ff4ab) Importer(2089858483,b0f066a214c2f5e87bad3c948f4d605d)
Start importing Assets/Downloaded/Footsteps - Essentials/Footsteps_Snow/Footsteps_Snow_Walk/Footsteps_Snow_Hard_Walk_08.wav using Guid(8434b482ddca5934d813b9de555ff4ab) Importer(2089858483,b0f066a214c2f5e87bad3c948f4d605d) (ScriptedImporter) -> (Import Result ID: '522edb1e5ec101e16196001e8c444af1') in 0.0216949 seconds [static and dynamic dependencies]. Details - ImportResultOutputID=2404248a7436f96559d74a7073ba8ac0 DependenciesID=db11860bdb422e58ebcd4401c76afb3c StaticDependenciesID=e141161aafd5659c3c7e7ea3c01b4954 
Number of updated asset objects reloaded before import = 0Number of asset objects unloaded after import = 1

========================================================================
Received Import Request.
  Time since last request: 0.000027 seconds.
  path: Assets/Downloaded/Footsteps - Essentials/Footsteps_Metal/Footsteps_Metal_Walk/Footsteps_MetalV1_Walk_09.wav
  importAddress: Guid(d25a8335420d09f43bedf446e2deffa0) Importer(2089858483,b0f066a214c2f5e87bad3c948f4d605d)
Start importing Assets/Downloaded/Footsteps - Essentials/Footsteps_Metal/Footsteps_Metal_Walk/Footsteps_MetalV1_Walk_09.wav using Guid(d25a8335420d09f43bedf446e2deffa0) Importer(2089858483,b0f066a214c2f5e87bad3c948f4d605d) (ScriptedImporter) -> (Import Result ID: '432f2ef468dd67a9887a756aac573e38') in 0.0208196 seconds [static and dynamic dependencies]. Details - ImportResultOutputID=5700c45a00093f4b7fdaac5197080005 DependenciesID=5bdcfecbd1b6b8d4739c82caf9f1f0d0 StaticDependenciesID=ae7a50fbee44b0b3bf8a4b7d0864539a 
Number of updated asset objects reloaded before import = 0Number of asset objects unloaded after import = 1

========================================================================
Received Import Request.
  Time since last request: 0.000022 seconds.
  path: Assets/Downloaded/Footsteps - Essentials/Footsteps_Snow/Footsteps_Snow_Walk/Footsteps_Snow_Hard_Walk_01.wav
  importAddress: Guid(05c42e498b8744744ad3fbf2055f3624) Importer(2089858483,b0f066a214c2f5e87bad3c948f4d605d)
Start importing Assets/Downloaded/Footsteps - Essentials/Footsteps_Snow/Footsteps_Snow_Walk/Footsteps_Snow_Hard_Walk_01.wav using Guid(05c42e498b8744744ad3fbf2055f3624) Importer(2089858483,b0f066a214c2f5e87bad3c948f4d605d) (ScriptedImporter) -> (Import Result ID: '4c76998c95e0e1b14c15bba960eff0db') in 0.0210263 seconds [static and dynamic dependencies]. Details - ImportResultOutputID=1c09d5e24fc5ea51657f7874cc5e9103 DependenciesID=159ba473995b6e8dd87a70eb7ee64081 StaticDependenciesID=7eef14aa0ee32fa3b1a6e8991984bc84 
Number of updated asset objects reloaded before import = 0Number of asset objects unloaded after import = 1

========================================================================
Received Import Request.
  Time since last request: 0.000034 seconds.
  path: Assets/Downloaded/Footsteps - Essentials/Footsteps_Snow/Footsteps_Snow_Jump/Footsteps_Snow_Hard_Jump_Land_05.wav
  importAddress: Guid(17294eb08ece64144823d4e09b117d63) Importer(2089858483,b0f066a214c2f5e87bad3c948f4d605d)
Start importing Assets/Downloaded/Footsteps - Essentials/Footsteps_Snow/Footsteps_Snow_Jump/Footsteps_Snow_Hard_Jump_Land_05.wav using Guid(17294eb08ece64144823d4e09b117d63) Importer(2089858483,b0f066a214c2f5e87bad3c948f4d605d) (ScriptedImporter) -> (Import Result ID: '004bb9e7d52e3e4344e07386bc6950f2') in 0.0222816 seconds [static and dynamic dependencies]. Details - ImportResultOutputID=0f3191e873a5df53e4a8d2cc610f141e DependenciesID=113f354051fc21b9d0cdcd8c2958a36b StaticDependenciesID=9e9bcc4ce6ee00cf6ac562d255904529 
Number of updated asset objects reloaded before import = 0Number of asset objects unloaded after import = 1

========================================================================
Received Import Request.
  Time since last request: 0.000037 seconds.
  path: Assets/Downloaded/Footsteps - Essentials/Footsteps_Rock/Footsteps_Rock_Walk/Footsteps_Rock_Walk_09.wav
  importAddress: Guid(0bc66974c41ff8c4fa15f46d21ad3548) Importer(2089858483,b0f066a214c2f5e87bad3c948f4d605d)
Start importing Assets/Downloaded/Footsteps - Essentials/Footsteps_Rock/Footsteps_Rock_Walk/Footsteps_Rock_Walk_09.wav using Guid(0bc66974c41ff8c4fa15f46d21ad3548) Importer(2089858483,b0f066a214c2f5e87bad3c948f4d605d) (ScriptedImporter) -> (Import Result ID: 'a4adb9bb0b839892a14f539259594aaf') in 0.0246444 seconds [static and dynamic dependencies]. Details - ImportResultOutputID=9a708fcfb2ba7d6d8e7f21c291f00d41 DependenciesID=af2784b8488603335b1d1dea989cc536 StaticDependenciesID=fbc58beb4c2f1086470c531908cb06a9 
Number of updated asset objects reloaded before import = 0Number of asset objects unloaded after import = 1

========================================================================
Received Import Request.
  Time since last request: 0.000029 seconds.
  path: Assets/Downloaded/Footsteps - Essentials/Footsteps_Metal/Footsteps_Metal_Walk/Footsteps_MetalV1_Walk_02.wav
  importAddress: Guid(3701a5fdf99882f40bc00eb9053eec92) Importer(2089858483,b0f066a214c2f5e87bad3c948f4d605d)
Start importing Assets/Downloaded/Footsteps - Essentials/Footsteps_Metal/Footsteps_Metal_Walk/Footsteps_MetalV1_Walk_02.wav using Guid(3701a5fdf99882f40bc00eb9053eec92) Importer(2089858483,b0f066a214c2f5e87bad3c948f4d605d) (ScriptedImporter) -> (Import Result ID: '9ce4b18a8c884db26f0e4f76054f91d0') in 0.0198702 seconds [static and dynamic dependencies]. Details - ImportResultOutputID=1aa1b24559d023af59b2ba6071245112 DependenciesID=8743af1e520c78265c4f4001a1b01524 StaticDependenciesID=e7d2b3fd541301c829dee1fe655c2572 
Number of updated asset objects reloaded before import = 0Number of asset objects unloaded after import = 1

========================================================================
Received Import Request.
  Time since last request: 0.000046 seconds.
  path: Assets/Downloaded/Footsteps - Essentials/Footsteps_Grass
  importAddress: Guid(c7e1aea36816af7498177440946a1d1a) Importer(2089858483,b0f066a214c2f5e87bad3c948f4d605d)
Start importing Assets/Downloaded/Footsteps - Essentials/Footsteps_Grass using Guid(c7e1aea36816af7498177440946a1d1a) Importer(2089858483,b0f066a214c2f5e87bad3c948f4d605d) (ScriptedImporter) -> (Import Result ID: '4ce2d08e6abbf03b7a8b69267512c622') in 0.0179943 seconds [static and dynamic dependencies]. Details - ImportResultOutputID=2e0e9642b2c3abec3077a1568b7c0660 DependenciesID=bc7e9e67c8c91c19f4ea4d7f76c511e0 StaticDependenciesID=e05594257346d4ec9aed174d6659f0ea 
Number of updated asset objects reloaded before import = 0Number of asset objects unloaded after import = 1

========================================================================
Received Import Request.
  Time since last request: 0.000027 seconds.
  path: Assets/Downloaded/Footsteps - Essentials/Footsteps_Grass/Footsteps_Grass_Walk/Footsteps_Walk_Grass_Mono_06.wav
  importAddress: Guid(6a0b4267ac8ee8448b619bc9a3bca6d9) Importer(2089858483,b0f066a214c2f5e87bad3c948f4d605d)
Start importing Assets/Downloaded/Footsteps - Essentials/Footsteps_Grass/Footsteps_Grass_Walk/Footsteps_Walk_Grass_Mono_06.wav using Guid(6a0b4267ac8ee8448b619bc9a3bca6d9) Importer(2089858483,b0f066a214c2f5e87bad3c948f4d605d) (ScriptedImporter) -> (Import Result ID: 'a022008ede040eddc9741433753336af') in 0.021334 seconds [static and dynamic dependencies]. Details - ImportResultOutputID=c9a0978df09383961179d92cf2d8cd9b DependenciesID=35791e0bce932fbd6505226b97d07660 StaticDependenciesID=8fbbd58cd457a1569626cac27fcbe191 
Number of updated asset objects reloaded before import = 0Number of asset objects unloaded after import = 1

========================================================================
Received Import Request.
  Time since last request: 0.000043 seconds.
  path: Assets/Downloaded/Footsteps - Essentials/Footsteps_Gravel/Footsteps_Gravel_Walk/Footsteps_Gravel_Walk_05.wav
  importAddress: Guid(61abfb7bb17151f458862ef823ac0932) Importer(2089858483,b0f066a214c2f5e87bad3c948f4d605d)
Start importing Assets/Downloaded/Footsteps - Essentials/Footsteps_Gravel/Footsteps_Gravel_Walk/Footsteps_Gravel_Walk_05.wav using Guid(61abfb7bb17151f458862ef823ac0932) Importer(2089858483,b0f066a214c2f5e87bad3c948f4d605d) (ScriptedImporter) -> (Import Result ID: 'a7dc1cef777b677f917eddd15f9c902e') in 0.0228055 seconds [static and dynamic dependencies]. Details - ImportResultOutputID=9d2350076a20cdceb9fceb5b1ad77b59 DependenciesID=befebd54ebb339d9ad9567440e836e43 StaticDependenciesID=25a019696e21ac08040226b0e45e363f 
Number of updated asset objects reloaded before import = 0Number of asset objects unloaded after import = 1

========================================================================
Received Import Request.
  Time since last request: 0.000022 seconds.
  path: Assets/Downloaded/Footsteps - Essentials/Footsteps_Tile/Footsteps_Tile_Walk
  importAddress: Guid(9f9bae32466c41e4c81c6fcedff48c35) Importer(2089858483,b0f066a214c2f5e87bad3c948f4d605d)
Start importing Assets/Downloaded/Footsteps - Essentials/Footsteps_Tile/Footsteps_Tile_Walk using Guid(9f9bae32466c41e4c81c6fcedff48c35) Importer(2089858483,b0f066a214c2f5e87bad3c948f4d605d) (ScriptedImporter) -> (Import Result ID: '83c64bda5aa9f72ed2cf14449e3e43b9') in 0.0161706 seconds [static and dynamic dependencies]. Details - ImportResultOutputID=f781a48aeddb81ea295ab3de5961bd1a DependenciesID=799c9719c4e2147f89b8bd736bb0a00c StaticDependenciesID=b43c9d648dc8b149e972d9adbb455ba0 
Number of updated asset objects reloaded before import = 0Number of asset objects unloaded after import = 1

========================================================================
Received Import Request.
  Time since last request: 0.000060 seconds.
  path: Assets/Downloaded/Footsteps - Essentials/Footsteps_Leaves
  importAddress: Guid(f7ddcf9e73131cd4aa4c1e16ec018c72) Importer(2089858483,b0f066a214c2f5e87bad3c948f4d605d)
Start importing Assets/Downloaded/Footsteps - Essentials/Footsteps_Leaves using Guid(f7ddcf9e73131cd4aa4c1e16ec018c72) Importer(2089858483,b0f066a214c2f5e87bad3c948f4d605d) (ScriptedImporter) -> (Import Result ID: 'fe558c2ede297381c9b49ae41f4c266e') in 0.0179299 seconds [static and dynamic dependencies]. Details - ImportResultOutputID=cf4cb2c3845c9806acb9830a05026f0f DependenciesID=fb74b35b859f39e46548686fa4229e72 StaticDependenciesID=7a749951937af0db5d63fb5c49a19c72 
Number of updated asset objects reloaded before import = 0Number of asset objects unloaded after import = 1

========================================================================
Received Import Request.
  Time since last request: 0.000028 seconds.
  path: Assets/Downloaded/Footsteps - Essentials/Footsteps_Snow/Footsteps_Snow_Run/Footsteps_Snow_Run_07.wav
  importAddress: Guid(8246f3c3f6373334d8bdd41eeb0b3945) Importer(2089858483,b0f066a214c2f5e87bad3c948f4d605d)
Start importing Assets/Downloaded/Footsteps - Essentials/Footsteps_Snow/Footsteps_Snow_Run/Footsteps_Snow_Run_07.wav using Guid(8246f3c3f6373334d8bdd41eeb0b3945) Importer(2089858483,b0f066a214c2f5e87bad3c948f4d605d) (ScriptedImporter) -> (Import Result ID: '715ac16a08aa604ff122cf4f02f53965') in 0.0198467 seconds [static and dynamic dependencies]. Details - ImportResultOutputID=3ca322b01e202007f3981535a8f6661e DependenciesID=48cc7ee4bea45548a286e01731623e64 StaticDependenciesID=c369b96227cff90d2728565c7764ebef 
Number of updated asset objects reloaded before import = 0Number of asset objects unloaded after import = 1

========================================================================
Received Import Request.
  Time since last request: 0.000041 seconds.
  path: Assets/Downloaded/Footsteps - Essentials/Footsteps_Mud/Footsteps_Mud_Walk/Footsteps_Mud_Walk_03.wav
  importAddress: Guid(64a3500e0328dba43a0bc91e55dcef3f) Importer(2089858483,b0f066a214c2f5e87bad3c948f4d605d)
Start importing Assets/Downloaded/Footsteps - Essentials/Footsteps_Mud/Footsteps_Mud_Walk/Footsteps_Mud_Walk_03.wav using Guid(64a3500e0328dba43a0bc91e55dcef3f) Importer(2089858483,b0f066a214c2f5e87bad3c948f4d605d) (ScriptedImporter) -> (Import Result ID: '468d3400f0700097326579aa23ac3ddb') in 0.0202703 seconds [static and dynamic dependencies]. Details - ImportResultOutputID=91e7c53136acfe642b65d373a3d1c8da DependenciesID=44ce1c5d6712273f7e12fcaa219c7aa2 StaticDependenciesID=d7d35e90030989b5c306039c332aab42 
Number of updated asset objects reloaded before import = 0Number of asset objects unloaded after import = 1

========================================================================
Received Import Request.
  Time since last request: 0.000019 seconds.
  path: Assets/Downloaded/Footsteps - Essentials/Footsteps_Metal/Footsteps_Metal_Jump/Footsteps_MetalV2_Jump_Land_02.wav
  importAddress: Guid(0462feb393ce2b64b9f78c8bc9303014) Importer(2089858483,b0f066a214c2f5e87bad3c948f4d605d)
Start importing Assets/Downloaded/Footsteps - Essentials/Footsteps_Metal/Footsteps_Metal_Jump/Footsteps_MetalV2_Jump_Land_02.wav using Guid(0462feb393ce2b64b9f78c8bc9303014) Importer(2089858483,b0f066a214c2f5e87bad3c948f4d605d) (ScriptedImporter) -> (Import Result ID: 'b68d39d98ddd0cbe5e67c7fa88358dcc') in 0.0202886 seconds [static and dynamic dependencies]. Details - ImportResultOutputID=1ef4c82dc88f8808bd1bd21a3a355a93 DependenciesID=49ed010f5a795bfff2f52871d4145145 StaticDependenciesID=b90ada4eaf61d5a5e85b0700e42931b3 
Number of updated asset objects reloaded before import = 0Number of asset objects unloaded after import = 1

========================================================================
Received Import Request.
  Time since last request: 0.000020 seconds.
  path: Assets/Downloaded/Footsteps - Essentials/Footsteps_Mud/Footsteps_Mud_Jump/Footsteps_Mud_Jump_Land_05.wav
  importAddress: Guid(26ba84cde900f02408eaef46d1af7811) Importer(2089858483,b0f066a214c2f5e87bad3c948f4d605d)
Start importing Assets/Downloaded/Footsteps - Essentials/Footsteps_Mud/Footsteps_Mud_Jump/Footsteps_Mud_Jump_Land_05.wav using Guid(26ba84cde900f02408eaef46d1af7811) Importer(2089858483,b0f066a214c2f5e87bad3c948f4d605d) (ScriptedImporter) -> (Import Result ID: '8bd7917dfc4d1d0de9afa9683b96e2d9') in 0.0210743 seconds [static and dynamic dependencies]. Details - ImportResultOutputID=b76a0519387065220a4767ff04349760 DependenciesID=4470b0acfd7adbc537b3abb1894b9446 StaticDependenciesID=1a1fa5397b03777b8be4d108bfc8ca36 
Number of updated asset objects reloaded before import = 0Number of asset objects unloaded after import = 1

========================================================================
Received Import Request.
  Time since last request: 0.000026 seconds.
  path: Assets/Downloaded/Footsteps - Essentials/Footsteps_Mud/Footsteps_Mud_Walk/Footsteps_Mud_Walk_09.wav
  importAddress: Guid(28b19276079fa4548a5d5a92b6291501) Importer(2089858483,b0f066a214c2f5e87bad3c948f4d605d)
Start importing Assets/Downloaded/Footsteps - Essentials/Footsteps_Mud/Footsteps_Mud_Walk/Footsteps_Mud_Walk_09.wav using Guid(28b19276079fa4548a5d5a92b6291501) Importer(2089858483,b0f066a214c2f5e87bad3c948f4d605d) (ScriptedImporter) -> (Import Result ID: '57bfd032ec76b52f00a84f1ba74eb713') in 0.0204116 seconds [static and dynamic dependencies]. Details - ImportResultOutputID=fea2a8d377f0ccff8879f3d9fe0ffd61 DependenciesID=00b1fe7753e25661f32f099fe4c8f1bd StaticDependenciesID=98ef58716f76707808f1a0211833a5c5 
Number of updated asset objects reloaded before import = 0Number of asset objects unloaded after import = 1

========================================================================
Received Import Request.
  Time since last request: 0.000037 seconds.
  path: Assets/Downloaded/Footsteps - Essentials/Footsteps_Snow/Footsteps_Snow_Jump/Footsteps_Snow_Hard_Jump_Land_03.wav
  importAddress: Guid(a61b7ab6f7e2e02448092c5fd131df52) Importer(2089858483,b0f066a214c2f5e87bad3c948f4d605d)
Start importing Assets/Downloaded/Footsteps - Essentials/Footsteps_Snow/Footsteps_Snow_Jump/Footsteps_Snow_Hard_Jump_Land_03.wav using Guid(a61b7ab6f7e2e02448092c5fd131df52) Importer(2089858483,b0f066a214c2f5e87bad3c948f4d605d) (ScriptedImporter) -> (Import Result ID: '0e53c5c1144996a2c7b1217ee9e4a6d0') in 0.0207673 seconds [static and dynamic dependencies]. Details - ImportResultOutputID=55f089bcfb8110bd6cfbae1bf1eb4e37 DependenciesID=455c8d3a63c862feeb599ef38837debb StaticDependenciesID=c7eefac08efc6fcc0349ac6435ae9c8f 
Number of updated asset objects reloaded before import = 0Number of asset objects unloaded after import = 1

========================================================================
Received Import Request.
  Time since last request: 0.000022 seconds.
  path: Assets/Downloaded/Footsteps - Essentials/Footsteps_Mud/Footsteps_Mud_Walk/Footsteps_Mud_Walk_01.wav
  importAddress: Guid(e3edc2a270af5c04886ab9c5fa4fced6) Importer(2089858483,b0f066a214c2f5e87bad3c948f4d605d)
Start importing Assets/Downloaded/Footsteps - Essentials/Footsteps_Mud/Footsteps_Mud_Walk/Footsteps_Mud_Walk_01.wav using Guid(e3edc2a270af5c04886ab9c5fa4fced6) Importer(2089858483,b0f066a214c2f5e87bad3c948f4d605d) (ScriptedImporter) -> (Import Result ID: '9e313aaf3ea1864179a3bf8f3dd71025') in 0.0194333 seconds [static and dynamic dependencies]. Details - ImportResultOutputID=f013393ffa31795bee19f808ec8a4626 DependenciesID=042421833c937f3070abc6fcbd5cbecb StaticDependenciesID=7215e3d6197073bea402127db1c9ea29 
Number of updated asset objects reloaded before import = 0Number of asset objects unloaded after import = 1

========================================================================
Received Import Request.
  Time since last request: 0.000021 seconds.
  path: Assets/Downloaded/Footsteps - Essentials/Footsteps_Snow/Footsteps_Snow_Run/Footsteps_Snow_Run_09.wav
  importAddress: Guid(f20b2086edb0fa14194625121c56cecc) Importer(2089858483,b0f066a214c2f5e87bad3c948f4d605d)
Start importing Assets/Downloaded/Footsteps - Essentials/Footsteps_Snow/Footsteps_Snow_Run/Footsteps_Snow_Run_09.wav using Guid(f20b2086edb0fa14194625121c56cecc) Importer(2089858483,b0f066a214c2f5e87bad3c948f4d605d) (ScriptedImporter) -> (Import Result ID: '762163202f3eac82aa4b810a90daf2e6') in 0.0186927 seconds [static and dynamic dependencies]. Details - ImportResultOutputID=c52152bb51222de94de75759a354562b DependenciesID=77f74c6b7f9eb3e8a52aeb1570856ff2 StaticDependenciesID=054a9008260f3433847be2bdbda282ea 
Number of updated asset objects reloaded before import = 0Number of asset objects unloaded after import = 1

========================================================================
Received Import Request.
  Time since last request: 0.000041 seconds.
  path: Assets/Downloaded/Footsteps - Essentials/Footsteps_Water/Footsteps_Water_Walk/Footsteps_WaterV1_Walk_08.wav
  importAddress: Guid(b682207ff9ac8db4695704cd57fb59a7) Importer(2089858483,b0f066a214c2f5e87bad3c948f4d605d)
Start importing Assets/Downloaded/Footsteps - Essentials/Footsteps_Water/Footsteps_Water_Walk/Footsteps_WaterV1_Walk_08.wav using Guid(b682207ff9ac8db4695704cd57fb59a7) Importer(2089858483,b0f066a214c2f5e87bad3c948f4d605d) (ScriptedImporter) -> (Import Result ID: '78b8b3a33f0ba5c41fb390047dedc87e') in 0.0208335 seconds [static and dynamic dependencies]. Details - ImportResultOutputID=980dd980d1ae47673488c20c92f2cbb0 DependenciesID=611a2ccc50ffddd1874ed598df578993 StaticDependenciesID=19c9d357e9ac4aef3a47a865c8a04bf2 
Number of updated asset objects reloaded before import = 0Number of asset objects unloaded after import = 1

========================================================================
Received Import Request.
  Time since last request: 0.000031 seconds.
  path: Assets/Downloaded/Horror Atmosphere LITE/Ambience/Ambience FX/Bell-002.wav
  importAddress: Guid(69e4ce5d3e61aa24c96191f33a139496) Importer(2089858483,b0f066a214c2f5e87bad3c948f4d605d)
Start importing Assets/Downloaded/Horror Atmosphere LITE/Ambience/Ambience FX/Bell-002.wav using Guid(69e4ce5d3e61aa24c96191f33a139496) Importer(2089858483,b0f066a214c2f5e87bad3c948f4d605d) (ScriptedImporter) -> (Import Result ID: '87aca46d98ddd8e00baf296692afe8b8') in 0.0374673 seconds [static and dynamic dependencies]. Details - ImportResultOutputID=9fa6d35f42a809e940a3936a2ac1d9db DependenciesID=0590e88ec12a59fadbf793fea7ab96df StaticDependenciesID=b197b4f988234cf6e259725edbc03731 
Number of updated asset objects reloaded before import = 0Number of asset objects unloaded after import = 1

========================================================================
Received Import Request.
  Time since last request: 0.000022 seconds.
  path: Assets/Downloaded/Footsteps - Essentials/Footsteps_Metal/Footsteps_Metal_Walk/Footsteps_MetalV1_Walk_08.wav
  importAddress: Guid(149e8ca9df68d744e9722158daa78ab1) Importer(2089858483,b0f066a214c2f5e87bad3c948f4d605d)
Start importing Assets/Downloaded/Footsteps - Essentials/Footsteps_Metal/Footsteps_Metal_Walk/Footsteps_MetalV1_Walk_08.wav using Guid(149e8ca9df68d744e9722158daa78ab1) Importer(2089858483,b0f066a214c2f5e87bad3c948f4d605d) (ScriptedImporter) -> (Import Result ID: 'ef287bb54d33f2516ed92771f099362c') in 0.0218759 seconds [static and dynamic dependencies]. Details - ImportResultOutputID=4eadfebd5728fadfc80fce45318e7fc5 DependenciesID=8e806afdd68beac671455281978977ac StaticDependenciesID=43d10c57ea874d8b523021bb318dd655 
Number of updated asset objects reloaded before import = 0Number of asset objects unloaded after import = 1

========================================================================
Received Import Request.
  Time since last request: 0.000024 seconds.
  path: Assets/Downloaded/Horror Atmosphere LITE/Ambience/Atmosphere And Chaos/Chaos_001(Loop).wav
  importAddress: Guid(1dcdbc89e9348cd4889e24f629f0df94) Importer(2089858483,b0f066a214c2f5e87bad3c948f4d605d)
Start importing Assets/Downloaded/Horror Atmosphere LITE/Ambience/Atmosphere And Chaos/Chaos_001(Loop).wav using Guid(1dcdbc89e9348cd4889e24f629f0df94) Importer(2089858483,b0f066a214c2f5e87bad3c948f4d605d) (ScriptedImporter) -> (Import Result ID: '1aced780fe74f72eb87381bdc27b2f6a') in 0.1026499 seconds [static and dynamic dependencies]. Details - ImportResultOutputID=cbc0dd4b930b2df617b677b5e24759cd DependenciesID=8b53b3d3af712e6b72ee17403a88e87e StaticDependenciesID=709ac6a886a78c2802593ed6d5dc9ee3 
Number of updated asset objects reloaded before import = 0Number of asset objects unloaded after import = 1

========================================================================
Received Import Request.
  Time since last request: 0.000027 seconds.
  path: Assets/Downloaded/Footsteps - Essentials/Footsteps_Water/Footsteps_Water_Run/Footsteps_Water_Run_04.wav
  importAddress: Guid(843ca7d8bd153734daf10be927b430ad) Importer(2089858483,b0f066a214c2f5e87bad3c948f4d605d)
Start importing Assets/Downloaded/Footsteps - Essentials/Footsteps_Water/Footsteps_Water_Run/Footsteps_Water_Run_04.wav using Guid(843ca7d8bd153734daf10be927b430ad) Importer(2089858483,b0f066a214c2f5e87bad3c948f4d605d) (ScriptedImporter) -> (Import Result ID: '50a33304f4febcee3bfd08fa7e9a7d7a') in 0.0238166 seconds [static and dynamic dependencies]. Details - ImportResultOutputID=f23de306e899bc34b95c89e4319f0472 DependenciesID=4f6619790558e45c56110f91b62c1cf2 StaticDependenciesID=a15919739cd91d8375c2098e3c85b144 
Number of updated asset objects reloaded before import = 0Number of asset objects unloaded after import = 1

========================================================================
Received Import Request.
  Time since last request: 0.000032 seconds.
  path: Assets/Downloaded/Footsteps - Essentials/Footsteps_Water/Footsteps_Water_Walk/Footsteps_WaterV1_Walk_09.wav
  importAddress: Guid(938df53f74d50544b83b2cd1b17069f9) Importer(2089858483,b0f066a214c2f5e87bad3c948f4d605d)
Start importing Assets/Downloaded/Footsteps - Essentials/Footsteps_Water/Footsteps_Water_Walk/Footsteps_WaterV1_Walk_09.wav using Guid(938df53f74d50544b83b2cd1b17069f9) Importer(2089858483,b0f066a214c2f5e87bad3c948f4d605d) (ScriptedImporter) -> (Import Result ID: '8da8862200440eb2164735f8350e10c9') in 0.0238228 seconds [static and dynamic dependencies]. Details - ImportResultOutputID=0ee4641b4c72830ced3cdc3fdeae78f3 DependenciesID=8bfdee26f8869bebf4e34f69d5e36aa5 StaticDependenciesID=9873f4b7a9cd9eb61bdd5cc686829fa2 
Number of updated asset objects reloaded before import = 0Number of asset objects unloaded after import = 1

========================================================================
Received Import Request.
  Time since last request: 0.000029 seconds.
  path: Assets/Downloaded/Horror Atmosphere LITE/Ambience/Atmosphere And Chaos/Atmosphere_008( SINGLE LOOP).wav
  importAddress: Guid(6d6a33094371f8a4b9d4178951b9e95a) Importer(2089858483,b0f066a214c2f5e87bad3c948f4d605d)
Start importing Assets/Downloaded/Horror Atmosphere LITE/Ambience/Atmosphere And Chaos/Atmosphere_008( SINGLE LOOP).wav using Guid(6d6a33094371f8a4b9d4178951b9e95a) Importer(2089858483,b0f066a214c2f5e87bad3c948f4d605d) (ScriptedImporter) -> (Import Result ID: '3843faba22a9f8d39e80a5a62421658b') in 0.3112092 seconds [static and dynamic dependencies]. Details - ImportResultOutputID=3badb39fa4faaa422d4d775b6f3ad393 DependenciesID=9e84e322377e59f40618520f742d9424 StaticDependenciesID=a6c047acdef84c1e294cc585e9b69f90 
Number of updated asset objects reloaded before import = 0Number of asset objects unloaded after import = 1

========================================================================
Received Import Request.
  Time since last request: 0.000026 seconds.
  path: Assets/Downloaded/Footsteps - Essentials/Footsteps_Metal/Footsteps_Metal_Run/Footsteps_MetalV2_Run_09.wav
  importAddress: Guid(72854b6a8fde5e54eb8ae2eb10155f45) Importer(2089858483,b0f066a214c2f5e87bad3c948f4d605d)
Start importing Assets/Downloaded/Footsteps - Essentials/Footsteps_Metal/Footsteps_Metal_Run/Footsteps_MetalV2_Run_09.wav using Guid(72854b6a8fde5e54eb8ae2eb10155f45) Importer(2089858483,b0f066a214c2f5e87bad3c948f4d605d) (ScriptedImporter) -> (Import Result ID: 'ab9522056e575e6718cbc5753e2bd418') in 0.0239644 seconds [static and dynamic dependencies]. Details - ImportResultOutputID=21980a0bf4bb2d1d2c08b2a6b15f1ddf DependenciesID=2868e9892eb7564d6a3e66a6964f4a1c StaticDependenciesID=fda849e234fe656c1a7a5c05da4bd72c 
Number of updated asset objects reloaded before import = 0Number of asset objects unloaded after import = 1

========================================================================
Received Import Request.
  Time since last request: 0.000042 seconds.
  path: Assets/Downloaded/Footsteps - Essentials/Footsteps_Sand/Footsteps_Sand_Walk/Footsteps_Sand_Walk_12.wav
  importAddress: Guid(fcb08ad9aae12794684aee4e24491861) Importer(2089858483,b0f066a214c2f5e87bad3c948f4d605d)
Start importing Assets/Downloaded/Footsteps - Essentials/Footsteps_Sand/Footsteps_Sand_Walk/Footsteps_Sand_Walk_12.wav using Guid(fcb08ad9aae12794684aee4e24491861) Importer(2089858483,b0f066a214c2f5e87bad3c948f4d605d) (ScriptedImporter) -> (Import Result ID: '7f7f7fa0089fac57e2f8daf7f6c42fe4') in 0.0216192 seconds [static and dynamic dependencies]. Details - ImportResultOutputID=74de55633fd693edf731722fe94ea703 DependenciesID=0cbe53b6a3e313406e4118be648dfd53 StaticDependenciesID=e83a529743ee4ad89de70089f913ec9d 
Number of updated asset objects reloaded before import = 0Number of asset objects unloaded after import = 1

========================================================================
Received Import Request.
  Time since last request: 0.000023 seconds.
  path: Assets/Downloaded/Footsteps - Essentials/Footsteps_Metal/Footsteps_Metal_Jump/Footsteps_MetalV1_Jump_Land_04.wav
  importAddress: Guid(a04e8112fb4cca944baabc0048ff839d) Importer(2089858483,b0f066a214c2f5e87bad3c948f4d605d)
Start importing Assets/Downloaded/Footsteps - Essentials/Footsteps_Metal/Footsteps_Metal_Jump/Footsteps_MetalV1_Jump_Land_04.wav using Guid(a04e8112fb4cca944baabc0048ff839d) Importer(2089858483,b0f066a214c2f5e87bad3c948f4d605d) (ScriptedImporter) -> (Import Result ID: '4582492f751941dbb5d714e30bf7e73e') in 0.0223313 seconds [static and dynamic dependencies]. Details - ImportResultOutputID=f396667eddd27e1c9ae5cf90577de7a3 DependenciesID=2a29a30e8af675889055b16e2f7686da StaticDependenciesID=bab97018b58ba503e2921d1f5b60b882 
Number of updated asset objects reloaded before import = 0Number of asset objects unloaded after import = 1

========================================================================
Received Import Request.
  Time since last request: 0.000023 seconds.
  path: Assets/Downloaded/Footsteps - Essentials/Footsteps_Snow
  importAddress: Guid(b6f81c75bc641374d91b3cb7857a3b15) Importer(2089858483,b0f066a214c2f5e87bad3c948f4d605d)
Start importing Assets/Downloaded/Footsteps - Essentials/Footsteps_Snow using Guid(b6f81c75bc641374d91b3cb7857a3b15) Importer(2089858483,b0f066a214c2f5e87bad3c948f4d605d) (ScriptedImporter) -> (Import Result ID: 'c0b26ce0f9732919fbb463bf663191dc') in 0.017804 seconds [static and dynamic dependencies]. Details - ImportResultOutputID=590daa4cae210988db286c7501692011 DependenciesID=a7b2aa9bec9e3bba6e08b0d1f84f0a4e StaticDependenciesID=80f83b24b63d1eb8a18e321321828fbf 
Number of updated asset objects reloaded before import = 0Number of asset objects unloaded after import = 1

========================================================================
Received Import Request.
  Time since last request: 0.000029 seconds.
  path: Assets/Downloaded/Footsteps - Essentials/Footsteps_Grass/Footsteps_Grass_Jump/Footsteps_Grass_Jump_Start_01.wav
  importAddress: Guid(984d316ed8be3ac4da9e31768a8b1fa9) Importer(2089858483,b0f066a214c2f5e87bad3c948f4d605d)
Start importing Assets/Downloaded/Footsteps - Essentials/Footsteps_Grass/Footsteps_Grass_Jump/Footsteps_Grass_Jump_Start_01.wav using Guid(984d316ed8be3ac4da9e31768a8b1fa9) Importer(2089858483,b0f066a214c2f5e87bad3c948f4d605d) (ScriptedImporter) -> (Import Result ID: 'a75f0ace545a1321edbc36863aeb5158') in 0.0214321 seconds [static and dynamic dependencies]. Details - ImportResultOutputID=ef46134eb08678e35ab230d933c2ddac DependenciesID=f3842be84bcd1cac22ba704047e69684 StaticDependenciesID=2cefc3632c3e8d17fc53327857965ec4 
Number of updated asset objects reloaded before import = 0Number of asset objects unloaded after import = 1

========================================================================
Received Import Request.
  Time since last request: 0.000044 seconds.
  path: Assets/Downloaded/Footsteps - Essentials/Footsteps_Mud/Footsteps_Mud_Walk/Footsteps_Mud_Walk_07.wav
  importAddress: Guid(078fe382794838e43afb6bb0bca6c089) Importer(2089858483,b0f066a214c2f5e87bad3c948f4d605d)
Start importing Assets/Downloaded/Footsteps - Essentials/Footsteps_Mud/Footsteps_Mud_Walk/Footsteps_Mud_Walk_07.wav using Guid(078fe382794838e43afb6bb0bca6c089) Importer(2089858483,b0f066a214c2f5e87bad3c948f4d605d) (ScriptedImporter) -> (Import Result ID: '597b992a7bdb3e3779e3f8b93a2a00c0') in 0.0227075 seconds [static and dynamic dependencies]. Details - ImportResultOutputID=166c89a49551f60a7e89e9e169374f4a DependenciesID=05fe3d0b446ae1530e9b78389e37c391 StaticDependenciesID=5d37a8ef296c9468a6eeff9ca9e58c20 
Number of updated asset objects reloaded before import = 0Number of asset objects unloaded after import = 1

========================================================================
Received Import Request.
  Time since last request: 0.000026 seconds.
  path: Assets/Downloaded/Footsteps - Essentials/Footsteps_Sand/Footsteps_Sand_Walk/Footsteps_Sand_Walk_17.wav
  importAddress: Guid(8544d587993061e41b943669b11c357d) Importer(2089858483,b0f066a214c2f5e87bad3c948f4d605d)
Start importing Assets/Downloaded/Footsteps - Essentials/Footsteps_Sand/Footsteps_Sand_Walk/Footsteps_Sand_Walk_17.wav using Guid(8544d587993061e41b943669b11c357d) Importer(2089858483,b0f066a214c2f5e87bad3c948f4d605d) (ScriptedImporter) -> (Import Result ID: 'a61fc9248d1ea12fa1b555ea641d9d02') in 0.0223742 seconds [static and dynamic dependencies]. Details - ImportResultOutputID=15d105b2d9ef436b0a1e1872f38a5f74 DependenciesID=2b94e7ffd42a15db87cd3a21bee4c1b4 StaticDependenciesID=498ec831d372c7533bc679df8fef4d20 
Number of updated asset objects reloaded before import = 0Number of asset objects unloaded after import = 1

========================================================================
Received Import Request.
  Time since last request: 0.000029 seconds.
  path: Assets/Downloaded/Footsteps - Essentials/Footsteps_Gravel/Footsteps_Gravel_Jump/Footsteps_Jump_Land_01.wav
  importAddress: Guid(3e10d68c7f7aa854694549c916e8ba46) Importer(2089858483,b0f066a214c2f5e87bad3c948f4d605d)
Start importing Assets/Downloaded/Footsteps - Essentials/Footsteps_Gravel/Footsteps_Gravel_Jump/Footsteps_Jump_Land_01.wav using Guid(3e10d68c7f7aa854694549c916e8ba46) Importer(2089858483,b0f066a214c2f5e87bad3c948f4d605d) (ScriptedImporter) -> (Import Result ID: '2d8b23eb1e6936335a0b429afa0e59a6') in 0.0224586 seconds [static and dynamic dependencies]. Details - ImportResultOutputID=d4031edf3763789850e796a08382c7fc DependenciesID=ccd599819bdda3e63d003184205da1aa StaticDependenciesID=44d4702ac190ac9263f68310c79e2091 
Number of updated asset objects reloaded before import = 0Number of asset objects unloaded after import = 1

========================================================================
Received Import Request.
  Time since last request: 0.000023 seconds.
  path: Assets/Downloaded/Footsteps - Essentials/Footsteps_Grass/Footsteps_Grass_Jump/Footsteps_Grass_Jump_Start_05.wav
  importAddress: Guid(2642ca70ae8c186489090a89cce4e395) Importer(2089858483,b0f066a214c2f5e87bad3c948f4d605d)
Start importing Assets/Downloaded/Footsteps - Essentials/Footsteps_Grass/Footsteps_Grass_Jump/Footsteps_Grass_Jump_Start_05.wav using Guid(2642ca70ae8c186489090a89cce4e395) Importer(2089858483,b0f066a214c2f5e87bad3c948f4d605d) (ScriptedImporter) -> (Import Result ID: '112b2277cafc7b84dcd3d96d9b2bd7f9') in 0.0259315 seconds [static and dynamic dependencies]. Details - ImportResultOutputID=c8b02d91d2bc3a34ce969292545e9a1f DependenciesID=8d7548ca7696362eb24d5ab58fbcad36 StaticDependenciesID=5955e18d0683f242fd7e48cedd69ed74 
Number of updated asset objects reloaded before import = 0Number of asset objects unloaded after import = 1

========================================================================
Received Import Request.
  Time since last request: 0.000039 seconds.
  path: Assets/Downloaded/Footsteps - Essentials/Footsteps_DirtyGround/Footsteps_DirtyGround_Land/Footsteps_DirtyGround_Jump_Start_03.wav
  importAddress: Guid(65d9836027675574b8d070c5718f99c7) Importer(2089858483,b0f066a214c2f5e87bad3c948f4d605d)
Start importing Assets/Downloaded/Footsteps - Essentials/Footsteps_DirtyGround/Footsteps_DirtyGround_Land/Footsteps_DirtyGround_Jump_Start_03.wav using Guid(65d9836027675574b8d070c5718f99c7) Importer(2089858483,b0f066a214c2f5e87bad3c948f4d605d) (ScriptedImporter) -> (Import Result ID: '621aca1c87d59e713dfe352cdb4807bf') in 0.0254285 seconds [static and dynamic dependencies]. Details - ImportResultOutputID=12f4288a5e6a523856e1fb0b4fd6d095 DependenciesID=9dedbc462df88b90939264bfc6d1188a StaticDependenciesID=861a04207cc760a4a5d24bfa09a46f30 
Number of updated asset objects reloaded before import = 0Number of asset objects unloaded after import = 1

========================================================================
Received Import Request.
  Time since last request: 0.000026 seconds.
  path: Assets/Downloaded/Footsteps - Essentials/Footsteps_Mud/Footsteps_Mud_Walk/Footsteps_Mud_Walk_06.wav
  importAddress: Guid(6af94a40fed40c44c82de5fb0fa561f2) Importer(2089858483,b0f066a214c2f5e87bad3c948f4d605d)
Start importing Assets/Downloaded/Footsteps - Essentials/Footsteps_Mud/Footsteps_Mud_Walk/Footsteps_Mud_Walk_06.wav using Guid(6af94a40fed40c44c82de5fb0fa561f2) Importer(2089858483,b0f066a214c2f5e87bad3c948f4d605d) (ScriptedImporter) -> (Import Result ID: '80258e261d79e3b522167df447fbeaa0') in 0.0209836 seconds [static and dynamic dependencies]. Details - ImportResultOutputID=a7c90a44a84b93f736adec36143f316e DependenciesID=74dc049e883fd333e280e22e6fe077c5 StaticDependenciesID=9d25058f0745c38d294214c4bfdb14a6 
Number of updated asset objects reloaded before import = 0Number of asset objects unloaded after import = 1

========================================================================
Received Prepare
Begin MonoManager ReloadAssembly
[Licensing::Client] Successfully resolved entitlement details
ADTM: Control thread waiting for realtime thread timed out, have to lock...
Assembly Assembly-CSharp-Editor-firstpass.dll at Library/ScriptAssemblies/Assembly-CSharp-Editor-firstpass.dll not valid. Loading of assembly skipped.
Assembly Assembly-CSharp-firstpass.dll at Library/ScriptAssemblies/Assembly-CSharp-firstpass.dll not valid. Loading of assembly skipped.
Assembly DocCodeExamples.dll at Library/ScriptAssemblies/DocCodeExamples.dll not valid. Loading of assembly skipped.
Assembly TestNewCustomAssembly.dll at Library/ScriptAssemblies/TestNewCustomAssembly.dll not valid. Loading of assembly skipped.
Assembly Unity.2D.Sprite.Package.EditorTests.dll at Library/ScriptAssemblies/Unity.2D.Sprite.Package.EditorTests.dll not valid. Loading of assembly skipped.
Assembly Unity.Collections.BurstCompatibilityGen.dll at Library/ScriptAssemblies/Unity.Collections.BurstCompatibilityGen.dll not valid. Loading of assembly skipped.
Assembly Unity.Collections.DocCodeSamples.dll at Library/ScriptAssemblies/Unity.Collections.DocCodeSamples.dll not valid. Loading of assembly skipped.
Assembly Unity.Collections.PerformanceTests.dll at Library/ScriptAssemblies/Unity.Collections.PerformanceTests.dll not valid. Loading of assembly skipped.
Assembly Unity.Collections.Tests.dll at Library/ScriptAssemblies/Unity.Collections.Tests.dll not valid. Loading of assembly skipped.
Assembly Unity.Collections.Tests.Playmode.dll at Library/ScriptAssemblies/Unity.Collections.Tests.Playmode.dll not valid. Loading of assembly skipped.
Assembly Unity.InputSystem.IntegrationTests.dll at Library/ScriptAssemblies/Unity.InputSystem.IntegrationTests.dll not valid. Loading of assembly skipped.
Assembly Unity.Mathematics.Tests.dll at Library/ScriptAssemblies/Unity.Mathematics.Tests.dll not valid. Loading of assembly skipped.
Assembly Unity.Multiplayer.Center.Editor.Tests.dll at Library/ScriptAssemblies/Unity.Multiplayer.Center.Editor.Tests.dll not valid. Loading of assembly skipped.
Assembly Unity.Multiplayer.Center.Tests.dll at Library/ScriptAssemblies/Unity.Multiplayer.Center.Tests.dll not valid. Loading of assembly skipped.
Assembly Unity.Nuget.Mono-Cecil.dll at Library/ScriptAssemblies/Unity.Nuget.Mono-Cecil.dll not valid. Loading of assembly skipped.
Assembly Unity.PathTracing.Editor.Tests.dll at Library/ScriptAssemblies/Unity.PathTracing.Editor.Tests.dll not valid. Loading of assembly skipped.
Assembly Unity.PathTracing.Runtime.Tests.dll at Library/ScriptAssemblies/Unity.PathTracing.Runtime.Tests.dll not valid. Loading of assembly skipped.
Assembly Unity.RenderPipelines.Core.Editor.Tests.dll at Library/ScriptAssemblies/Unity.RenderPipelines.Core.Editor.Tests.dll not valid. Loading of assembly skipped.
Assembly Unity.RenderPipelines.Core.Runtime.Tests.dll at Library/ScriptAssemblies/Unity.RenderPipelines.Core.Runtime.Tests.dll not valid. Loading of assembly skipped.
Assembly Unity.RenderPipelines.Universal.Config.Editor.Tests.dll at Library/ScriptAssemblies/Unity.RenderPipelines.Universal.Config.Editor.Tests.dll not valid. Loading of assembly skipped.
Assembly Unity.RenderPipelines.Universal.Editor.Tests.dll at Library/ScriptAssemblies/Unity.RenderPipelines.Universal.Editor.Tests.dll not valid. Loading of assembly skipped.
Assembly Unity.RenderPipelines.Universal.Runtime.Tests.dll at Library/ScriptAssemblies/Unity.RenderPipelines.Universal.Runtime.Tests.dll not valid. Loading of assembly skipped.
Assembly Unity.Searcher.EditorTests.dll at Library/ScriptAssemblies/Unity.Searcher.EditorTests.dll not valid. Loading of assembly skipped.
Assembly Unity.ShaderGraph.Editor.Tests.dll at Library/ScriptAssemblies/Unity.ShaderGraph.Editor.Tests.dll not valid. Loading of assembly skipped.
Assembly Unity.TextMeshPro.Editor.Tests.dll at Library/ScriptAssemblies/Unity.TextMeshPro.Editor.Tests.dll not valid. Loading of assembly skipped.
Assembly Unity.TextMeshPro.Tests.dll at Library/ScriptAssemblies/Unity.TextMeshPro.Tests.dll not valid. Loading of assembly skipped.
Assembly Unity.UnifiedRayTracing.Editor.Tests.dll at Library/ScriptAssemblies/Unity.UnifiedRayTracing.Editor.Tests.dll not valid. Loading of assembly skipped.
Assembly UnityEditor.UI.Common.Tests.dll at Library/ScriptAssemblies/UnityEditor.UI.Common.Tests.dll not valid. Loading of assembly skipped.
Assembly UnityEditor.UI.EditorTests.dll at Library/ScriptAssemblies/UnityEditor.UI.EditorTests.dll not valid. Loading of assembly skipped.
Assembly UnityEngine.UI.Tests.dll at Library/ScriptAssemblies/UnityEngine.UI.Tests.dll not valid. Loading of assembly skipped.
Refreshing native plugins compatible for Editor in 2.74 ms, found 4 plugins.
Native extension for WindowsStandalone target not found
Native extension for WebGL target not found
[Package Manager] Failed to launch server process. Reason: Unity was launched with the -noUpm command-line argument
[Package Manager] Unable to send message (not connected to server process).
[Package Manager] Cannot connect to Unity Package Manager local server
[Package Manager] Failed to launch server process. Reason: Unity was launched with the -noUpm command-line argument
[Package Manager] Unable to send message (not connected to server process).
[Package Manager] Cannot connect to Unity Package Manager local server
ScheduleIndexationOnStartup MainProcess:False IndexOnStartup:True
Mono: successfully reloaded assembly
- Finished resetting the current domain, in  1.596 seconds
Domain Reload Profiling: 3993ms
	BeginReloadAssembly (1420ms)
		DisableScriptedObjects (8ms)
		CreateAndSetChildDomain (1065ms)
	RebuildCommonClasses (61ms)
	RebuildNativeTypeToScriptingClass (18ms)
	initialDomainReloadingComplete (100ms)
	LoadAllAssembliesAndSetupDomain (797ms)
		LoadAssemblies (664ms)
		AnalyzeDomain (389ms)
			TypeCache.Refresh (15ms)
			BuildScriptInfoCaches (344ms)
			ResolveRequiredComponents (27ms)
	FinalizeReload (1596ms)
		SetupLoadedEditorAssemblies (0ms)
			InitializePlatformSupportModulesInManaged (5ms)
			BeforeProcessingInitializeOnLoad (261ms)
			ProcessInitializeOnLoadAttributes (817ms)
			ProcessInitializeOnLoadMethodAttributes (147ms)
			AfterProcessingInitializeOnLoad (3ms)
		AwakeInstancesAfterBackupRestoration (27ms)
Refreshing native plugins compatible for Editor in 3.78 ms, found 4 plugins.
Unloading 24 Unused Serialized files (Serialized files now loaded: 0)
Unloading 6633 unused Assets / (4.9 MB). Loaded Objects now: 7510.
Memory consumption went from 167.9 MB to 163.0 MB.
Total: 13.145900 ms (FindLiveObjects: 0.893200 ms CreateObjectMapping: 0.565100 ms MarkObjects: 8.185100 ms  DeleteObjects: 3.499700 ms)

Prepare: number of updated asset objects reloaded= 0
========================================================================
Received Import Request.
  Time since last request: 107.965297 seconds.
  path: Assets/Downloaded/shashirajproductions
  importAddress: Guid(5f799135334d0a34f93ea65aea1421e8) Importer(815301076,1909f56bfc062723c751e8b465ee728b)
Start importing Assets/Downloaded/shashirajproductions using Guid(5f799135334d0a34f93ea65aea1421e8) Importer(815301076,1909f56bfc062723c751e8b465ee728b) (PreviewImporter) -> (Import Result ID: 'b6c82dd03d7338d05ce3a51e3815fd10') in 0.0032321 seconds [static and dynamic dependencies]. Details - ImportResultOutputID=d4be01030a958c36cec24996e80ace0d DependenciesID=75241a8ccd86d833100633927654635f StaticDependenciesID=8de29882293842f75951ec6a57ee62dd 
Number of updated asset objects reloaded before import = 0Number of asset objects unloaded after import = 0

========================================================================
Received Import Request.
  Time since last request: 1.157725 seconds.
  path: Assets/Downloaded/shashirajproductions/Deadly_Creatures_Pack1_v1
  importAddress: Guid(e55bb09cf7d84ed4d96e6308e1dee390) Importer(815301076,1909f56bfc062723c751e8b465ee728b)
Start importing Assets/Downloaded/shashirajproductions/Deadly_Creatures_Pack1_v1 using Guid(e55bb09cf7d84ed4d96e6308e1dee390) Importer(815301076,1909f56bfc062723c751e8b465ee728b) (PreviewImporter) -> (Import Result ID: '869632f200e070aab029b505b135bafe') in 0.0012362 seconds [static and dynamic dependencies]. Details - ImportResultOutputID=c54b85d0c3acbb877d46f7f50600f4d7 DependenciesID=8283b71b6901dd9e92edb824d96d2630 StaticDependenciesID=33efdb940ba8015cf55b5fa1dce28dda 
Number of updated asset objects reloaded before import = 0Number of asset objects unloaded after import = 0

========================================================================
Received Import Request.
  Time since last request: 0.517486 seconds.
  path: Assets/Downloaded/shashirajproductions/Deadly_Creatures_Pack1_v1/Audio
  importAddress: Guid(dc7d1a5b4b6c79c468996e3df4109b6a) Importer(815301076,1909f56bfc062723c751e8b465ee728b)
Start importing Assets/Downloaded/shashirajproductions/Deadly_Creatures_Pack1_v1/Audio using Guid(dc7d1a5b4b6c79c468996e3df4109b6a) Importer(815301076,1909f56bfc062723c751e8b465ee728b) (PreviewImporter) -> (Import Result ID: '5f5b8c0cd60e5223025720dde75d57dc') in 0.0007391 seconds [static and dynamic dependencies]. Details - ImportResultOutputID=e31f2204eda604709ae742e8ce7cca7d DependenciesID=8865ce3e3b2ddcb53e24a07042df343c StaticDependenciesID=28cc5c396b8985c02f80a8f89b49775c 
Number of updated asset objects reloaded before import = 0Number of asset objects unloaded after import = 0

========================================================================
Received Import Request.
  Time since last request: 0.456245 seconds.
  path: Assets/Downloaded/shashirajproductions/Deadly_Creatures_Pack1_v1/Audio/SFX
  importAddress: Guid(a92c57d9f8e06054099ed47e4075db60) Importer(815301076,1909f56bfc062723c751e8b465ee728b)
Start importing Assets/Downloaded/shashirajproductions/Deadly_Creatures_Pack1_v1/Audio/SFX using Guid(a92c57d9f8e06054099ed47e4075db60) Importer(815301076,1909f56bfc062723c751e8b465ee728b) (PreviewImporter) -> (Import Result ID: '736764689b0a13a5b0d272e8a1097cce') in 0.00075 seconds [static and dynamic dependencies]. Details - ImportResultOutputID=c493087782aebc172a03d82430cded8f DependenciesID=d415b4f59127316761b00031e0db1eb6 StaticDependenciesID=a5e66daf120f5ff23cc3514ae19f4aba 
Number of updated asset objects reloaded before import = 0Number of asset objects unloaded after import = 0

========================================================================
Received Import Request.
  Time since last request: 0.738801 seconds.
  path: Assets/Downloaded/shashirajproductions/Deadly_Creatures_Pack1_v1/Audio/SFX/Deadly_Creatures_Breathy_Airy_v1_(1).wav
  importAddress: Guid(4f87885ccdb963e4982ec642752d30ff) Importer(815301076,1909f56bfc062723c751e8b465ee728b)
Start importing Assets/Downloaded/shashirajproductions/Deadly_Creatures_Pack1_v1/Audio/SFX/Deadly_Creatures_Breathy_Airy_v1_(1).wav using Guid(4f87885ccdb963e4982ec642752d30ff) Importer(815301076,1909f56bfc062723c751e8b465ee728b) (PreviewImporter) -> (Import Result ID: '520862e87d4131f5a20524dc0db26c1a') in 0.0920156 seconds [static and dynamic dependencies]. Details - ImportResultOutputID=5deaa9107306dac4dfe581937e81f943 DependenciesID=0388a95ab1a3dd35dd97b93716ea42ee StaticDependenciesID=32d2a2bf0f712cf86b22784140297274 
Number of updated asset objects reloaded before import = 0Number of asset objects unloaded after import = 2

========================================================================
Received Import Request.
  Time since last request: 4.597080 seconds.
  path: Assets/Downloaded/shashirajproductions/Deadly_Creatures_Pack1_v1/Audio/SFX/Deadly_Creatures_Growls_Roars_v1_(1).wav
  importAddress: Guid(bdd60da33f4670045acd99d281053fc3) Importer(815301076,1909f56bfc062723c751e8b465ee728b)
Start importing Assets/Downloaded/shashirajproductions/Deadly_Creatures_Pack1_v1/Audio/SFX/Deadly_Creatures_Growls_Roars_v1_(1).wav using Guid(bdd60da33f4670045acd99d281053fc3) Importer(815301076,1909f56bfc062723c751e8b465ee728b) (PreviewImporter) -> (Import Result ID: '3c4757671e01e80f0447d69f4282fe6d') in 0.0339326 seconds [static and dynamic dependencies]. Details - ImportResultOutputID=a71d3337d206cfc62274697826637859 DependenciesID=2b38c1faac4ae21b48bd88ae81d05050 StaticDependenciesID=c876bee9dd82c616441cae7ac2ab29d2 
Number of updated asset objects reloaded before import = 0Number of asset objects unloaded after import = 2

========================================================================
Received Import Request.
  Time since last request: 6.254038 seconds.
  path: Assets/Downloaded/shashirajproductions/Deadly_Creatures_Pack1_v1/Audio/SFX/Deadly_Creatures_Growls_Roars_v1_(2).wav
  importAddress: Guid(15c66e56cf8113947b264c20ae6a4d62) Importer(815301076,1909f56bfc062723c751e8b465ee728b)
Start importing Assets/Downloaded/shashirajproductions/Deadly_Creatures_Pack1_v1/Audio/SFX/Deadly_Creatures_Growls_Roars_v1_(2).wav using Guid(15c66e56cf8113947b264c20ae6a4d62) Importer(815301076,1909f56bfc062723c751e8b465ee728b) (PreviewImporter) -> (Import Result ID: '667c9ba0d3ddc880f5d1738343895960') in 0.0247488 seconds [static and dynamic dependencies]. Details - ImportResultOutputID=7c86d444edd51a2952a5561ff7c7aeff DependenciesID=514ca01df818fcb987a4514a31e1f20d StaticDependenciesID=9b1691b37b7cae76790d96b5d8df3988 
Number of updated asset objects reloaded before import = 0Number of asset objects unloaded after import = 2

========================================================================
Received Import Request.
  Time since last request: 3.240632 seconds.
  path: Assets/Downloaded/shashirajproductions/Deadly_Creatures_Pack1_v1/Audio/SFX/Deadly_Creatures_Growls_Roars_v1_(3).wav
  importAddress: Guid(4ff94a45a13d85f41ae639d89c4f8892) Importer(815301076,1909f56bfc062723c751e8b465ee728b)
Start importing Assets/Downloaded/shashirajproductions/Deadly_Creatures_Pack1_v1/Audio/SFX/Deadly_Creatures_Growls_Roars_v1_(3).wav using Guid(4ff94a45a13d85f41ae639d89c4f8892) Importer(815301076,1909f56bfc062723c751e8b465ee728b) (PreviewImporter) -> (Import Result ID: 'd1d9b77bdce5968bb05571224f689235') in 0.0344113 seconds [static and dynamic dependencies]. Details - ImportResultOutputID=23b1163fb14e24b4ea1b0c873c74dbc1 DependenciesID=228e254555119b61bca2ec83684c9e50 StaticDependenciesID=022fddd3b38ddd387c5c129ac9abf3fb 
Number of updated asset objects reloaded before import = 0Number of asset objects unloaded after import = 2

========================================================================
Received Import Request.
  Time since last request: 11.165593 seconds.
  path: Assets/Downloaded/shashirajproductions/Deadly_Creatures_Pack1_v1/Audio/SFX/Deadly_Creatures_Breathy_Airy_v1_(2).wav
  importAddress: Guid(c05b078acd7917d4d8e6d27b8a7be4ab) Importer(815301076,1909f56bfc062723c751e8b465ee728b)
Start importing Assets/Downloaded/shashirajproductions/Deadly_Creatures_Pack1_v1/Audio/SFX/Deadly_Creatures_Breathy_Airy_v1_(2).wav using Guid(c05b078acd7917d4d8e6d27b8a7be4ab) Importer(815301076,1909f56bfc062723c751e8b465ee728b) (PreviewImporter) -> (Import Result ID: 'f58f3f4d2f60dfe237807388282b12d6') in 0.0295378 seconds [static and dynamic dependencies]. Details - ImportResultOutputID=d9969131f4fddaa6540a9cc1ad07a2e1 DependenciesID=256b056bb9012d5018afd719e40ee7b9 StaticDependenciesID=d1909e56eef16c56a838b8532efd2f36 
Number of updated asset objects reloaded before import = 0Number of asset objects unloaded after import = 2

========================================================================
Received Import Request.
  Time since last request: 4.888912 seconds.
  path: Assets/Downloaded/shashirajproductions/Deadly_Creatures_Pack1_v1/Audio/SFX/Deadly_Creatures_Breathy_Airy_v1_(3).wav
  importAddress: Guid(bed4dec13ef248045b7cd1356a79f835) Importer(815301076,1909f56bfc062723c751e8b465ee728b)
Start importing Assets/Downloaded/shashirajproductions/Deadly_Creatures_Pack1_v1/Audio/SFX/Deadly_Creatures_Breathy_Airy_v1_(3).wav using Guid(bed4dec13ef248045b7cd1356a79f835) Importer(815301076,1909f56bfc062723c751e8b465ee728b) (PreviewImporter) -> (Import Result ID: 'c2d875e0d840efb3ad3d66e2095d9699') in 0.027291 seconds [static and dynamic dependencies]. Details - ImportResultOutputID=0e0fe21c6dd7213752c9eef2b9824af2 DependenciesID=dade224490b735b24c9f6dbdb627dbab StaticDependenciesID=bad63ddcd3dc8745b501c667c744d286 
Number of updated asset objects reloaded before import = 0Number of asset objects unloaded after import = 2

========================================================================
Received Import Request.
  Time since last request: 12.497826 seconds.
  path: Assets/Downloaded/shashirajproductions/Deadly_Creatures_Pack1_v1/Audio/SFX/Deadly_Creatures_Growls_Roars_v1_(4).wav
  importAddress: Guid(0cb44f7c8b2e68546b3d1ccb76c43ab7) Importer(815301076,1909f56bfc062723c751e8b465ee728b)
Start importing Assets/Downloaded/shashirajproductions/Deadly_Creatures_Pack1_v1/Audio/SFX/Deadly_Creatures_Growls_Roars_v1_(4).wav using Guid(0cb44f7c8b2e68546b3d1ccb76c43ab7) Importer(815301076,1909f56bfc062723c751e8b465ee728b) (PreviewImporter) -> (Import Result ID: '8b1836a266b4f015ea69c9e7f2616705') in 0.0325045 seconds [static and dynamic dependencies]. Details - ImportResultOutputID=cbdb5212acd65fa4cdbbb6fe5efb20e4 DependenciesID=e8f12382874fbbf418849082a7e948d0 StaticDependenciesID=b1ee5743d6d7f2bdb25bb3d09186d73d 
Number of updated asset objects reloaded before import = 0Number of asset objects unloaded after import = 2

========================================================================
Received Import Request.
  Time since last request: 5.867670 seconds.
  path: Assets/Downloaded/shashirajproductions/Deadly_Creatures_Pack1_v1/Audio/SFX/Deadly_Creatures_Growls_Roars_v1_(5).wav
  importAddress: Guid(5aa45d78b1d2cd442b8b369f8465cb96) Importer(815301076,1909f56bfc062723c751e8b465ee728b)
Start importing Assets/Downloaded/shashirajproductions/Deadly_Creatures_Pack1_v1/Audio/SFX/Deadly_Creatures_Growls_Roars_v1_(5).wav using Guid(5aa45d78b1d2cd442b8b369f8465cb96) Importer(815301076,1909f56bfc062723c751e8b465ee728b) (PreviewImporter) -> (Import Result ID: '33e5178421f0cd3813e3e8cbfa714175') in 0.0243068 seconds [static and dynamic dependencies]. Details - ImportResultOutputID=c93085b716005f9baa9b73429d6c2ac9 DependenciesID=89b552b06dcc53e140924411cfa98b9a StaticDependenciesID=2426d5add6df3a697c1a5bf33a28302d 
Number of updated asset objects reloaded before import = 0Number of asset objects unloaded after import = 2

========================================================================
Received Import Request.
  Time since last request: 1.668228 seconds.
  path: Assets/Downloaded/shashirajproductions/Deadly_Creatures_Pack1_v1/Audio/SFX/Deadly_Creatures_Growls_Roars_v1_(7).wav
  importAddress: Guid(077f07316700e854da0e2b7be02ba226) Importer(815301076,1909f56bfc062723c751e8b465ee728b)
Start importing Assets/Downloaded/shashirajproductions/Deadly_Creatures_Pack1_v1/Audio/SFX/Deadly_Creatures_Growls_Roars_v1_(7).wav using Guid(077f07316700e854da0e2b7be02ba226) Importer(815301076,1909f56bfc062723c751e8b465ee728b) (PreviewImporter) -> (Import Result ID: '5ced83067336eef9a3c4881c94fe96ec') in 0.0238627 seconds [static and dynamic dependencies]. Details - ImportResultOutputID=f4602455219f8d5bafcb59ae127de330 DependenciesID=29bf4cc5fd003caf1f750699bee98057 StaticDependenciesID=c06c7425b6b86c6addd8c7a17853a178 
Number of updated asset objects reloaded before import = 0Number of asset objects unloaded after import = 2

========================================================================
Received Import Request.
  Time since last request: 1.937533 seconds.
  path: Assets/Downloaded/shashirajproductions/Deadly_Creatures_Pack1_v1/Audio/SFX/Deadly_Creatures_Growls_Roars_v1_(8).wav
  importAddress: Guid(d91b0e7717455984386e68351a81513f) Importer(815301076,1909f56bfc062723c751e8b465ee728b)
Start importing Assets/Downloaded/shashirajproductions/Deadly_Creatures_Pack1_v1/Audio/SFX/Deadly_Creatures_Growls_Roars_v1_(8).wav using Guid(d91b0e7717455984386e68351a81513f) Importer(815301076,1909f56bfc062723c751e8b465ee728b) (PreviewImporter) -> (Import Result ID: '5a033fc5d22d4db3c922c1dc144490e0') in 0.0260688 seconds [static and dynamic dependencies]. Details - ImportResultOutputID=95f2e76669b197679430aabf6579774c DependenciesID=d5ec5ebd3f4d5bb88bfd5de106e7551e StaticDependenciesID=2fc4e7a80df80f5b7d5c78b5fffad618 
Number of updated asset objects reloaded before import = 0Number of asset objects unloaded after import = 2

========================================================================
Received Import Request.
  Time since last request: 3.536508 seconds.
  path: Assets/Downloaded/shashirajproductions/Deadly_Creatures_Pack1_v1/Audio/SFX/Deadly_Creatures_Growls_Roars_v1_(10).wav
  importAddress: Guid(7450c71ac9cb1ac4e9c9414f4e92adf1) Importer(815301076,1909f56bfc062723c751e8b465ee728b)
Start importing Assets/Downloaded/shashirajproductions/Deadly_Creatures_Pack1_v1/Audio/SFX/Deadly_Creatures_Growls_Roars_v1_(10).wav using Guid(7450c71ac9cb1ac4e9c9414f4e92adf1) Importer(815301076,1909f56bfc062723c751e8b465ee728b) (PreviewImporter) -> (Import Result ID: '3ddbfd07c4698616314324d2212ca2e9') in 0.0240293 seconds [static and dynamic dependencies]. Details - ImportResultOutputID=3c4416659d2913ccd58dd17c4f8e6e35 DependenciesID=38854d3775aedf53961d9cab4c418cb9 StaticDependenciesID=0512a55a2de9ab92593b78cd0fe057dc 
Number of updated asset objects reloaded before import = 0Number of asset objects unloaded after import = 2

========================================================================
Received Import Request.
  Time since last request: 64.035435 seconds.
  path: Assets/Prefabs/Monster.prefab
  importAddress: Guid(4840e46046c17a34382419fac1454937) Importer(815301076,1909f56bfc062723c751e8b465ee728b)
Start importing Assets/Prefabs/Monster.prefab using Guid(4840e46046c17a34382419fac1454937) Importer(815301076,1909f56bfc062723c751e8b465ee728b) (PreviewImporter) -> (Import Result ID: 'dfb220b7ab75af91753fdcdd3a006cdf') in 0.7510887 seconds [static and dynamic dependencies]. Details - ImportResultOutputID=802f757328348a943022443f9538ed35 DependenciesID=8b210e34d9125bced57a164ff04e7784 StaticDependenciesID=e101d95ec4a3e2bc6b1e1cda0c3425ee 
Number of updated asset objects reloaded before import = 0Number of asset objects unloaded after import = 152

========================================================================
Received Import Request.
  Time since last request: 11.304491 seconds.
  path: Assets/Prefabs/Monster.prefab
  importAddress: Guid(4840e46046c17a34382419fac1454937) Importer(815301076,1909f56bfc062723c751e8b465ee728b)
Start importing Assets/Prefabs/Monster.prefab using Guid(4840e46046c17a34382419fac1454937) Importer(815301076,1909f56bfc062723c751e8b465ee728b) (PreviewImporter) -> (Import Result ID: '6ef92e8cc8e55acc996d903265e98bac') in 0.0337021 seconds [static and dynamic dependencies]. Details - ImportResultOutputID=802f757328348a943022443f9538ed35 DependenciesID=4b6342bd5a265e553a928d69067898bc StaticDependenciesID=95c8d07209c52df7421063660d5f580d 
Number of updated asset objects reloaded before import = 0Number of asset objects unloaded after import = 153

========================================================================
Received Import Request.
  Time since last request: 1.701057 seconds.
  path: Assets/Prefabs/Monster.prefab
  importAddress: Guid(4840e46046c17a34382419fac1454937) Importer(815301076,1909f56bfc062723c751e8b465ee728b)
Start importing Assets/Prefabs/Monster.prefab using Guid(4840e46046c17a34382419fac1454937) Importer(815301076,1909f56bfc062723c751e8b465ee728b) (PreviewImporter) -> (Import Result ID: '99927349cf92aed3e4ff424005499d71') in 0.0340085 seconds [static and dynamic dependencies]. Details - ImportResultOutputID=802f757328348a943022443f9538ed35 DependenciesID=8370a2f704ea92827ba0e6d491b679fe StaticDependenciesID=06db0405e4542f5b3fa10447614b6d81 
Number of updated asset objects reloaded before import = 0Number of asset objects unloaded after import = 154

========================================================================
Received Import Request.
  Time since last request: 8.456206 seconds.
  path: Assets/Prefabs/Monster.prefab
  importAddress: Guid(4840e46046c17a34382419fac1454937) Importer(815301076,1909f56bfc062723c751e8b465ee728b)
Start importing Assets/Prefabs/Monster.prefab using Guid(4840e46046c17a34382419fac1454937) Importer(815301076,1909f56bfc062723c751e8b465ee728b) (PreviewImporter) -> (Import Result ID: 'ee839974e207d15fa8b08c1419eda7de') in 0.0334216 seconds [static and dynamic dependencies]. Details - ImportResultOutputID=802f757328348a943022443f9538ed35 DependenciesID=9608aff5b41c2fb5bb7596f9973dd0f2 StaticDependenciesID=7dd1424f4e0b841c1ee10a70ceea2213 
Number of updated asset objects reloaded before import = 0Number of asset objects unloaded after import = 154

========================================================================
Received Import Request.
  Time since last request: 4.634425 seconds.
  path: Assets/Prefabs/Monster.prefab
  importAddress: Guid(4840e46046c17a34382419fac1454937) Importer(815301076,1909f56bfc062723c751e8b465ee728b)
Start importing Assets/Prefabs/Monster.prefab using Guid(4840e46046c17a34382419fac1454937) Importer(815301076,1909f56bfc062723c751e8b465ee728b) (PreviewImporter) -> (Import Result ID: '398e89fa76d4988b3a925116d667bf1c') in 0.0359675 seconds [static and dynamic dependencies]. Details - ImportResultOutputID=802f757328348a943022443f9538ed35 DependenciesID=c9c1ad091e8b647933a523846513101d StaticDependenciesID=0185b0b02b1904d0f564a3d032931029 
Number of updated asset objects reloaded before import = 0Number of asset objects unloaded after import = 154

========================================================================
Received Import Request.
  Time since last request: 7.358732 seconds.
  path: Assets/Prefabs/Monster.prefab
  importAddress: Guid(4840e46046c17a34382419fac1454937) Importer(815301076,1909f56bfc062723c751e8b465ee728b)
Start importing Assets/Prefabs/Monster.prefab using Guid(4840e46046c17a34382419fac1454937) Importer(815301076,1909f56bfc062723c751e8b465ee728b) (PreviewImporter) -> (Import Result ID: 'b5421bb579806cd01e47eca393553cc7') in 0.0418173 seconds [static and dynamic dependencies]. Details - ImportResultOutputID=802f757328348a943022443f9538ed35 DependenciesID=813d60d7aa363956469ea416f889a5dd StaticDependenciesID=b5abcaacf475dec44efc0265f470e22e 
Number of updated asset objects reloaded before import = 0Number of asset objects unloaded after import = 154

========================================================================
Received Import Request.
  Time since last request: 7.596961 seconds.
  path: Assets/Prefabs/Monster.prefab
  importAddress: Guid(4840e46046c17a34382419fac1454937) Importer(815301076,1909f56bfc062723c751e8b465ee728b)
Start importing Assets/Prefabs/Monster.prefab using Guid(4840e46046c17a34382419fac1454937) Importer(815301076,1909f56bfc062723c751e8b465ee728b) (PreviewImporter) -> (Import Result ID: 'c8ddda2b48fef0cb687eb271590bc7d4') in 0.0943999 seconds [static and dynamic dependencies]. Details - ImportResultOutputID=802f757328348a943022443f9538ed35 DependenciesID=5d2d008de9b4d9896186fd0a02c4cc46 StaticDependenciesID=9ab424007af79e42bc278c4dafdd63b1 
Number of updated asset objects reloaded before import = 0Number of asset objects unloaded after import = 154

========================================================================
Received Import Request.
  Time since last request: 9.011124 seconds.
  path: Assets/Prefabs/Monster.prefab
  importAddress: Guid(4840e46046c17a34382419fac1454937) Importer(815301076,1909f56bfc062723c751e8b465ee728b)
Start importing Assets/Prefabs/Monster.prefab using Guid(4840e46046c17a34382419fac1454937) Importer(815301076,1909f56bfc062723c751e8b465ee728b) (PreviewImporter) -> (Import Result ID: 'b5f94948603aeed47b40c9b4e28fad0e') in 0.0348761 seconds [static and dynamic dependencies]. Details - ImportResultOutputID=802f757328348a943022443f9538ed35 DependenciesID=bcacb5b3857d277280c1934b30c5b816 StaticDependenciesID=cc0d7222e2efc5fed265ab685bca5554 
Number of updated asset objects reloaded before import = 0Number of asset objects unloaded after import = 154

========================================================================
Received Import Request.
  Time since last request: 11.698355 seconds.
  path: Assets/Prefabs/Monster.prefab
  importAddress: Guid(4840e46046c17a34382419fac1454937) Importer(815301076,1909f56bfc062723c751e8b465ee728b)
Start importing Assets/Prefabs/Monster.prefab using Guid(4840e46046c17a34382419fac1454937) Importer(815301076,1909f56bfc062723c751e8b465ee728b) (PreviewImporter) -> (Import Result ID: '9daae2d3408fd559392f50f1de6e8c59') in 0.0312304 seconds [static and dynamic dependencies]. Details - ImportResultOutputID=802f757328348a943022443f9538ed35 DependenciesID=6bb82d2745e8d3f7efef9705ed289d13 StaticDependenciesID=dc599755ea66702740ee7c2032163e7d 
Number of updated asset objects reloaded before import = 0Number of asset objects unloaded after import = 154

========================================================================
Received Import Request.
  Time since last request: 12.319451 seconds.
  path: Assets/Prefabs/Monster.prefab
  importAddress: Guid(4840e46046c17a34382419fac1454937) Importer(815301076,1909f56bfc062723c751e8b465ee728b)
Start importing Assets/Prefabs/Monster.prefab using Guid(4840e46046c17a34382419fac1454937) Importer(815301076,1909f56bfc062723c751e8b465ee728b) (PreviewImporter) -> (Import Result ID: '81ddb543c0125ad268b0aefaf4bcb057') in 0.0326637 seconds [static and dynamic dependencies]. Details - ImportResultOutputID=802f757328348a943022443f9538ed35 DependenciesID=d33070b3e20362410fe4cd7903f8519c StaticDependenciesID=2a1610c4f61a372e281ff6c39c7638ca 
Number of updated asset objects reloaded before import = 0Number of asset objects unloaded after import = 154

========================================================================
Received Import Request.
  Time since last request: 9.418449 seconds.
  path: Assets/Prefabs/Monster.prefab
  importAddress: Guid(4840e46046c17a34382419fac1454937) Importer(815301076,1909f56bfc062723c751e8b465ee728b)
Start importing Assets/Prefabs/Monster.prefab using Guid(4840e46046c17a34382419fac1454937) Importer(815301076,1909f56bfc062723c751e8b465ee728b) (PreviewImporter) -> (Import Result ID: 'eb4a4b12e0201ab294158b748c0e4288') in 0.0335828 seconds [static and dynamic dependencies]. Details - ImportResultOutputID=802f757328348a943022443f9538ed35 DependenciesID=1c083bf6e4e0747364d023c14e6d4823 StaticDependenciesID=f06d0dcf0035dfb89d1a983421b66a82 
Number of updated asset objects reloaded before import = 0Number of asset objects unloaded after import = 154

========================================================================
Received Import Request.
  Time since last request: 18.897869 seconds.
  path: Assets/Prefabs/Monster.prefab
  importAddress: Guid(4840e46046c17a34382419fac1454937) Importer(815301076,1909f56bfc062723c751e8b465ee728b)
Start importing Assets/Prefabs/Monster.prefab using Guid(4840e46046c17a34382419fac1454937) Importer(815301076,1909f56bfc062723c751e8b465ee728b) (PreviewImporter) -> (Import Result ID: '71a701d0b10f2586ff15c5ed6c6bdff9') in 0.0331292 seconds [static and dynamic dependencies]. Details - ImportResultOutputID=802f757328348a943022443f9538ed35 DependenciesID=e9750de065c927830c7535f3fad7da92 StaticDependenciesID=01bb60d3c2bba79207c9164879793dfb 
Number of updated asset objects reloaded before import = 0Number of asset objects unloaded after import = 154

========================================================================
Received Import Request.
  Time since last request: 2.249699 seconds.
  path: Assets/Prefabs/Monster.prefab
  importAddress: Guid(4840e46046c17a34382419fac1454937) Importer(815301076,1909f56bfc062723c751e8b465ee728b)
Start importing Assets/Prefabs/Monster.prefab using Guid(4840e46046c17a34382419fac1454937) Importer(815301076,1909f56bfc062723c751e8b465ee728b) (PreviewImporter) -> (Import Result ID: '0e2aa30946aacc666370ba1bcd4cd370') in 0.0321516 seconds [static and dynamic dependencies]. Details - ImportResultOutputID=802f757328348a943022443f9538ed35 DependenciesID=4e5d0d84fe204425ed7dacb6579e214a StaticDependenciesID=8fca4da602893fc9817a701670d33a84 
Number of updated asset objects reloaded before import = 0Number of asset objects unloaded after import = 154

========================================================================
Received Import Request.
  Time since last request: 8.578376 seconds.
  path: Assets/Prefabs/Monster.prefab
  importAddress: Guid(4840e46046c17a34382419fac1454937) Importer(815301076,1909f56bfc062723c751e8b465ee728b)
Start importing Assets/Prefabs/Monster.prefab using Guid(4840e46046c17a34382419fac1454937) Importer(815301076,1909f56bfc062723c751e8b465ee728b) (PreviewImporter) -> (Import Result ID: '3da71b80d4939650468297732d74637c') in 0.0314873 seconds [static and dynamic dependencies]. Details - ImportResultOutputID=802f757328348a943022443f9538ed35 DependenciesID=079548410c963e62d9289ffc87cb23bf StaticDependenciesID=6452dcc4f02e685cdd088be85067d4a5 
Number of updated asset objects reloaded before import = 0Number of asset objects unloaded after import = 154

========================================================================
Received Prepare
Begin MonoManager ReloadAssembly
[Licensing::Client] Successfully resolved entitlement details
ADTM: Control thread waiting for realtime thread timed out, have to lock...
Assembly Assembly-CSharp-Editor-firstpass.dll at Library/ScriptAssemblies/Assembly-CSharp-Editor-firstpass.dll not valid. Loading of assembly skipped.
Assembly Assembly-CSharp-firstpass.dll at Library/ScriptAssemblies/Assembly-CSharp-firstpass.dll not valid. Loading of assembly skipped.
Assembly DocCodeExamples.dll at Library/ScriptAssemblies/DocCodeExamples.dll not valid. Loading of assembly skipped.
Assembly TestNewCustomAssembly.dll at Library/ScriptAssemblies/TestNewCustomAssembly.dll not valid. Loading of assembly skipped.
Assembly Unity.2D.Sprite.Package.EditorTests.dll at Library/ScriptAssemblies/Unity.2D.Sprite.Package.EditorTests.dll not valid. Loading of assembly skipped.
Assembly Unity.Collections.BurstCompatibilityGen.dll at Library/ScriptAssemblies/Unity.Collections.BurstCompatibilityGen.dll not valid. Loading of assembly skipped.
Assembly Unity.Collections.DocCodeSamples.dll at Library/ScriptAssemblies/Unity.Collections.DocCodeSamples.dll not valid. Loading of assembly skipped.
Assembly Unity.Collections.PerformanceTests.dll at Library/ScriptAssemblies/Unity.Collections.PerformanceTests.dll not valid. Loading of assembly skipped.
Assembly Unity.Collections.Tests.dll at Library/ScriptAssemblies/Unity.Collections.Tests.dll not valid. Loading of assembly skipped.
Assembly Unity.Collections.Tests.Playmode.dll at Library/ScriptAssemblies/Unity.Collections.Tests.Playmode.dll not valid. Loading of assembly skipped.
Assembly Unity.InputSystem.IntegrationTests.dll at Library/ScriptAssemblies/Unity.InputSystem.IntegrationTests.dll not valid. Loading of assembly skipped.
Assembly Unity.Mathematics.Tests.dll at Library/ScriptAssemblies/Unity.Mathematics.Tests.dll not valid. Loading of assembly skipped.
Assembly Unity.Multiplayer.Center.Editor.Tests.dll at Library/ScriptAssemblies/Unity.Multiplayer.Center.Editor.Tests.dll not valid. Loading of assembly skipped.
Assembly Unity.Multiplayer.Center.Tests.dll at Library/ScriptAssemblies/Unity.Multiplayer.Center.Tests.dll not valid. Loading of assembly skipped.
Assembly Unity.Nuget.Mono-Cecil.dll at Library/ScriptAssemblies/Unity.Nuget.Mono-Cecil.dll not valid. Loading of assembly skipped.
Assembly Unity.PathTracing.Editor.Tests.dll at Library/ScriptAssemblies/Unity.PathTracing.Editor.Tests.dll not valid. Loading of assembly skipped.
Assembly Unity.PathTracing.Runtime.Tests.dll at Library/ScriptAssemblies/Unity.PathTracing.Runtime.Tests.dll not valid. Loading of assembly skipped.
Assembly Unity.RenderPipelines.Core.Editor.Tests.dll at Library/ScriptAssemblies/Unity.RenderPipelines.Core.Editor.Tests.dll not valid. Loading of assembly skipped.
Assembly Unity.RenderPipelines.Core.Runtime.Tests.dll at Library/ScriptAssemblies/Unity.RenderPipelines.Core.Runtime.Tests.dll not valid. Loading of assembly skipped.
Assembly Unity.RenderPipelines.Universal.Config.Editor.Tests.dll at Library/ScriptAssemblies/Unity.RenderPipelines.Universal.Config.Editor.Tests.dll not valid. Loading of assembly skipped.
Assembly Unity.RenderPipelines.Universal.Editor.Tests.dll at Library/ScriptAssemblies/Unity.RenderPipelines.Universal.Editor.Tests.dll not valid. Loading of assembly skipped.
Assembly Unity.RenderPipelines.Universal.Runtime.Tests.dll at Library/ScriptAssemblies/Unity.RenderPipelines.Universal.Runtime.Tests.dll not valid. Loading of assembly skipped.
Assembly Unity.Searcher.EditorTests.dll at Library/ScriptAssemblies/Unity.Searcher.EditorTests.dll not valid. Loading of assembly skipped.
Assembly Unity.ShaderGraph.Editor.Tests.dll at Library/ScriptAssemblies/Unity.ShaderGraph.Editor.Tests.dll not valid. Loading of assembly skipped.
Assembly Unity.TextMeshPro.Editor.Tests.dll at Library/ScriptAssemblies/Unity.TextMeshPro.Editor.Tests.dll not valid. Loading of assembly skipped.
Assembly Unity.TextMeshPro.Tests.dll at Library/ScriptAssemblies/Unity.TextMeshPro.Tests.dll not valid. Loading of assembly skipped.
Assembly Unity.UnifiedRayTracing.Editor.Tests.dll at Library/ScriptAssemblies/Unity.UnifiedRayTracing.Editor.Tests.dll not valid. Loading of assembly skipped.
Assembly UnityEditor.UI.Common.Tests.dll at Library/ScriptAssemblies/UnityEditor.UI.Common.Tests.dll not valid. Loading of assembly skipped.
Assembly UnityEditor.UI.EditorTests.dll at Library/ScriptAssemblies/UnityEditor.UI.EditorTests.dll not valid. Loading of assembly skipped.
Assembly UnityEngine.UI.Tests.dll at Library/ScriptAssemblies/UnityEngine.UI.Tests.dll not valid. Loading of assembly skipped.
Refreshing native plugins compatible for Editor in 3.32 ms, found 4 plugins.
Native extension for WindowsStandalone target not found
Native extension for WebGL target not found
[Package Manager] Failed to launch server process. Reason: Unity was launched with the -noUpm command-line argument
[Package Manager] Unable to send message (not connected to server process).
[Package Manager] Cannot connect to Unity Package Manager local server
[Package Manager] Failed to launch server process. Reason: Unity was launched with the -noUpm command-line argument
[Package Manager] Unable to send message (not connected to server process).
[Package Manager] Cannot connect to Unity Package Manager local server
ScheduleIndexationOnStartup MainProcess:False IndexOnStartup:True
Mono: successfully reloaded assembly
- Finished resetting the current domain, in  1.356 seconds
Domain Reload Profiling: 3603ms
	BeginReloadAssembly (1382ms)
		DisableScriptedObjects (34ms)
		CreateAndSetChildDomain (1072ms)
	RebuildCommonClasses (56ms)
	RebuildNativeTypeToScriptingClass (20ms)
	initialDomainReloadingComplete (95ms)
	LoadAllAssembliesAndSetupDomain (694ms)
		LoadAssemblies (563ms)
		AnalyzeDomain (321ms)
			TypeCache.Refresh (16ms)
			BuildScriptInfoCaches (283ms)
			ResolveRequiredComponents (18ms)
	FinalizeReload (1357ms)
		SetupLoadedEditorAssemblies (0ms)
			InitializePlatformSupportModulesInManaged (4ms)
			BeforeProcessingInitializeOnLoad (218ms)
			ProcessInitializeOnLoadAttributes (699ms)
			ProcessInitializeOnLoadMethodAttributes (120ms)
			AfterProcessingInitializeOnLoad (3ms)
		AwakeInstancesAfterBackupRestoration (25ms)
Refreshing native plugins compatible for Editor in 3.40 ms, found 4 plugins.
Unloading 24 Unused Serialized files (Serialized files now loaded: 0)
Unloading 6634 unused Assets / (5.3 MB). Loaded Objects now: 7537.
Memory consumption went from 176.3 MB to 171.0 MB.
Total: 11.612800 ms (FindLiveObjects: 0.871400 ms CreateObjectMapping: 0.765500 ms MarkObjects: 7.119500 ms  DeleteObjects: 2.854100 ms)

Prepare: number of updated asset objects reloaded= 0
========================================================================
Received Prepare
Refreshing native plugins compatible for Editor in 19.50 ms, found 4 plugins.
Unloading 24 Unused Serialized files (Serialized files now loaded: 0)
Unloading 6622 unused Assets / (3.8 MB). Loaded Objects now: 7537.
Memory consumption went from 179.4 MB to 175.6 MB.
Total: 67.356900 ms (FindLiveObjects: 2.746000 ms CreateObjectMapping: 2.026800 ms MarkObjects: 23.611400 ms  DeleteObjects: 38.969700 ms)

Prepare: number of updated asset objects reloaded= 0
========================================================================
Received Import Request.
  Time since last request: 312.846789 seconds.
  path: Assets/Prefabs/Monster.prefab
  importAddress: Guid(4840e46046c17a34382419fac1454937) Importer(815301076,1909f56bfc062723c751e8b465ee728b)
Start importing Assets/Prefabs/Monster.prefab using Guid(4840e46046c17a34382419fac1454937) Importer(815301076,1909f56bfc062723c751e8b465ee728b) (PreviewImporter) -> (Import Result ID: '188f78dd59dde2755abfa6a429605e76') in 2.4836664 seconds [static and dynamic dependencies]. Details - ImportResultOutputID=802f757328348a943022443f9538ed35 DependenciesID=f1542129366670f993ae3e6d661bde62 StaticDependenciesID=6452dcc4f02e685cdd088be85067d4a5 
Number of updated asset objects reloaded before import = 0Number of asset objects unloaded after import = 154

========================================================================
Received Prepare
Begin MonoManager ReloadAssembly
[Licensing::Client] Successfully resolved entitlement details
ADTM: Control thread waiting for realtime thread timed out, have to lock...
Assembly Assembly-CSharp-Editor-firstpass.dll at Library/ScriptAssemblies/Assembly-CSharp-Editor-firstpass.dll not valid. Loading of assembly skipped.
Assembly Assembly-CSharp-firstpass.dll at Library/ScriptAssemblies/Assembly-CSharp-firstpass.dll not valid. Loading of assembly skipped.
Assembly DocCodeExamples.dll at Library/ScriptAssemblies/DocCodeExamples.dll not valid. Loading of assembly skipped.
Assembly TestNewCustomAssembly.dll at Library/ScriptAssemblies/TestNewCustomAssembly.dll not valid. Loading of assembly skipped.
Assembly Unity.2D.Sprite.Package.EditorTests.dll at Library/ScriptAssemblies/Unity.2D.Sprite.Package.EditorTests.dll not valid. Loading of assembly skipped.
Assembly Unity.Collections.BurstCompatibilityGen.dll at Library/ScriptAssemblies/Unity.Collections.BurstCompatibilityGen.dll not valid. Loading of assembly skipped.
Assembly Unity.Collections.DocCodeSamples.dll at Library/ScriptAssemblies/Unity.Collections.DocCodeSamples.dll not valid. Loading of assembly skipped.
Assembly Unity.Collections.PerformanceTests.dll at Library/ScriptAssemblies/Unity.Collections.PerformanceTests.dll not valid. Loading of assembly skipped.
Assembly Unity.Collections.Tests.dll at Library/ScriptAssemblies/Unity.Collections.Tests.dll not valid. Loading of assembly skipped.
Assembly Unity.Collections.Tests.Playmode.dll at Library/ScriptAssemblies/Unity.Collections.Tests.Playmode.dll not valid. Loading of assembly skipped.
Assembly Unity.InputSystem.IntegrationTests.dll at Library/ScriptAssemblies/Unity.InputSystem.IntegrationTests.dll not valid. Loading of assembly skipped.
Assembly Unity.Mathematics.Tests.dll at Library/ScriptAssemblies/Unity.Mathematics.Tests.dll not valid. Loading of assembly skipped.
Assembly Unity.Multiplayer.Center.Editor.Tests.dll at Library/ScriptAssemblies/Unity.Multiplayer.Center.Editor.Tests.dll not valid. Loading of assembly skipped.
Assembly Unity.Multiplayer.Center.Tests.dll at Library/ScriptAssemblies/Unity.Multiplayer.Center.Tests.dll not valid. Loading of assembly skipped.
Assembly Unity.Nuget.Mono-Cecil.dll at Library/ScriptAssemblies/Unity.Nuget.Mono-Cecil.dll not valid. Loading of assembly skipped.
Assembly Unity.PathTracing.Editor.Tests.dll at Library/ScriptAssemblies/Unity.PathTracing.Editor.Tests.dll not valid. Loading of assembly skipped.
Assembly Unity.PathTracing.Runtime.Tests.dll at Library/ScriptAssemblies/Unity.PathTracing.Runtime.Tests.dll not valid. Loading of assembly skipped.
Assembly Unity.RenderPipelines.Core.Editor.Tests.dll at Library/ScriptAssemblies/Unity.RenderPipelines.Core.Editor.Tests.dll not valid. Loading of assembly skipped.
Assembly Unity.RenderPipelines.Core.Runtime.Tests.dll at Library/ScriptAssemblies/Unity.RenderPipelines.Core.Runtime.Tests.dll not valid. Loading of assembly skipped.
Assembly Unity.RenderPipelines.Universal.Config.Editor.Tests.dll at Library/ScriptAssemblies/Unity.RenderPipelines.Universal.Config.Editor.Tests.dll not valid. Loading of assembly skipped.
Assembly Unity.RenderPipelines.Universal.Editor.Tests.dll at Library/ScriptAssemblies/Unity.RenderPipelines.Universal.Editor.Tests.dll not valid. Loading of assembly skipped.
Assembly Unity.RenderPipelines.Universal.Runtime.Tests.dll at Library/ScriptAssemblies/Unity.RenderPipelines.Universal.Runtime.Tests.dll not valid. Loading of assembly skipped.
Assembly Unity.Searcher.EditorTests.dll at Library/ScriptAssemblies/Unity.Searcher.EditorTests.dll not valid. Loading of assembly skipped.
Assembly Unity.ShaderGraph.Editor.Tests.dll at Library/ScriptAssemblies/Unity.ShaderGraph.Editor.Tests.dll not valid. Loading of assembly skipped.
Assembly Unity.TextMeshPro.Editor.Tests.dll at Library/ScriptAssemblies/Unity.TextMeshPro.Editor.Tests.dll not valid. Loading of assembly skipped.
Assembly Unity.TextMeshPro.Tests.dll at Library/ScriptAssemblies/Unity.TextMeshPro.Tests.dll not valid. Loading of assembly skipped.
Assembly Unity.UnifiedRayTracing.Editor.Tests.dll at Library/ScriptAssemblies/Unity.UnifiedRayTracing.Editor.Tests.dll not valid. Loading of assembly skipped.
Assembly UnityEditor.UI.Common.Tests.dll at Library/ScriptAssemblies/UnityEditor.UI.Common.Tests.dll not valid. Loading of assembly skipped.
Assembly UnityEditor.UI.EditorTests.dll at Library/ScriptAssemblies/UnityEditor.UI.EditorTests.dll not valid. Loading of assembly skipped.
Assembly UnityEngine.UI.Tests.dll at Library/ScriptAssemblies/UnityEngine.UI.Tests.dll not valid. Loading of assembly skipped.
Refreshing native plugins compatible for Editor in 2.90 ms, found 4 plugins.
Native extension for WindowsStandalone target not found
Native extension for WebGL target not found
[Package Manager] Failed to launch server process. Reason: Unity was launched with the -noUpm command-line argument
[Package Manager] Unable to send message (not connected to server process).
[Package Manager] Cannot connect to Unity Package Manager local server
[Package Manager] Failed to launch server process. Reason: Unity was launched with the -noUpm command-line argument
[Package Manager] Unable to send message (not connected to server process).
[Package Manager] Cannot connect to Unity Package Manager local server
ScheduleIndexationOnStartup MainProcess:False IndexOnStartup:True
Mono: successfully reloaded assembly
- Finished resetting the current domain, in  1.341 seconds
Domain Reload Profiling: 3633ms
	BeginReloadAssembly (1380ms)
		DisableScriptedObjects (32ms)
		CreateAndSetChildDomain (1071ms)
	RebuildCommonClasses (64ms)
	RebuildNativeTypeToScriptingClass (19ms)
	initialDomainReloadingComplete (103ms)
	LoadAllAssembliesAndSetupDomain (725ms)
		LoadAssemblies (574ms)
		AnalyzeDomain (341ms)
			TypeCache.Refresh (17ms)
			BuildScriptInfoCaches (301ms)
			ResolveRequiredComponents (20ms)
	FinalizeReload (1341ms)
		SetupLoadedEditorAssemblies (0ms)
			InitializePlatformSupportModulesInManaged (4ms)
			BeforeProcessingInitializeOnLoad (224ms)
			ProcessInitializeOnLoadAttributes (681ms)
			ProcessInitializeOnLoadMethodAttributes (117ms)
			AfterProcessingInitializeOnLoad (3ms)
		AwakeInstancesAfterBackupRestoration (25ms)
Refreshing native plugins compatible for Editor in 2.91 ms, found 4 plugins.
Unloading 24 Unused Serialized files (Serialized files now loaded: 0)
Unloading 6634 unused Assets / (5.1 MB). Loaded Objects now: 7560.
Memory consumption went from 176.4 MB to 171.3 MB.
Total: 11.940200 ms (FindLiveObjects: 0.964700 ms CreateObjectMapping: 0.760400 ms MarkObjects: 7.644200 ms  DeleteObjects: 2.569500 ms)

Prepare: number of updated asset objects reloaded= 0
========================================================================
Received Import Request.
  Time since last request: 261.148909 seconds.
  path: Assets/Prefabs/Monster.prefab
  importAddress: Guid(4840e46046c17a34382419fac1454937) Importer(815301076,1909f56bfc062723c751e8b465ee728b)
Start importing Assets/Prefabs/Monster.prefab using Guid(4840e46046c17a34382419fac1454937) Importer(815301076,1909f56bfc062723c751e8b465ee728b) (PreviewImporter) -> (Import Result ID: '6783eb7058093485471a1ebfe269f075') in 0.7669841 seconds [static and dynamic dependencies]. Details - ImportResultOutputID=802f757328348a943022443f9538ed35 DependenciesID=365aca8387e7f25512e8fbede7bb900b StaticDependenciesID=7a57baa8aa9da1dc8bd34b550ebf4385 
Number of updated asset objects reloaded before import = 0Number of asset objects unloaded after import = 155

========================================================================
Received Import Request.
  Time since last request: 4.681016 seconds.
  path: Assets/Prefabs/Monster.prefab
  importAddress: Guid(4840e46046c17a34382419fac1454937) Importer(815301076,1909f56bfc062723c751e8b465ee728b)
Start importing Assets/Prefabs/Monster.prefab using Guid(4840e46046c17a34382419fac1454937) Importer(815301076,1909f56bfc062723c751e8b465ee728b) (PreviewImporter) -> (Import Result ID: '614056dde7d69b95e4bc3e56466bdcf9') in 0.03209 seconds [static and dynamic dependencies]. Details - ImportResultOutputID=802f757328348a943022443f9538ed35 DependenciesID=a762a791ece53d984eef93be786c1fd0 StaticDependenciesID=860b02788b8b332f1cfaffe508c9fccf 
Number of updated asset objects reloaded before import = 0Number of asset objects unloaded after import = 156

========================================================================
Received Import Request.
  Time since last request: 11.271139 seconds.
  path: Assets/Downloaded/shashirajproductions/Deadly_Creatures_Pack1_v1/Audio/SFX/Deadly_Creatures_Growls_Roars_v1_(6).wav
  importAddress: Guid(28a24316f79076e41af8a0acc77fe4a1) Importer(815301076,1909f56bfc062723c751e8b465ee728b)
Start importing Assets/Downloaded/shashirajproductions/Deadly_Creatures_Pack1_v1/Audio/SFX/Deadly_Creatures_Growls_Roars_v1_(6).wav using Guid(28a24316f79076e41af8a0acc77fe4a1) Importer(815301076,1909f56bfc062723c751e8b465ee728b) (PreviewImporter) -> (Import Result ID: 'd6d461fa78c8ddc7616cb86497b96f5d') in 0.0318408 seconds [static and dynamic dependencies]. Details - ImportResultOutputID=2269775eb9aa231af9be50a7bd100483 DependenciesID=54be6cc513d2526111aea2e59c5ebf16 StaticDependenciesID=8dca21e3db8aa29e1aa980524e1fd23a 
Number of updated asset objects reloaded before import = 0Number of asset objects unloaded after import = 2

========================================================================
Received Import Request.
  Time since last request: 8.859045 seconds.
  path: Assets/Downloaded/shashirajproductions/Deadly_Creatures_Pack1_v1/Audio/SFX/Deadly_Creatures_Growls_Roars_v1_(9).wav
  importAddress: Guid(5b2935ea7dc7c7445a95ec9f5a322401) Importer(815301076,1909f56bfc062723c751e8b465ee728b)
Start importing Assets/Downloaded/shashirajproductions/Deadly_Creatures_Pack1_v1/Audio/SFX/Deadly_Creatures_Growls_Roars_v1_(9).wav using Guid(5b2935ea7dc7c7445a95ec9f5a322401) Importer(815301076,1909f56bfc062723c751e8b465ee728b) (PreviewImporter) -> (Import Result ID: '2fdb68dcdf6ce0fe81dc4b0c19d14e05') in 0.0247003 seconds [static and dynamic dependencies]. Details - ImportResultOutputID=cbf3e7f1d15b111d16f9bf8660905ae0 DependenciesID=94d425cd611be5c9f772967a3a0ef02a StaticDependenciesID=e78c90ee7611f05fa8d647c17966ed9d 
Number of updated asset objects reloaded before import = 0Number of asset objects unloaded after import = 2

========================================================================
Received Import Request.
  Time since last request: 9.093794 seconds.
  path: Assets/Downloaded/shashirajproductions/Deadly_Creatures_Pack1_v1/Audio/SFX/Deadly_Creatures_Fleshy_Anger_v1_(1).wav
  importAddress: Guid(33c98ae74154ef847abda858170114c4) Importer(815301076,1909f56bfc062723c751e8b465ee728b)
Start importing Assets/Downloaded/shashirajproductions/Deadly_Creatures_Pack1_v1/Audio/SFX/Deadly_Creatures_Fleshy_Anger_v1_(1).wav using Guid(33c98ae74154ef847abda858170114c4) Importer(815301076,1909f56bfc062723c751e8b465ee728b) (PreviewImporter) -> (Import Result ID: '47175fe67a8c323d3cce8f26d7bd7c5a') in 0.0277556 seconds [static and dynamic dependencies]. Details - ImportResultOutputID=945ee93caccb7a8611ac860a0598c098 DependenciesID=981d78524db128292e999d08f16bce97 StaticDependenciesID=ddcad71432d79bb03a65a3d1476d4dd1 
Number of updated asset objects reloaded before import = 0Number of asset objects unloaded after import = 2

========================================================================
Received Import Request.
  Time since last request: 2.192102 seconds.
  path: Assets/Downloaded/shashirajproductions/Deadly_Creatures_Pack1_v1/Audio/SFX/Deadly_Creatures_Fleshy_Anger_v1_(2).wav
  importAddress: Guid(be700b86c47996c488b734a3c38eec4f) Importer(815301076,1909f56bfc062723c751e8b465ee728b)
Start importing Assets/Downloaded/shashirajproductions/Deadly_Creatures_Pack1_v1/Audio/SFX/Deadly_Creatures_Fleshy_Anger_v1_(2).wav using Guid(be700b86c47996c488b734a3c38eec4f) Importer(815301076,1909f56bfc062723c751e8b465ee728b) (PreviewImporter) -> (Import Result ID: 'd79f9abe1159aa4fe361d3c74b11a8d1') in 0.0292272 seconds [static and dynamic dependencies]. Details - ImportResultOutputID=a445860af48559a13a7bf85bf3e86773 DependenciesID=81e29e79d9cb783897cf702cfa36249a StaticDependenciesID=e8b616837f7703e2443ccfd73713cf88 
Number of updated asset objects reloaded before import = 0Number of asset objects unloaded after import = 2

========================================================================
Received Import Request.
  Time since last request: 1.610956 seconds.
  path: Assets/Downloaded/shashirajproductions/Deadly_Creatures_Pack1_v1/Audio/SFX/Deadly_Creatures_Fleshy_Anger_v1_(3).wav
  importAddress: Guid(14cc8c04e195f284d9ad63f0d16a25b4) Importer(815301076,1909f56bfc062723c751e8b465ee728b)
Start importing Assets/Downloaded/shashirajproductions/Deadly_Creatures_Pack1_v1/Audio/SFX/Deadly_Creatures_Fleshy_Anger_v1_(3).wav using Guid(14cc8c04e195f284d9ad63f0d16a25b4) Importer(815301076,1909f56bfc062723c751e8b465ee728b) (PreviewImporter) -> (Import Result ID: '641d5543303892e1326a771918491201') in 0.0268569 seconds [static and dynamic dependencies]. Details - ImportResultOutputID=034a53acf88cfa22f273d346d27500fa DependenciesID=43f16395245e3b9af5a479ca4d95d83f StaticDependenciesID=4fbd771f6f77d585fbd1ce206e2082aa 
Number of updated asset objects reloaded before import = 0Number of asset objects unloaded after import = 2

========================================================================
Received Import Request.
  Time since last request: 4.199516 seconds.
  path: Assets/Downloaded/shashirajproductions/Deadly_Creatures_Pack1_v1/Audio/SFX/Deadly_Creatures_Fleshy_Anger_v1_(4).wav
  importAddress: Guid(963f169ca9bdef24a8631191c8aa5996) Importer(815301076,1909f56bfc062723c751e8b465ee728b)
Start importing Assets/Downloaded/shashirajproductions/Deadly_Creatures_Pack1_v1/Audio/SFX/Deadly_Creatures_Fleshy_Anger_v1_(4).wav using Guid(963f169ca9bdef24a8631191c8aa5996) Importer(815301076,1909f56bfc062723c751e8b465ee728b) (PreviewImporter) -> (Import Result ID: '4ee76ab603d6dbe822a1a8ed53fc84f5') in 0.024708 seconds [static and dynamic dependencies]. Details - ImportResultOutputID=e65b6b24ed2c1bfbd15d6d22d0b6dbaa DependenciesID=63715ae705bca4a9ff0b0494631ab2b4 StaticDependenciesID=926dc2f2ee352e78360762f4b104ab4d 
Number of updated asset objects reloaded before import = 0Number of asset objects unloaded after import = 2

========================================================================
Received Import Request.
  Time since last request: 3.762763 seconds.
  path: Assets/Downloaded/shashirajproductions/Deadly_Creatures_Pack1_v1/Audio/SFX/Deadly_Creatures_Growls_Roars_v1_(18).wav
  importAddress: Guid(33142aa798cacea4b9b672fbf5531fce) Importer(815301076,1909f56bfc062723c751e8b465ee728b)
Start importing Assets/Downloaded/shashirajproductions/Deadly_Creatures_Pack1_v1/Audio/SFX/Deadly_Creatures_Growls_Roars_v1_(18).wav using Guid(33142aa798cacea4b9b672fbf5531fce) Importer(815301076,1909f56bfc062723c751e8b465ee728b) (PreviewImporter) -> (Import Result ID: '30a36eb81f0dc19950269bf658115484') in 0.0332245 seconds [static and dynamic dependencies]. Details - ImportResultOutputID=2cdd76b5e9b4bf77a18a95fc57582cf5 DependenciesID=3ffcbc2ef80ee128c35ab738709c392c StaticDependenciesID=3eb7d1b5c201ec436ffab1e1c56e3390 
Number of updated asset objects reloaded before import = 0Number of asset objects unloaded after import = 2

========================================================================
Received Import Request.
  Time since last request: 3.212694 seconds.
  path: Assets/Downloaded/shashirajproductions/Deadly_Creatures_Pack1_v1/Audio/SFX/Deadly_Creatures_Growls_Roars_v1_(19).wav
  importAddress: Guid(a70723e109e6b6b4999f6259f6533023) Importer(815301076,1909f56bfc062723c751e8b465ee728b)
Start importing Assets/Downloaded/shashirajproductions/Deadly_Creatures_Pack1_v1/Audio/SFX/Deadly_Creatures_Growls_Roars_v1_(19).wav using Guid(a70723e109e6b6b4999f6259f6533023) Importer(815301076,1909f56bfc062723c751e8b465ee728b) (PreviewImporter) -> (Import Result ID: '88d3d4a17207f403748d84061b2243fa') in 0.0242925 seconds [static and dynamic dependencies]. Details - ImportResultOutputID=6c1c7bb1934dc5ec640e680fdb81155b DependenciesID=f0fbc1914c649c782b6c17d89a7b823b StaticDependenciesID=ffce7168af5f9aac355549ec6c1b3fef 
Number of updated asset objects reloaded before import = 0Number of asset objects unloaded after import = 2

========================================================================
Received Import Request.
  Time since last request: 5.638993 seconds.
  path: Assets/Downloaded/shashirajproductions/Deadly_Creatures_Pack1_v1/Audio/SFX/Deadly_Creatures_Growls_Roars_v1_(20).wav
  importAddress: Guid(8308c124a635a0e429ad6ecb72541124) Importer(815301076,1909f56bfc062723c751e8b465ee728b)
Start importing Assets/Downloaded/shashirajproductions/Deadly_Creatures_Pack1_v1/Audio/SFX/Deadly_Creatures_Growls_Roars_v1_(20).wav using Guid(8308c124a635a0e429ad6ecb72541124) Importer(815301076,1909f56bfc062723c751e8b465ee728b) (PreviewImporter) -> (Import Result ID: 'bdda31324d004988c963ff2222060907') in 0.0302207 seconds [static and dynamic dependencies]. Details - ImportResultOutputID=4cf0649e32cf5e98c573e7ca89f2e7c1 DependenciesID=9e9c9d6b3d6293ec2db01fd53bf6f81c StaticDependenciesID=929c957d6d0c648a79013c015b1c9d3e 
Number of updated asset objects reloaded before import = 0Number of asset objects unloaded after import = 2

========================================================================
Received Import Request.
  Time since last request: 3.387442 seconds.
  path: Assets/Downloaded/shashirajproductions/Deadly_Creatures_Pack1_v1/Audio/SFX/Deadly_Creatures_Growls_Roars_v1_(21).wav
  importAddress: Guid(ce05544750c6d5b4ab1f5930cbe26b4e) Importer(815301076,1909f56bfc062723c751e8b465ee728b)
Start importing Assets/Downloaded/shashirajproductions/Deadly_Creatures_Pack1_v1/Audio/SFX/Deadly_Creatures_Growls_Roars_v1_(21).wav using Guid(ce05544750c6d5b4ab1f5930cbe26b4e) Importer(815301076,1909f56bfc062723c751e8b465ee728b) (PreviewImporter) -> (Import Result ID: 'cbc63ac1a5dd2d05f736b3c310cf5c5d') in 0.0272825 seconds [static and dynamic dependencies]. Details - ImportResultOutputID=e7b848d2cd6c5c6793998169e085d92e DependenciesID=2da6499962f61486c0ce131e0af3e372 StaticDependenciesID=ad6f5139ae0c75d339827c18a1d72275 
Number of updated asset objects reloaded before import = 0Number of asset objects unloaded after import = 2

========================================================================
Received Import Request.
  Time since last request: 2.722472 seconds.
  path: Assets/Downloaded/shashirajproductions/Deadly_Creatures_Pack1_v1/Audio/SFX/Deadly_Creatures_Growls_Roars_v1_(17).wav
  importAddress: Guid(5a1966fe2578ced46986dd3a9b596843) Importer(815301076,1909f56bfc062723c751e8b465ee728b)
Start importing Assets/Downloaded/shashirajproductions/Deadly_Creatures_Pack1_v1/Audio/SFX/Deadly_Creatures_Growls_Roars_v1_(17).wav using Guid(5a1966fe2578ced46986dd3a9b596843) Importer(815301076,1909f56bfc062723c751e8b465ee728b) (PreviewImporter) -> (Import Result ID: '400f9b486536038e158d951942bc3f0e') in 0.0246299 seconds [static and dynamic dependencies]. Details - ImportResultOutputID=bad9bf7cf77a1132d3b823be62aba2ad DependenciesID=ba3a768f810d91c6362355b19194a581 StaticDependenciesID=17b0009655116ac8f5277bc77ec40ac0 
Number of updated asset objects reloaded before import = 0Number of asset objects unloaded after import = 2

========================================================================
Received Import Request.
  Time since last request: 3.424970 seconds.
  path: Assets/Downloaded/shashirajproductions/Deadly_Creatures_Pack1_v1/Audio/SFX/Deadly_Creatures_Growls_Roars_v1_(15).wav
  importAddress: Guid(a6fb22308b8d09f4fae4cac70f732e57) Importer(815301076,1909f56bfc062723c751e8b465ee728b)
Start importing Assets/Downloaded/shashirajproductions/Deadly_Creatures_Pack1_v1/Audio/SFX/Deadly_Creatures_Growls_Roars_v1_(15).wav using Guid(a6fb22308b8d09f4fae4cac70f732e57) Importer(815301076,1909f56bfc062723c751e8b465ee728b) (PreviewImporter) -> (Import Result ID: '6bf0a3857cf8dc8085c9567d98833943') in 0.028788 seconds [static and dynamic dependencies]. Details - ImportResultOutputID=49809971443a536bcaf5319f5ba7b4f9 DependenciesID=a5ef36b31f3b303c66c73f8d596f0292 StaticDependenciesID=fbee22152d07d42752389fbfa70ae5ec 
Number of updated asset objects reloaded before import = 0Number of asset objects unloaded after import = 2

========================================================================
Received Import Request.
  Time since last request: 4.841377 seconds.
  path: Assets/Downloaded/shashirajproductions/Deadly_Creatures_Pack1_v1/Audio/SFX/Deadly_Creatures_Growls_Roars_v1_(121).wav
  importAddress: Guid(4deb6021e43031a4bb168a64c668aef7) Importer(815301076,1909f56bfc062723c751e8b465ee728b)
Start importing Assets/Downloaded/shashirajproductions/Deadly_Creatures_Pack1_v1/Audio/SFX/Deadly_Creatures_Growls_Roars_v1_(121).wav using Guid(4deb6021e43031a4bb168a64c668aef7) Importer(815301076,1909f56bfc062723c751e8b465ee728b) (PreviewImporter) -> (Import Result ID: '91d11c7ea399586df7d8eb85bc460fac') in 0.037326 seconds [static and dynamic dependencies]. Details - ImportResultOutputID=f1ad3030ab9b8d376e287b8110a84be2 DependenciesID=3cab59cf28c5cd6a81d93adc1fc7462b StaticDependenciesID=22b4e75aab543d3aa1a18457b9bcfe72 
Number of updated asset objects reloaded before import = 0Number of asset objects unloaded after import = 2

========================================================================
Received Import Request.
  Time since last request: 1.643647 seconds.
  path: Assets/Downloaded/shashirajproductions/Deadly_Creatures_Pack1_v1/Audio/SFX/Deadly_Creatures_Growls_Roars_v1_(120).wav
  importAddress: Guid(244cb94750c58404f9d7955f1f1631e7) Importer(815301076,1909f56bfc062723c751e8b465ee728b)
Start importing Assets/Downloaded/shashirajproductions/Deadly_Creatures_Pack1_v1/Audio/SFX/Deadly_Creatures_Growls_Roars_v1_(120).wav using Guid(244cb94750c58404f9d7955f1f1631e7) Importer(815301076,1909f56bfc062723c751e8b465ee728b) (PreviewImporter) -> (Import Result ID: 'dfab326bb67197f6f66a8c00420cc993') in 0.0284785 seconds [static and dynamic dependencies]. Details - ImportResultOutputID=56bdbf1a78c580da72e673a49ca7bee6 DependenciesID=39fcd523a57bbf8ac4dd3b9b8bfee6f8 StaticDependenciesID=436d83045bf950bca4ecc04dd7b60393 
Number of updated asset objects reloaded before import = 0Number of asset objects unloaded after import = 2

========================================================================
Received Import Request.
  Time since last request: 1.994050 seconds.
  path: Assets/Downloaded/shashirajproductions/Deadly_Creatures_Pack1_v1/Audio/SFX/Deadly_Creatures_Growls_Roars_v1_(119).wav
  importAddress: Guid(2bb6013e4526f3a4baa5dc479c1d6fac) Importer(815301076,1909f56bfc062723c751e8b465ee728b)
Start importing Assets/Downloaded/shashirajproductions/Deadly_Creatures_Pack1_v1/Audio/SFX/Deadly_Creatures_Growls_Roars_v1_(119).wav using Guid(2bb6013e4526f3a4baa5dc479c1d6fac) Importer(815301076,1909f56bfc062723c751e8b465ee728b) (PreviewImporter) -> (Import Result ID: 'a91dfd1741c200cca926700f796d0a2f') in 0.0282124 seconds [static and dynamic dependencies]. Details - ImportResultOutputID=dccba2d6643c5d0692119b2736690916 DependenciesID=a68ba91d87f7ee0451ec4f194204208a StaticDependenciesID=f0d3034b826e2c23f3e1a8b5aaea5bf0 
Number of updated asset objects reloaded before import = 0Number of asset objects unloaded after import = 2

========================================================================
Received Import Request.
  Time since last request: 4.664430 seconds.
  path: Assets/Downloaded/shashirajproductions/Deadly_Creatures_Pack1_v1/Audio/SFX/Deadly_Creatures_Growls_Roars_v1_(118).wav
  importAddress: Guid(2a47d649761ee9948ba52c22f41c50cb) Importer(815301076,1909f56bfc062723c751e8b465ee728b)
Start importing Assets/Downloaded/shashirajproductions/Deadly_Creatures_Pack1_v1/Audio/SFX/Deadly_Creatures_Growls_Roars_v1_(118).wav using Guid(2a47d649761ee9948ba52c22f41c50cb) Importer(815301076,1909f56bfc062723c751e8b465ee728b) (PreviewImporter) -> (Import Result ID: 'd4a3f3b8250e0fccd76b1180a952ddc4') in 0.0307033 seconds [static and dynamic dependencies]. Details - ImportResultOutputID=7dd332e254bd15a7f8267203d776c298 DependenciesID=965a8e106dd6e7bd846d37b900ca0c3e StaticDependenciesID=24ba1e2f8aa5fdc962734548ea96a6ac 
Number of updated asset objects reloaded before import = 0Number of asset objects unloaded after import = 2

========================================================================
Received Import Request.
  Time since last request: 6.254253 seconds.
  path: Assets/Downloaded/shashirajproductions/Deadly_Creatures_Pack1_v1/Audio/SFX/Deadly_Creatures_Growls_Roars_v1_(117).wav
  importAddress: Guid(49de3090b5ca5894a9cd777951b05e9e) Importer(815301076,1909f56bfc062723c751e8b465ee728b)
Start importing Assets/Downloaded/shashirajproductions/Deadly_Creatures_Pack1_v1/Audio/SFX/Deadly_Creatures_Growls_Roars_v1_(117).wav using Guid(49de3090b5ca5894a9cd777951b05e9e) Importer(815301076,1909f56bfc062723c751e8b465ee728b) (PreviewImporter) -> (Import Result ID: 'a07c0da0e0365f354b97f31336990296') in 0.0254275 seconds [static and dynamic dependencies]. Details - ImportResultOutputID=542481703fcec0ebe6303b99cfef18d6 DependenciesID=c876f23e7b0498ca3835d0540c4a519e StaticDependenciesID=b71a4faa6183531a7a925dd2ca01ebab 
Number of updated asset objects reloaded before import = 0Number of asset objects unloaded after import = 2

========================================================================
Received Import Request.
  Time since last request: 1.220312 seconds.
  path: Assets/Downloaded/shashirajproductions/Deadly_Creatures_Pack1_v1/Audio/SFX/Deadly_Creatures_Growls_Roars_v1_(116).wav
  importAddress: Guid(3f86f060bda58ab488d4e222da766332) Importer(815301076,1909f56bfc062723c751e8b465ee728b)
Start importing Assets/Downloaded/shashirajproductions/Deadly_Creatures_Pack1_v1/Audio/SFX/Deadly_Creatures_Growls_Roars_v1_(116).wav using Guid(3f86f060bda58ab488d4e222da766332) Importer(815301076,1909f56bfc062723c751e8b465ee728b) (PreviewImporter) -> (Import Result ID: '6e0c5624dc62a771d35b1ddb5ec149bd') in 0.0257402 seconds [static and dynamic dependencies]. Details - ImportResultOutputID=a051e68173da59c30a6cbcf68d70b518 DependenciesID=0c12e60f78cba31ea04b1d7267c8c129 StaticDependenciesID=5efa071f33d5feafc9408179286e133d 
Number of updated asset objects reloaded before import = 0Number of asset objects unloaded after import = 2

========================================================================
Received Import Request.
  Time since last request: 0.875447 seconds.
  path: Assets/Downloaded/shashirajproductions/Deadly_Creatures_Pack1_v1/Audio/SFX/Deadly_Creatures_Growls_Roars_v1_(115).wav
  importAddress: Guid(8eec252f0ea0fd24c81539c8c401daf8) Importer(815301076,1909f56bfc062723c751e8b465ee728b)
Start importing Assets/Downloaded/shashirajproductions/Deadly_Creatures_Pack1_v1/Audio/SFX/Deadly_Creatures_Growls_Roars_v1_(115).wav using Guid(8eec252f0ea0fd24c81539c8c401daf8) Importer(815301076,1909f56bfc062723c751e8b465ee728b) (PreviewImporter) -> (Import Result ID: '18248f8139bbf9b80e84d740bcaefa80') in 0.0323529 seconds [static and dynamic dependencies]. Details - ImportResultOutputID=da56b02ae952c8d892ea46e306065c55 DependenciesID=8cee8e37a430a2233fea085e7bb3c43a StaticDependenciesID=a8c2e671298eea63f7413d9e2c3e5a3d 
Number of updated asset objects reloaded before import = 0Number of asset objects unloaded after import = 2

========================================================================
Received Import Request.
  Time since last request: 2.849273 seconds.
  path: Assets/Downloaded/shashirajproductions/Deadly_Creatures_Pack1_v1/Audio/SFX/Deadly_Creatures_Growls_Roars_v1_(114).wav
  importAddress: Guid(4ea9f8f5a629f7c4fbc60a401af52966) Importer(815301076,1909f56bfc062723c751e8b465ee728b)
Start importing Assets/Downloaded/shashirajproductions/Deadly_Creatures_Pack1_v1/Audio/SFX/Deadly_Creatures_Growls_Roars_v1_(114).wav using Guid(4ea9f8f5a629f7c4fbc60a401af52966) Importer(815301076,1909f56bfc062723c751e8b465ee728b) (PreviewImporter) -> (Import Result ID: '2f47de6a4296bee251e33fed3acc8958') in 0.0242797 seconds [static and dynamic dependencies]. Details - ImportResultOutputID=74355341b4da9e48cf5a7cf330820056 DependenciesID=e6e61c9d6940d0dfd04edf32abb11b4a StaticDependenciesID=e0c2266f56037bbaa0943476e02c2219 
Number of updated asset objects reloaded before import = 0Number of asset objects unloaded after import = 2

========================================================================
Received Import Request.
  Time since last request: 3.434087 seconds.
  path: Assets/Downloaded/shashirajproductions/Deadly_Creatures_Pack1_v1/Audio/SFX/Deadly_Creatures_Growls_Roars_v1_(113).wav
  importAddress: Guid(eab8bc2aeccdd5644802836e4a30965e) Importer(815301076,1909f56bfc062723c751e8b465ee728b)
Start importing Assets/Downloaded/shashirajproductions/Deadly_Creatures_Pack1_v1/Audio/SFX/Deadly_Creatures_Growls_Roars_v1_(113).wav using Guid(eab8bc2aeccdd5644802836e4a30965e) Importer(815301076,1909f56bfc062723c751e8b465ee728b) (PreviewImporter) -> (Import Result ID: '5590bb7e589df5edcb82737005dba1d8') in 0.0303976 seconds [static and dynamic dependencies]. Details - ImportResultOutputID=9de567251f5ee4636f4a7f8c69bd7881 DependenciesID=23e14708a0abf34e8c1c9ac84b895bd3 StaticDependenciesID=e09660b9a02dce66b0b50fd3fe389e44 
Number of updated asset objects reloaded before import = 0Number of asset objects unloaded after import = 2

========================================================================
Received Import Request.
  Time since last request: 1.646864 seconds.
  path: Assets/Downloaded/shashirajproductions/Deadly_Creatures_Pack1_v1/Audio/SFX/Deadly_Creatures_Growls_Roars_v1_(112).wav
  importAddress: Guid(261d44be8354dbc40b4b2fd57eb0ac6a) Importer(815301076,1909f56bfc062723c751e8b465ee728b)
Start importing Assets/Downloaded/shashirajproductions/Deadly_Creatures_Pack1_v1/Audio/SFX/Deadly_Creatures_Growls_Roars_v1_(112).wav using Guid(261d44be8354dbc40b4b2fd57eb0ac6a) Importer(815301076,1909f56bfc062723c751e8b465ee728b) (PreviewImporter) -> (Import Result ID: '55a3ab64dd7c5019bc031d0c2c7fbc28') in 0.0285662 seconds [static and dynamic dependencies]. Details - ImportResultOutputID=2faac16101ba09510ffb463fe0d964c0 DependenciesID=7c2e5f399de0b92b30886f01f376d2ca StaticDependenciesID=a1bc27aafdb42ae89f3b3167bc980986 
Number of updated asset objects reloaded before import = 0Number of asset objects unloaded after import = 2

========================================================================
Received Import Request.
  Time since last request: 0.390555 seconds.
  path: Assets/Downloaded/shashirajproductions/Deadly_Creatures_Pack1_v1/Audio/SFX/Deadly_Creatures_Growls_Roars_v1_(111).wav
  importAddress: Guid(329ac6a3a8a26a347bcaded91c8117bd) Importer(815301076,1909f56bfc062723c751e8b465ee728b)
Start importing Assets/Downloaded/shashirajproductions/Deadly_Creatures_Pack1_v1/Audio/SFX/Deadly_Creatures_Growls_Roars_v1_(111).wav using Guid(329ac6a3a8a26a347bcaded91c8117bd) Importer(815301076,1909f56bfc062723c751e8b465ee728b) (PreviewImporter) -> (Import Result ID: 'b430e81f36fa2bc5533c0c7c45bc1270') in 0.0319223 seconds [static and dynamic dependencies]. Details - ImportResultOutputID=314ac7cb043b83ddf39190360ae2be41 DependenciesID=1d999344953b5b5d2dfcc3fe440ce98a StaticDependenciesID=4c4cc9f0056b0f91e9ccaa2ce75d2af1 
Number of updated asset objects reloaded before import = 0Number of asset objects unloaded after import = 2

========================================================================
Received Import Request.
  Time since last request: 0.846574 seconds.
  path: Assets/Downloaded/shashirajproductions/Deadly_Creatures_Pack1_v1/Audio/SFX/Deadly_Creatures_Growls_Roars_v1_(110).wav
  importAddress: Guid(ad81af040f8d98a4796b86c2c6f15ccc) Importer(815301076,1909f56bfc062723c751e8b465ee728b)
Start importing Assets/Downloaded/shashirajproductions/Deadly_Creatures_Pack1_v1/Audio/SFX/Deadly_Creatures_Growls_Roars_v1_(110).wav using Guid(ad81af040f8d98a4796b86c2c6f15ccc) Importer(815301076,1909f56bfc062723c751e8b465ee728b) (PreviewImporter) -> (Import Result ID: '01f7eacc46607f3338c5dd2beb9235ba') in 0.0303356 seconds [static and dynamic dependencies]. Details - ImportResultOutputID=3a08fab213b9d6ecc930b8ab1037ad29 DependenciesID=4ce0588abe98ab903a65cb6191bcaefc StaticDependenciesID=a3d6d8f4433d7f172d314e8aef5938a0 
Number of updated asset objects reloaded before import = 0Number of asset objects unloaded after import = 2

========================================================================
Received Import Request.
  Time since last request: 1.524949 seconds.
  path: Assets/Downloaded/shashirajproductions/Deadly_Creatures_Pack1_v1/Audio/SFX/Deadly_Creatures_Growls_Roars_v1_(109).wav
  importAddress: Guid(8ef4fd0600d3656448d012a69b9f64ef) Importer(815301076,1909f56bfc062723c751e8b465ee728b)
Start importing Assets/Downloaded/shashirajproductions/Deadly_Creatures_Pack1_v1/Audio/SFX/Deadly_Creatures_Growls_Roars_v1_(109).wav using Guid(8ef4fd0600d3656448d012a69b9f64ef) Importer(815301076,1909f56bfc062723c751e8b465ee728b) (PreviewImporter) -> (Import Result ID: 'b18e29af4350665890a7c6d62ad1554c') in 0.0340221 seconds [static and dynamic dependencies]. Details - ImportResultOutputID=400a4fd59873635c6b0d60c00d9ce47b DependenciesID=4852cc4402997282f239926fd466c038 StaticDependenciesID=66a7892469d7d73426486780704cba43 
Number of updated asset objects reloaded before import = 0Number of asset objects unloaded after import = 2

========================================================================
Received Import Request.
  Time since last request: 8.501168 seconds.
  path: Assets/Downloaded/shashirajproductions/Deadly_Creatures_Pack1_v1/Audio/SFX/Deadly_Creatures_Growls_Roars_v1_(108).wav
  importAddress: Guid(90eaa54bf2780114a95c99a1a9586bc6) Importer(815301076,1909f56bfc062723c751e8b465ee728b)
Start importing Assets/Downloaded/shashirajproductions/Deadly_Creatures_Pack1_v1/Audio/SFX/Deadly_Creatures_Growls_Roars_v1_(108).wav using Guid(90eaa54bf2780114a95c99a1a9586bc6) Importer(815301076,1909f56bfc062723c751e8b465ee728b) (PreviewImporter) -> (Import Result ID: '75ef6f5783c7d904627a15bb8f32b376') in 0.0260227 seconds [static and dynamic dependencies]. Details - ImportResultOutputID=b647967b13f6b1a76bf95c2b32f26d80 DependenciesID=a089231f4853b0af3b340f96785598b6 StaticDependenciesID=b5513f7191b89533c54daec1f744322b 
Number of updated asset objects reloaded before import = 0Number of asset objects unloaded after import = 2

========================================================================
Received Import Request.
  Time since last request: 3.053253 seconds.
  path: Assets/Downloaded/shashirajproductions/Deadly_Creatures_Pack1_v1/Audio/SFX/Deadly_Creatures_Growls_Roars_v1_(107).wav
  importAddress: Guid(b5fe5169afb193b4ba8fd9c40589cbf0) Importer(815301076,1909f56bfc062723c751e8b465ee728b)
Start importing Assets/Downloaded/shashirajproductions/Deadly_Creatures_Pack1_v1/Audio/SFX/Deadly_Creatures_Growls_Roars_v1_(107).wav using Guid(b5fe5169afb193b4ba8fd9c40589cbf0) Importer(815301076,1909f56bfc062723c751e8b465ee728b) (PreviewImporter) -> (Import Result ID: '04fd7dc67bd30d8f281d3a5ff36cc9f9') in 0.0251352 seconds [static and dynamic dependencies]. Details - ImportResultOutputID=5d5f243d34d788e7113c264b6d8d394b DependenciesID=50a8d77f79983947c9e8f21260efa633 StaticDependenciesID=9bc93793c2495e0b6d47cc1cb60d3f4b 
Number of updated asset objects reloaded before import = 0Number of asset objects unloaded after import = 2

========================================================================
Received Import Request.
  Time since last request: 3.952222 seconds.
  path: Assets/Downloaded/shashirajproductions/Deadly_Creatures_Pack1_v1/Audio/SFX/Deadly_Creatures_Growls_Roars_v1_(106).wav
  importAddress: Guid(e6c2900e9fdaa0543b5a7e27ff426c17) Importer(815301076,1909f56bfc062723c751e8b465ee728b)
Start importing Assets/Downloaded/shashirajproductions/Deadly_Creatures_Pack1_v1/Audio/SFX/Deadly_Creatures_Growls_Roars_v1_(106).wav using Guid(e6c2900e9fdaa0543b5a7e27ff426c17) Importer(815301076,1909f56bfc062723c751e8b465ee728b) (PreviewImporter) -> (Import Result ID: '85f6d4428187df5d3e5c713017cb45de') in 0.0283056 seconds [static and dynamic dependencies]. Details - ImportResultOutputID=00ef3b54833eebc7b6649db8ff49edec DependenciesID=c2b0c1a0515216b67dfd6446146d198e StaticDependenciesID=d0bb897ba468246a182f0de28b23e482 
Number of updated asset objects reloaded before import = 0Number of asset objects unloaded after import = 2

========================================================================
Received Import Request.
  Time since last request: 1.949849 seconds.
  path: Assets/Downloaded/shashirajproductions/Deadly_Creatures_Pack1_v1/Audio/SFX/Deadly_Creatures_Growls_Roars_v1_(105).wav
  importAddress: Guid(636df70654bbb9b4f82c8f19afd2ad8a) Importer(815301076,1909f56bfc062723c751e8b465ee728b)
Start importing Assets/Downloaded/shashirajproductions/Deadly_Creatures_Pack1_v1/Audio/SFX/Deadly_Creatures_Growls_Roars_v1_(105).wav using Guid(636df70654bbb9b4f82c8f19afd2ad8a) Importer(815301076,1909f56bfc062723c751e8b465ee728b) (PreviewImporter) -> (Import Result ID: 'a65b92e6bddbc430d849f0b53e408bc9') in 0.0305347 seconds [static and dynamic dependencies]. Details - ImportResultOutputID=af60b9f7917b29a97e1eee949358d65c DependenciesID=ce1fa667ca06ef6465c9d7336cc3a021 StaticDependenciesID=f64a2acffdeacd447456e752e286a2cd 
Number of updated asset objects reloaded before import = 0Number of asset objects unloaded after import = 2

========================================================================
Received Import Request.
  Time since last request: 2.561594 seconds.
  path: Assets/Downloaded/shashirajproductions/Deadly_Creatures_Pack1_v1/Audio/SFX/Deadly_Creatures_Growls_Roars_v1_(104).wav
  importAddress: Guid(331ab0d871be2364ebf464068e2d4149) Importer(815301076,1909f56bfc062723c751e8b465ee728b)
Start importing Assets/Downloaded/shashirajproductions/Deadly_Creatures_Pack1_v1/Audio/SFX/Deadly_Creatures_Growls_Roars_v1_(104).wav using Guid(331ab0d871be2364ebf464068e2d4149) Importer(815301076,1909f56bfc062723c751e8b465ee728b) (PreviewImporter) -> (Import Result ID: 'df8233e8e3c7eb2e867e84aef7cfee5f') in 0.0271833 seconds [static and dynamic dependencies]. Details - ImportResultOutputID=faa646ba220cd273d90ad671b7bcc770 DependenciesID=4a57ebac8e67126ae0fb038db351c97e StaticDependenciesID=deea450d89c3d1ee09d232f29adc1b39 
Number of updated asset objects reloaded before import = 0Number of asset objects unloaded after import = 2

========================================================================
Received Import Request.
  Time since last request: 0.354093 seconds.
  path: Assets/Downloaded/shashirajproductions/Deadly_Creatures_Pack1_v1/Audio/SFX/Deadly_Creatures_Growls_Roars_v1_(103).wav
  importAddress: Guid(c0eeda5bafec59d4eb310c8810f78766) Importer(815301076,1909f56bfc062723c751e8b465ee728b)
Start importing Assets/Downloaded/shashirajproductions/Deadly_Creatures_Pack1_v1/Audio/SFX/Deadly_Creatures_Growls_Roars_v1_(103).wav using Guid(c0eeda5bafec59d4eb310c8810f78766) Importer(815301076,1909f56bfc062723c751e8b465ee728b) (PreviewImporter) -> (Import Result ID: '04c0f99795f65e1ac0e2c666653ff311') in 0.0230612 seconds [static and dynamic dependencies]. Details - ImportResultOutputID=07e8c1d51ab059965455b163c7754fa0 DependenciesID=af651119c5b4424952c74b2a989d9da3 StaticDependenciesID=ba00c64b16980bdf4f6b722e2184475e 
Number of updated asset objects reloaded before import = 0Number of asset objects unloaded after import = 2

========================================================================
Received Import Request.
  Time since last request: 0.419192 seconds.
  path: Assets/Downloaded/shashirajproductions/Deadly_Creatures_Pack1_v1/Audio/SFX/Deadly_Creatures_Growls_Roars_v1_(102).wav
  importAddress: Guid(6c50e99eddc8587439b92943a7f5e102) Importer(815301076,1909f56bfc062723c751e8b465ee728b)
Start importing Assets/Downloaded/shashirajproductions/Deadly_Creatures_Pack1_v1/Audio/SFX/Deadly_Creatures_Growls_Roars_v1_(102).wav using Guid(6c50e99eddc8587439b92943a7f5e102) Importer(815301076,1909f56bfc062723c751e8b465ee728b) (PreviewImporter) -> (Import Result ID: '755ebc82ab86fbb5cde8528abcc23050') in 0.0270365 seconds [static and dynamic dependencies]. Details - ImportResultOutputID=0c9491b3e2f1e9d3dc1881abb76ea67b DependenciesID=6e4cacb70e022d471aac164d56485b11 StaticDependenciesID=709da62eaca936f7dbefa3f459d63427 
Number of updated asset objects reloaded before import = 0Number of asset objects unloaded after import = 2

========================================================================
Received Import Request.
  Time since last request: 1.246878 seconds.
  path: Assets/Downloaded/shashirajproductions/Deadly_Creatures_Pack1_v1/Audio/SFX/Deadly_Creatures_Growls_Roars_v1_(101).wav
  importAddress: Guid(ae6c4c3a4c882a043bfa359ada35977e) Importer(815301076,1909f56bfc062723c751e8b465ee728b)
Start importing Assets/Downloaded/shashirajproductions/Deadly_Creatures_Pack1_v1/Audio/SFX/Deadly_Creatures_Growls_Roars_v1_(101).wav using Guid(ae6c4c3a4c882a043bfa359ada35977e) Importer(815301076,1909f56bfc062723c751e8b465ee728b) (PreviewImporter) -> (Import Result ID: 'e6210e72d8e348fd95c6794fa8b38d87') in 0.0324424 seconds [static and dynamic dependencies]. Details - ImportResultOutputID=b3ac53aa35ebdafe2f775f4558e2c71d DependenciesID=fa0c325eecfc696068c50ff933470fb5 StaticDependenciesID=240818aefff0d3f24ff0973cbef6016b 
Number of updated asset objects reloaded before import = 0Number of asset objects unloaded after import = 2

========================================================================
Received Import Request.
  Time since last request: 0.294444 seconds.
  path: Assets/Downloaded/shashirajproductions/Deadly_Creatures_Pack1_v1/Audio/SFX/Deadly_Creatures_Growls_Roars_v1_(100).wav
  importAddress: Guid(68870fc58b53bee4eb43a8fe47c4e6a7) Importer(815301076,1909f56bfc062723c751e8b465ee728b)
Start importing Assets/Downloaded/shashirajproductions/Deadly_Creatures_Pack1_v1/Audio/SFX/Deadly_Creatures_Growls_Roars_v1_(100).wav using Guid(68870fc58b53bee4eb43a8fe47c4e6a7) Importer(815301076,1909f56bfc062723c751e8b465ee728b) (PreviewImporter) -> (Import Result ID: '3bf1cf974bf4a03a1e35096f1b847204') in 0.0296791 seconds [static and dynamic dependencies]. Details - ImportResultOutputID=779d642a26e13adc864358e2d960762f DependenciesID=ea5b3b6bba56591285790b1a73ea2b2a StaticDependenciesID=fec8a5559f745b82113f65e64fc8deb0 
Number of updated asset objects reloaded before import = 0Number of asset objects unloaded after import = 2

========================================================================
Received Import Request.
  Time since last request: 3.736178 seconds.
  path: Assets/Downloaded/shashirajproductions/Deadly_Creatures_Pack1_v1/Audio/SFX/Deadly_Creatures_Growls_Roars_v1_(99).wav
  importAddress: Guid(3032e0f6a9b7da54db038ffc0c38bff1) Importer(815301076,1909f56bfc062723c751e8b465ee728b)
Start importing Assets/Downloaded/shashirajproductions/Deadly_Creatures_Pack1_v1/Audio/SFX/Deadly_Creatures_Growls_Roars_v1_(99).wav using Guid(3032e0f6a9b7da54db038ffc0c38bff1) Importer(815301076,1909f56bfc062723c751e8b465ee728b) (PreviewImporter) -> (Import Result ID: '9fb3c151d55b5d2cd4f58a45f4910411') in 0.0233767 seconds [static and dynamic dependencies]. Details - ImportResultOutputID=72b0c1b82a1063c410dcb1b0fc81fb49 DependenciesID=31e4e3e6b406a36acd51716c4d8224ce StaticDependenciesID=79552110117bcdb87baefc50590e9d2c 
Number of updated asset objects reloaded before import = 0Number of asset objects unloaded after import = 2

========================================================================
Received Import Request.
  Time since last request: 4.391686 seconds.
  path: Assets/Downloaded/shashirajproductions/Deadly_Creatures_Pack1_v1/Audio/SFX/Deadly_Creatures_Growls_Roars_v1_(98).wav
  importAddress: Guid(f3ce407ed005a0444b0daade5f3bbe88) Importer(815301076,1909f56bfc062723c751e8b465ee728b)
Start importing Assets/Downloaded/shashirajproductions/Deadly_Creatures_Pack1_v1/Audio/SFX/Deadly_Creatures_Growls_Roars_v1_(98).wav using Guid(f3ce407ed005a0444b0daade5f3bbe88) Importer(815301076,1909f56bfc062723c751e8b465ee728b) (PreviewImporter) -> (Import Result ID: '3005921ecfd948d0483adf813e92b309') in 0.0244688 seconds [static and dynamic dependencies]. Details - ImportResultOutputID=892f3ece506a4a425f420714f90e2a5b DependenciesID=243df73bfa13076908f384bec659376d StaticDependenciesID=bf97a8b6f5154300ea6bb8143d2dc496 
Number of updated asset objects reloaded before import = 0Number of asset objects unloaded after import = 2

========================================================================
Received Import Request.
  Time since last request: 3.381668 seconds.
  path: Assets/Downloaded/shashirajproductions/Deadly_Creatures_Pack1_v1/Audio/SFX/Deadly_Creatures_Growls_Roars_v1_(97).wav
  importAddress: Guid(0b0dfcea8ad3bca488837d3b008dc846) Importer(815301076,1909f56bfc062723c751e8b465ee728b)
Start importing Assets/Downloaded/shashirajproductions/Deadly_Creatures_Pack1_v1/Audio/SFX/Deadly_Creatures_Growls_Roars_v1_(97).wav using Guid(0b0dfcea8ad3bca488837d3b008dc846) Importer(815301076,1909f56bfc062723c751e8b465ee728b) (PreviewImporter) -> (Import Result ID: '86b61f2589eed4de4c0f9cc6e283090c') in 0.0275574 seconds [static and dynamic dependencies]. Details - ImportResultOutputID=57cde71e69e196fd5ee348887da62b77 DependenciesID=a53aebefe826637dafee941278e83755 StaticDependenciesID=e91deb7b1b97642cbb9feeb4a4d32974 
Number of updated asset objects reloaded before import = 0Number of asset objects unloaded after import = 2

========================================================================
Received Import Request.
  Time since last request: 5.360569 seconds.
  path: Assets/Downloaded/shashirajproductions/Deadly_Creatures_Pack1_v1/Audio/SFX/Deadly_Creatures_Growls_Roars_v1_(96).wav
  importAddress: Guid(000129961b8bb9c4fb9643b37721caa4) Importer(815301076,1909f56bfc062723c751e8b465ee728b)
Start importing Assets/Downloaded/shashirajproductions/Deadly_Creatures_Pack1_v1/Audio/SFX/Deadly_Creatures_Growls_Roars_v1_(96).wav using Guid(000129961b8bb9c4fb9643b37721caa4) Importer(815301076,1909f56bfc062723c751e8b465ee728b) (PreviewImporter) -> (Import Result ID: '1bbab8489154e0c3798fc8eed63914ca') in 0.0242532 seconds [static and dynamic dependencies]. Details - ImportResultOutputID=d3d19c7f35d089299ec07c451edbe1cf DependenciesID=c709b8974e6a7ea7d09ebcc08a586497 StaticDependenciesID=1950f5da9ec06d713014de0578b5352e 
Number of updated asset objects reloaded before import = 0Number of asset objects unloaded after import = 2

========================================================================
Received Import Request.
  Time since last request: 5.014615 seconds.
  path: Assets/Downloaded/shashirajproductions/Deadly_Creatures_Pack1_v1/Audio/SFX/Deadly_Creatures_Growls_Roars_v1_(95).wav
  importAddress: Guid(1b0d956b170534a41abbd7f21cced5d9) Importer(815301076,1909f56bfc062723c751e8b465ee728b)
Start importing Assets/Downloaded/shashirajproductions/Deadly_Creatures_Pack1_v1/Audio/SFX/Deadly_Creatures_Growls_Roars_v1_(95).wav using Guid(1b0d956b170534a41abbd7f21cced5d9) Importer(815301076,1909f56bfc062723c751e8b465ee728b) (PreviewImporter) -> (Import Result ID: '339ffe4f9c82b035efde39d2df364342') in 0.0269181 seconds [static and dynamic dependencies]. Details - ImportResultOutputID=3a1c7bd02e23c7b9aeb7b61733ef7174 DependenciesID=63ca2f18fd00e9eeac2127ded0344777 StaticDependenciesID=7c12bd0fd0baa3d9f54d331f15a1e873 
Number of updated asset objects reloaded before import = 0Number of asset objects unloaded after import = 2

========================================================================
Received Import Request.
  Time since last request: 0.526573 seconds.
  path: Assets/Downloaded/shashirajproductions/Deadly_Creatures_Pack1_v1/Audio/SFX/Deadly_Creatures_Growls_Roars_v1_(94).wav
  importAddress: Guid(4702f48e8baf04849a9de828db69792d) Importer(815301076,1909f56bfc062723c751e8b465ee728b)
Start importing Assets/Downloaded/shashirajproductions/Deadly_Creatures_Pack1_v1/Audio/SFX/Deadly_Creatures_Growls_Roars_v1_(94).wav using Guid(4702f48e8baf04849a9de828db69792d) Importer(815301076,1909f56bfc062723c751e8b465ee728b) (PreviewImporter) -> (Import Result ID: '4905cb99f2d7088ab53a270faeb2c139') in 0.0299605 seconds [static and dynamic dependencies]. Details - ImportResultOutputID=29c0caefa3a6801097873c97d0a8b0ed DependenciesID=d337f3b63a4da7a59ffa5e0a8ec92915 StaticDependenciesID=f1c249d563ffe86895b9107df097306d 
Number of updated asset objects reloaded before import = 0Number of asset objects unloaded after import = 2

========================================================================
Received Import Request.
  Time since last request: 0.409381 seconds.
  path: Assets/Downloaded/shashirajproductions/Deadly_Creatures_Pack1_v1/Audio/SFX/Deadly_Creatures_Growls_Roars_v1_(93).wav
  importAddress: Guid(c0f6f6966f1855d42af738c3b5ee345a) Importer(815301076,1909f56bfc062723c751e8b465ee728b)
Start importing Assets/Downloaded/shashirajproductions/Deadly_Creatures_Pack1_v1/Audio/SFX/Deadly_Creatures_Growls_Roars_v1_(93).wav using Guid(c0f6f6966f1855d42af738c3b5ee345a) Importer(815301076,1909f56bfc062723c751e8b465ee728b) (PreviewImporter) -> (Import Result ID: 'becdb6b69ce75b39e1e434bc8124178f') in 0.0277389 seconds [static and dynamic dependencies]. Details - ImportResultOutputID=cb95b47aa191a60f3a604a3a01a2f3fa DependenciesID=54db46d66d1c637e884e0103eac189fe StaticDependenciesID=8425e819c2dd8fd10342e160fe69609b 
Number of updated asset objects reloaded before import = 0Number of asset objects unloaded after import = 2

========================================================================
Received Import Request.
  Time since last request: 0.705244 seconds.
  path: Assets/Downloaded/shashirajproductions/Deadly_Creatures_Pack1_v1/Audio/SFX/Deadly_Creatures_Growls_Roars_v1_(91).wav
  importAddress: Guid(e117c2dde524dc940bd1a29798f48928) Importer(815301076,1909f56bfc062723c751e8b465ee728b)
Start importing Assets/Downloaded/shashirajproductions/Deadly_Creatures_Pack1_v1/Audio/SFX/Deadly_Creatures_Growls_Roars_v1_(91).wav using Guid(e117c2dde524dc940bd1a29798f48928) Importer(815301076,1909f56bfc062723c751e8b465ee728b) (PreviewImporter) -> (Import Result ID: '3b698ea5dce0b669a0ec0036753424b9') in 0.0293171 seconds [static and dynamic dependencies]. Details - ImportResultOutputID=7e6db1388284bb75a08f95848ea51e9e DependenciesID=e864f6169cff20e2c1a6f94c6a24b3fc StaticDependenciesID=04bb7d7c84e46820268b6b6741a04518 
Number of updated asset objects reloaded before import = 0Number of asset objects unloaded after import = 2

========================================================================
Received Import Request.
  Time since last request: 0.445887 seconds.
  path: Assets/Downloaded/shashirajproductions/Deadly_Creatures_Pack1_v1/Audio/SFX/Deadly_Creatures_Growls_Roars_v1_(92).wav
  importAddress: Guid(7aa09dcb45475c5468df689a25c6e91e) Importer(815301076,1909f56bfc062723c751e8b465ee728b)
Start importing Assets/Downloaded/shashirajproductions/Deadly_Creatures_Pack1_v1/Audio/SFX/Deadly_Creatures_Growls_Roars_v1_(92).wav using Guid(7aa09dcb45475c5468df689a25c6e91e) Importer(815301076,1909f56bfc062723c751e8b465ee728b) (PreviewImporter) -> (Import Result ID: '63981e880c8078a8e1b615b933b74d77') in 0.0281392 seconds [static and dynamic dependencies]. Details - ImportResultOutputID=9500688a92d96bbf7ad43f725f5f06e7 DependenciesID=cf6f2a7905e7f12fed3cd5684882cf27 StaticDependenciesID=ceed666ab1b0d78a14ff9f672f17aa8c 
Number of updated asset objects reloaded before import = 0Number of asset objects unloaded after import = 2

========================================================================
Received Import Request.
  Time since last request: 1.561257 seconds.
  path: Assets/Downloaded/shashirajproductions/Deadly_Creatures_Pack1_v1/Audio/SFX/Deadly_Creatures_Growls_Roars_v1_(90).wav
  importAddress: Guid(e8548fcddc642d144921fdab01639757) Importer(815301076,1909f56bfc062723c751e8b465ee728b)
Start importing Assets/Downloaded/shashirajproductions/Deadly_Creatures_Pack1_v1/Audio/SFX/Deadly_Creatures_Growls_Roars_v1_(90).wav using Guid(e8548fcddc642d144921fdab01639757) Importer(815301076,1909f56bfc062723c751e8b465ee728b) (PreviewImporter) -> (Import Result ID: '7a45202138e96737854953e2466d1e76') in 0.0349205 seconds [static and dynamic dependencies]. Details - ImportResultOutputID=e09c4808f968a36a975744f2e7c7134c DependenciesID=42b3d49e6811e119ce99291e4820352c StaticDependenciesID=79b16b4f2b11d3c8207913312cd8a622 
Number of updated asset objects reloaded before import = 0Number of asset objects unloaded after import = 2

========================================================================
Received Import Request.
  Time since last request: 0.258982 seconds.
  path: Assets/Downloaded/shashirajproductions/Deadly_Creatures_Pack1_v1/Audio/SFX/Deadly_Creatures_Growls_Roars_v1_(89).wav
  importAddress: Guid(59de2a3606460aa48ace000d3c147d9d) Importer(815301076,1909f56bfc062723c751e8b465ee728b)
Start importing Assets/Downloaded/shashirajproductions/Deadly_Creatures_Pack1_v1/Audio/SFX/Deadly_Creatures_Growls_Roars_v1_(89).wav using Guid(59de2a3606460aa48ace000d3c147d9d) Importer(815301076,1909f56bfc062723c751e8b465ee728b) (PreviewImporter) -> (Import Result ID: '0bcb971c4185685c376d6bbcbdd6b6ca') in 0.0312035 seconds [static and dynamic dependencies]. Details - ImportResultOutputID=758bc9f8b91261257f5ad199cf618155 DependenciesID=d2cfe587d40fe7d161ed8d16aa87e643 StaticDependenciesID=010aaaeede6fbea9a62b6d4732ead1c5 
Number of updated asset objects reloaded before import = 0Number of asset objects unloaded after import = 2

========================================================================
Received Import Request.
  Time since last request: 5.016712 seconds.
  path: Assets/Downloaded/shashirajproductions/Deadly_Creatures_Pack1_v1/Audio/SFX/Deadly_Creatures_Growls_Roars_v1_(88).wav
  importAddress: Guid(6d54ddf5d2c9b994f8c6f2982c081182) Importer(815301076,1909f56bfc062723c751e8b465ee728b)
Start importing Assets/Downloaded/shashirajproductions/Deadly_Creatures_Pack1_v1/Audio/SFX/Deadly_Creatures_Growls_Roars_v1_(88).wav using Guid(6d54ddf5d2c9b994f8c6f2982c081182) Importer(815301076,1909f56bfc062723c751e8b465ee728b) (PreviewImporter) -> (Import Result ID: '205503c73afe5cf53ff86481a4556b2e') in 0.0303133 seconds [static and dynamic dependencies]. Details - ImportResultOutputID=32a4cc4bfbdd43bd7d99a3ee461a7056 DependenciesID=d6b590d2e1febc538a16a43d65951a43 StaticDependenciesID=dff781d45f17e6c4bb3ad6a8340e05d2 
Number of updated asset objects reloaded before import = 0Number of asset objects unloaded after import = 2

========================================================================
Received Import Request.
  Time since last request: 0.395910 seconds.
  path: Assets/Downloaded/shashirajproductions/Deadly_Creatures_Pack1_v1/Audio/SFX/Deadly_Creatures_Growls_Roars_v1_(87).wav
  importAddress: Guid(d3ef0f553feb8974f9d8b52fbb91570a) Importer(815301076,1909f56bfc062723c751e8b465ee728b)
Start importing Assets/Downloaded/shashirajproductions/Deadly_Creatures_Pack1_v1/Audio/SFX/Deadly_Creatures_Growls_Roars_v1_(87).wav using Guid(d3ef0f553feb8974f9d8b52fbb91570a) Importer(815301076,1909f56bfc062723c751e8b465ee728b) (PreviewImporter) -> (Import Result ID: 'fef20a959a0a2b21e3c387567279a37a') in 0.0307625 seconds [static and dynamic dependencies]. Details - ImportResultOutputID=a82933a990cbe69d371eff8f7b87ae37 DependenciesID=ed1a424a92200723635767d03c59fb3b StaticDependenciesID=d53f7e358e1bfdf1a031f7b071f16963 
Number of updated asset objects reloaded before import = 0Number of asset objects unloaded after import = 2

========================================================================
Received Import Request.
  Time since last request: 30.971859 seconds.
  path: Assets/Prefabs/Monster.prefab
  importAddress: Guid(4840e46046c17a34382419fac1454937) Importer(815301076,1909f56bfc062723c751e8b465ee728b)
Start importing Assets/Prefabs/Monster.prefab using Guid(4840e46046c17a34382419fac1454937) Importer(815301076,1909f56bfc062723c751e8b465ee728b) (PreviewImporter) -> (Import Result ID: '7fb28e0ac231f03043e0be3c9ad208fb') in 0.0329628 seconds [static and dynamic dependencies]. Details - ImportResultOutputID=802f757328348a943022443f9538ed35 DependenciesID=0594c6ad2adaf34c52aebe78e8ca6767 StaticDependenciesID=e65e9a9669228e89e9fd8c57f47ecff0 
Number of updated asset objects reloaded before import = 0Number of asset objects unloaded after import = 157

========================================================================
Received Import Request.
  Time since last request: 8.194316 seconds.
  path: Assets/Prefabs/Monster.prefab
  importAddress: Guid(4840e46046c17a34382419fac1454937) Importer(815301076,1909f56bfc062723c751e8b465ee728b)
Start importing Assets/Prefabs/Monster.prefab using Guid(4840e46046c17a34382419fac1454937) Importer(815301076,1909f56bfc062723c751e8b465ee728b) (PreviewImporter) -> (Import Result ID: '6ec4007d964864e37e7767fbf7fa0d2f') in 0.031423 seconds [static and dynamic dependencies]. Details - ImportResultOutputID=802f757328348a943022443f9538ed35 DependenciesID=7a9ad33c1548016c6889ed09743918c0 StaticDependenciesID=53d4930571a5862e7bed9897cea77d31 
Number of updated asset objects reloaded before import = 0Number of asset objects unloaded after import = 157

========================================================================
Received Import Request.
  Time since last request: 2.685218 seconds.
  path: Assets/Prefabs/Monster.prefab
  importAddress: Guid(4840e46046c17a34382419fac1454937) Importer(815301076,1909f56bfc062723c751e8b465ee728b)
Start importing Assets/Prefabs/Monster.prefab using Guid(4840e46046c17a34382419fac1454937) Importer(815301076,1909f56bfc062723c751e8b465ee728b) (PreviewImporter) -> (Import Result ID: '0642c9f3577947b77c0535475f77e45a') in 0.0309387 seconds [static and dynamic dependencies]. Details - ImportResultOutputID=802f757328348a943022443f9538ed35 DependenciesID=31863e9056d8e31aaf27e43de2c54885 StaticDependenciesID=364e7e6a0a7fc84e87941cd1d3c55517 
Number of updated asset objects reloaded before import = 0Number of asset objects unloaded after import = 157

========================================================================
Received Import Request.
  Time since last request: 2.372952 seconds.
  path: Assets/Prefabs/Monster.prefab
  importAddress: Guid(4840e46046c17a34382419fac1454937) Importer(815301076,1909f56bfc062723c751e8b465ee728b)
Start importing Assets/Prefabs/Monster.prefab using Guid(4840e46046c17a34382419fac1454937) Importer(815301076,1909f56bfc062723c751e8b465ee728b) (PreviewImporter) -> (Import Result ID: 'c6481a4e82a82deaebf8733fb83fce19') in 0.0289734 seconds [static and dynamic dependencies]. Details - ImportResultOutputID=802f757328348a943022443f9538ed35 DependenciesID=1d182803bfd947aa04e9c95749cbb3a3 StaticDependenciesID=8a7cd52d56599b2dd2126348d701a725 
Number of updated asset objects reloaded before import = 0Number of asset objects unloaded after import = 157

========================================================================
Received Prepare
Begin MonoManager ReloadAssembly
[Licensing::Client] Successfully resolved entitlement details
ADTM: Control thread waiting for realtime thread timed out, have to lock...
Assembly Assembly-CSharp-Editor-firstpass.dll at Library/ScriptAssemblies/Assembly-CSharp-Editor-firstpass.dll not valid. Loading of assembly skipped.
Assembly Assembly-CSharp-firstpass.dll at Library/ScriptAssemblies/Assembly-CSharp-firstpass.dll not valid. Loading of assembly skipped.
Assembly DocCodeExamples.dll at Library/ScriptAssemblies/DocCodeExamples.dll not valid. Loading of assembly skipped.
Assembly TestNewCustomAssembly.dll at Library/ScriptAssemblies/TestNewCustomAssembly.dll not valid. Loading of assembly skipped.
Assembly Unity.2D.Sprite.Package.EditorTests.dll at Library/ScriptAssemblies/Unity.2D.Sprite.Package.EditorTests.dll not valid. Loading of assembly skipped.
Assembly Unity.Collections.BurstCompatibilityGen.dll at Library/ScriptAssemblies/Unity.Collections.BurstCompatibilityGen.dll not valid. Loading of assembly skipped.
Assembly Unity.Collections.DocCodeSamples.dll at Library/ScriptAssemblies/Unity.Collections.DocCodeSamples.dll not valid. Loading of assembly skipped.
Assembly Unity.Collections.PerformanceTests.dll at Library/ScriptAssemblies/Unity.Collections.PerformanceTests.dll not valid. Loading of assembly skipped.
Assembly Unity.Collections.Tests.dll at Library/ScriptAssemblies/Unity.Collections.Tests.dll not valid. Loading of assembly skipped.
Assembly Unity.Collections.Tests.Playmode.dll at Library/ScriptAssemblies/Unity.Collections.Tests.Playmode.dll not valid. Loading of assembly skipped.
Assembly Unity.InputSystem.IntegrationTests.dll at Library/ScriptAssemblies/Unity.InputSystem.IntegrationTests.dll not valid. Loading of assembly skipped.
Assembly Unity.Mathematics.Tests.dll at Library/ScriptAssemblies/Unity.Mathematics.Tests.dll not valid. Loading of assembly skipped.
Assembly Unity.Multiplayer.Center.Editor.Tests.dll at Library/ScriptAssemblies/Unity.Multiplayer.Center.Editor.Tests.dll not valid. Loading of assembly skipped.
Assembly Unity.Multiplayer.Center.Tests.dll at Library/ScriptAssemblies/Unity.Multiplayer.Center.Tests.dll not valid. Loading of assembly skipped.
Assembly Unity.Nuget.Mono-Cecil.dll at Library/ScriptAssemblies/Unity.Nuget.Mono-Cecil.dll not valid. Loading of assembly skipped.
Assembly Unity.PathTracing.Editor.Tests.dll at Library/ScriptAssemblies/Unity.PathTracing.Editor.Tests.dll not valid. Loading of assembly skipped.
Assembly Unity.PathTracing.Runtime.Tests.dll at Library/ScriptAssemblies/Unity.PathTracing.Runtime.Tests.dll not valid. Loading of assembly skipped.
Assembly Unity.RenderPipelines.Core.Editor.Tests.dll at Library/ScriptAssemblies/Unity.RenderPipelines.Core.Editor.Tests.dll not valid. Loading of assembly skipped.
Assembly Unity.RenderPipelines.Core.Runtime.Tests.dll at Library/ScriptAssemblies/Unity.RenderPipelines.Core.Runtime.Tests.dll not valid. Loading of assembly skipped.
Assembly Unity.RenderPipelines.Universal.Config.Editor.Tests.dll at Library/ScriptAssemblies/Unity.RenderPipelines.Universal.Config.Editor.Tests.dll not valid. Loading of assembly skipped.
Assembly Unity.RenderPipelines.Universal.Editor.Tests.dll at Library/ScriptAssemblies/Unity.RenderPipelines.Universal.Editor.Tests.dll not valid. Loading of assembly skipped.
Assembly Unity.RenderPipelines.Universal.Runtime.Tests.dll at Library/ScriptAssemblies/Unity.RenderPipelines.Universal.Runtime.Tests.dll not valid. Loading of assembly skipped.
Assembly Unity.Searcher.EditorTests.dll at Library/ScriptAssemblies/Unity.Searcher.EditorTests.dll not valid. Loading of assembly skipped.
Assembly Unity.ShaderGraph.Editor.Tests.dll at Library/ScriptAssemblies/Unity.ShaderGraph.Editor.Tests.dll not valid. Loading of assembly skipped.
Assembly Unity.TextMeshPro.Editor.Tests.dll at Library/ScriptAssemblies/Unity.TextMeshPro.Editor.Tests.dll not valid. Loading of assembly skipped.
Assembly Unity.TextMeshPro.Tests.dll at Library/ScriptAssemblies/Unity.TextMeshPro.Tests.dll not valid. Loading of assembly skipped.
Assembly Unity.UnifiedRayTracing.Editor.Tests.dll at Library/ScriptAssemblies/Unity.UnifiedRayTracing.Editor.Tests.dll not valid. Loading of assembly skipped.
Assembly UnityEditor.UI.Common.Tests.dll at Library/ScriptAssemblies/UnityEditor.UI.Common.Tests.dll not valid. Loading of assembly skipped.
Assembly UnityEditor.UI.EditorTests.dll at Library/ScriptAssemblies/UnityEditor.UI.EditorTests.dll not valid. Loading of assembly skipped.
Assembly UnityEngine.UI.Tests.dll at Library/ScriptAssemblies/UnityEngine.UI.Tests.dll not valid. Loading of assembly skipped.
Refreshing native plugins compatible for Editor in 2.76 ms, found 4 plugins.
Native extension for WindowsStandalone target not found
Native extension for WebGL target not found
[Package Manager] Failed to launch server process. Reason: Unity was launched with the -noUpm command-line argument
[Package Manager] Unable to send message (not connected to server process).
[Package Manager] Cannot connect to Unity Package Manager local server
[Package Manager] Failed to launch server process. Reason: Unity was launched with the -noUpm command-line argument
[Package Manager] Unable to send message (not connected to server process).
[Package Manager] Cannot connect to Unity Package Manager local server
ScheduleIndexationOnStartup MainProcess:False IndexOnStartup:True
Mono: successfully reloaded assembly
- Finished resetting the current domain, in  1.334 seconds
Domain Reload Profiling: 3617ms
	BeginReloadAssembly (1393ms)
		DisableScriptedObjects (33ms)
		CreateAndSetChildDomain (1076ms)
	RebuildCommonClasses (56ms)
	RebuildNativeTypeToScriptingClass (20ms)
	initialDomainReloadingComplete (100ms)
	LoadAllAssembliesAndSetupDomain (713ms)
		LoadAssemblies (582ms)
		AnalyzeDomain (325ms)
			TypeCache.Refresh (17ms)
			BuildScriptInfoCaches (287ms)
			ResolveRequiredComponents (18ms)
	FinalizeReload (1335ms)
		SetupLoadedEditorAssemblies (0ms)
			InitializePlatformSupportModulesInManaged (4ms)
			BeforeProcessingInitializeOnLoad (222ms)
			ProcessInitializeOnLoadAttributes (676ms)
			ProcessInitializeOnLoadMethodAttributes (125ms)
			AfterProcessingInitializeOnLoad (3ms)
		AwakeInstancesAfterBackupRestoration (25ms)
Refreshing native plugins compatible for Editor in 3.02 ms, found 4 plugins.
Unloading 24 Unused Serialized files (Serialized files now loaded: 0)
Unloading 6634 unused Assets / (5.4 MB). Loaded Objects now: 7583.
Memory consumption went from 176.5 MB to 171.1 MB.
Total: 12.005400 ms (FindLiveObjects: 0.689400 ms CreateObjectMapping: 0.517600 ms MarkObjects: 7.464500 ms  DeleteObjects: 3.331500 ms)

Prepare: number of updated asset objects reloaded= 0
========================================================================
Received Import Request.
  Time since last request: 187.080447 seconds.
  path: Assets/Prefabs/Monster.prefab
  importAddress: Guid(4840e46046c17a34382419fac1454937) Importer(815301076,1909f56bfc062723c751e8b465ee728b)
Start importing Assets/Prefabs/Monster.prefab using Guid(4840e46046c17a34382419fac1454937) Importer(815301076,1909f56bfc062723c751e8b465ee728b) (PreviewImporter) -> (Import Result ID: '708fc9f5f659ee84627cdc2518908280') in 0.7426643 seconds [static and dynamic dependencies]. Details - ImportResultOutputID=802f757328348a943022443f9538ed35 DependenciesID=b24c9c7258e588a6f2cc4ea58eef9ba1 StaticDependenciesID=8a7cd52d56599b2dd2126348d701a725 
Number of updated asset objects reloaded before import = 0Number of asset objects unloaded after import = 157

========================================================================
Received Import Request.
  Time since last request: 19.883865 seconds.
  path: Assets/Prefabs/Monster.prefab
  importAddress: Guid(4840e46046c17a34382419fac1454937) Importer(815301076,1909f56bfc062723c751e8b465ee728b)
Start importing Assets/Prefabs/Monster.prefab using Guid(4840e46046c17a34382419fac1454937) Importer(815301076,1909f56bfc062723c751e8b465ee728b) (PreviewImporter) -> (Import Result ID: '9c20fae63bf7d30cf1d7324b21ff17d1') in 0.0351219 seconds [static and dynamic dependencies]. Details - ImportResultOutputID=802f757328348a943022443f9538ed35 DependenciesID=5aba7f9a0d893660ed47342dabae21c6 StaticDependenciesID=5176816d390e1a634d42d29699431f82 
Number of updated asset objects reloaded before import = 0Number of asset objects unloaded after import = 157

========================================================================
Received Prepare
Begin MonoManager ReloadAssembly
ADTM: Control thread waiting for realtime thread timed out, have to lock...
Assembly Assembly-CSharp-Editor-firstpass.dll at Library/ScriptAssemblies/Assembly-CSharp-Editor-firstpass.dll not valid. Loading of assembly skipped.
Assembly Assembly-CSharp-firstpass.dll at Library/ScriptAssemblies/Assembly-CSharp-firstpass.dll not valid. Loading of assembly skipped.
Assembly DocCodeExamples.dll at Library/ScriptAssemblies/DocCodeExamples.dll not valid. Loading of assembly skipped.
Assembly TestNewCustomAssembly.dll at Library/ScriptAssemblies/TestNewCustomAssembly.dll not valid. Loading of assembly skipped.
Assembly Unity.2D.Sprite.Package.EditorTests.dll at Library/ScriptAssemblies/Unity.2D.Sprite.Package.EditorTests.dll not valid. Loading of assembly skipped.
Assembly Unity.Collections.BurstCompatibilityGen.dll at Library/ScriptAssemblies/Unity.Collections.BurstCompatibilityGen.dll not valid. Loading of assembly skipped.
Assembly Unity.Collections.DocCodeSamples.dll at Library/ScriptAssemblies/Unity.Collections.DocCodeSamples.dll not valid. Loading of assembly skipped.
Assembly Unity.Collections.PerformanceTests.dll at Library/ScriptAssemblies/Unity.Collections.PerformanceTests.dll not valid. Loading of assembly skipped.
Assembly Unity.Collections.Tests.dll at Library/ScriptAssemblies/Unity.Collections.Tests.dll not valid. Loading of assembly skipped.
Assembly Unity.Collections.Tests.Playmode.dll at Library/ScriptAssemblies/Unity.Collections.Tests.Playmode.dll not valid. Loading of assembly skipped.
Assembly Unity.InputSystem.IntegrationTests.dll at Library/ScriptAssemblies/Unity.InputSystem.IntegrationTests.dll not valid. Loading of assembly skipped.
Assembly Unity.Mathematics.Tests.dll at Library/ScriptAssemblies/Unity.Mathematics.Tests.dll not valid. Loading of assembly skipped.
Assembly Unity.Multiplayer.Center.Editor.Tests.dll at Library/ScriptAssemblies/Unity.Multiplayer.Center.Editor.Tests.dll not valid. Loading of assembly skipped.
Assembly Unity.Multiplayer.Center.Tests.dll at Library/ScriptAssemblies/Unity.Multiplayer.Center.Tests.dll not valid. Loading of assembly skipped.
Assembly Unity.Nuget.Mono-Cecil.dll at Library/ScriptAssemblies/Unity.Nuget.Mono-Cecil.dll not valid. Loading of assembly skipped.
Assembly Unity.PathTracing.Editor.Tests.dll at Library/ScriptAssemblies/Unity.PathTracing.Editor.Tests.dll not valid. Loading of assembly skipped.
Assembly Unity.PathTracing.Runtime.Tests.dll at Library/ScriptAssemblies/Unity.PathTracing.Runtime.Tests.dll not valid. Loading of assembly skipped.
Assembly Unity.RenderPipelines.Core.Editor.Tests.dll at Library/ScriptAssemblies/Unity.RenderPipelines.Core.Editor.Tests.dll not valid. Loading of assembly skipped.
Assembly Unity.RenderPipelines.Core.Runtime.Tests.dll at Library/ScriptAssemblies/Unity.RenderPipelines.Core.Runtime.Tests.dll not valid. Loading of assembly skipped.
Assembly Unity.RenderPipelines.Universal.Config.Editor.Tests.dll at Library/ScriptAssemblies/Unity.RenderPipelines.Universal.Config.Editor.Tests.dll not valid. Loading of assembly skipped.
Assembly Unity.RenderPipelines.Universal.Editor.Tests.dll at Library/ScriptAssemblies/Unity.RenderPipelines.Universal.Editor.Tests.dll not valid. Loading of assembly skipped.
Assembly Unity.RenderPipelines.Universal.Runtime.Tests.dll at Library/ScriptAssemblies/Unity.RenderPipelines.Universal.Runtime.Tests.dll not valid. Loading of assembly skipped.
Assembly Unity.Searcher.EditorTests.dll at Library/ScriptAssemblies/Unity.Searcher.EditorTests.dll not valid. Loading of assembly skipped.
Assembly Unity.ShaderGraph.Editor.Tests.dll at Library/ScriptAssemblies/Unity.ShaderGraph.Editor.Tests.dll not valid. Loading of assembly skipped.
Assembly Unity.TextMeshPro.Editor.Tests.dll at Library/ScriptAssemblies/Unity.TextMeshPro.Editor.Tests.dll not valid. Loading of assembly skipped.
Assembly Unity.TextMeshPro.Tests.dll at Library/ScriptAssemblies/Unity.TextMeshPro.Tests.dll not valid. Loading of assembly skipped.
Assembly Unity.UnifiedRayTracing.Editor.Tests.dll at Library/ScriptAssemblies/Unity.UnifiedRayTracing.Editor.Tests.dll not valid. Loading of assembly skipped.
Assembly UnityEditor.UI.Common.Tests.dll at Library/ScriptAssemblies/UnityEditor.UI.Common.Tests.dll not valid. Loading of assembly skipped.
Assembly UnityEditor.UI.EditorTests.dll at Library/ScriptAssemblies/UnityEditor.UI.EditorTests.dll not valid. Loading of assembly skipped.
Assembly UnityEngine.UI.Tests.dll at Library/ScriptAssemblies/UnityEngine.UI.Tests.dll not valid. Loading of assembly skipped.
Refreshing native plugins compatible for Editor in 2.11 ms, found 4 plugins.
Native extension for WindowsStandalone target not found
Native extension for WebGL target not found
[Package Manager] Failed to launch server process. Reason: Unity was launched with the -noUpm command-line argument
[Package Manager] Unable to send message (not connected to server process).
[Package Manager] Cannot connect to Unity Package Manager local server
[Package Manager] Failed to launch server process. Reason: Unity was launched with the -noUpm command-line argument
[Package Manager] Unable to send message (not connected to server process).
[Package Manager] Cannot connect to Unity Package Manager local server
ScheduleIndexationOnStartup MainProcess:False IndexOnStartup:True
Mono: successfully reloaded assembly
- Finished resetting the current domain, in  1.304 seconds
Domain Reload Profiling: 3485ms
	BeginReloadAssembly (1375ms)
		DisableScriptedObjects (40ms)
		CreateAndSetChildDomain (1080ms)
	RebuildCommonClasses (56ms)
	RebuildNativeTypeToScriptingClass (19ms)
	initialDomainReloadingComplete (82ms)
	LoadAllAssembliesAndSetupDomain (648ms)
		LoadAssemblies (524ms)
		AnalyzeDomain (300ms)
			TypeCache.Refresh (11ms)
			BuildScriptInfoCaches (271ms)
			ResolveRequiredComponents (16ms)
	FinalizeReload (1304ms)
		SetupLoadedEditorAssemblies (0ms)
			InitializePlatformSupportModulesInManaged (3ms)
			BeforeProcessingInitializeOnLoad (206ms)
			ProcessInitializeOnLoadAttributes (666ms)
			ProcessInitializeOnLoadMethodAttributes (139ms)
			AfterProcessingInitializeOnLoad (4ms)
		AwakeInstancesAfterBackupRestoration (31ms)
Refreshing native plugins compatible for Editor in 2.87 ms, found 4 plugins.
Unloading 24 Unused Serialized files (Serialized files now loaded: 0)
Unloading 6634 unused Assets / (5.0 MB). Loaded Objects now: 7606.
Memory consumption went from 176.6 MB to 171.6 MB.
Total: 11.217700 ms (FindLiveObjects: 0.785100 ms CreateObjectMapping: 0.471100 ms MarkObjects: 7.139600 ms  DeleteObjects: 2.819400 ms)

Prepare: number of updated asset objects reloaded= 0
========================================================================
Received Import Request.
  Time since last request: 92.006503 seconds.
  path: Assets/Downloaded/SiuniaevCharacters/02_Golem
  importAddress: Guid(6522c33d2d838314cbe6e8feb4003514) Importer(815301076,1909f56bfc062723c751e8b465ee728b)
Start importing Assets/Downloaded/SiuniaevCharacters/02_Golem using Guid(6522c33d2d838314cbe6e8feb4003514) Importer(815301076,1909f56bfc062723c751e8b465ee728b) (PreviewImporter) -> (Import Result ID: 'a8839b6c02161534a66653b09587d11d') in 0.0076281 seconds [static and dynamic dependencies]. Details - ImportResultOutputID=a62c11053ae0f36ea104deb0c7827013 DependenciesID=091a939cdec5d6125de7cc20a01bb105 StaticDependenciesID=aea43f014fe3815013c2d034efbcf725 
Number of updated asset objects reloaded before import = 0Number of asset objects unloaded after import = 0

========================================================================
Received Import Request.
  Time since last request: 1.661854 seconds.
  path: Assets/Downloaded/SiuniaevCharacters/02_Golem/Animators
  importAddress: Guid(f6591c3b5445917439931f07bd0e01e0) Importer(815301076,1909f56bfc062723c751e8b465ee728b)
Start importing Assets/Downloaded/SiuniaevCharacters/02_Golem/Animators using Guid(f6591c3b5445917439931f07bd0e01e0) Importer(815301076,1909f56bfc062723c751e8b465ee728b) (PreviewImporter) -> (Import Result ID: '22c1537cf73943082929a84293f96e4e') in 0.0007758 seconds [static and dynamic dependencies]. Details - ImportResultOutputID=4a705c758d22583ac46cee45645520d7 DependenciesID=8b2928a0bf71989eb0c53bdb9c081d2b StaticDependenciesID=51acc25f978122c9c835abf82408b56a 
Number of updated asset objects reloaded before import = 0Number of asset objects unloaded after import = 0

========================================================================
Received Import Request.
  Time since last request: 7.112084 seconds.
  path: Assets/Downloaded/SiuniaevCharacters/02_Golem/Models
  importAddress: Guid(ef6cf03973bda874b97691006b0f2723) Importer(815301076,1909f56bfc062723c751e8b465ee728b)
Start importing Assets/Downloaded/SiuniaevCharacters/02_Golem/Models using Guid(ef6cf03973bda874b97691006b0f2723) Importer(815301076,1909f56bfc062723c751e8b465ee728b) (PreviewImporter) -> (Import Result ID: '18b29b5bfe7e4181f124a0e701bd07f3') in 0.0008305 seconds [static and dynamic dependencies]. Details - ImportResultOutputID=79743f45cbe3efd6806ace941dac5a48 DependenciesID=cd9875fd98b200763d97a45c5f7a5ee6 StaticDependenciesID=77cb8de4d8f6d7baddc74c9655d400ce 
Number of updated asset objects reloaded before import = 0Number of asset objects unloaded after import = 0

========================================================================
Received Import Request.
  Time since last request: 1.108006 seconds.
  path: Assets/Downloaded/SiuniaevCharacters/02_Golem/Models/FBX
  importAddress: Guid(24e23987af1ee034b91873a5c9f6e50b) Importer(815301076,1909f56bfc062723c751e8b465ee728b)
Start importing Assets/Downloaded/SiuniaevCharacters/02_Golem/Models/FBX using Guid(24e23987af1ee034b91873a5c9f6e50b) Importer(815301076,1909f56bfc062723c751e8b465ee728b) (PreviewImporter) -> (Import Result ID: '5cd30af3eb2d6c838cb5fe1a00e177f3') in 0.0007171 seconds [static and dynamic dependencies]. Details - ImportResultOutputID=7fa64402dd0d18eb0a02cb7292b6378f DependenciesID=d7408ffce535419a1c3833903546da52 StaticDependenciesID=26dcecdeff1010b716b81a6323e0dd01 
Number of updated asset objects reloaded before import = 0Number of asset objects unloaded after import = 0

========================================================================
Received Import Request.
  Time since last request: 206.644097 seconds.
  path: Assets/Downloaded/SiuniaevCharacters/02_Golem/Animators/GolemAnimator.controller
  importAddress: Guid(46b863770b0b07a41b0bd29637994634) Importer(815301076,1909f56bfc062723c751e8b465ee728b)
Start importing Assets/Downloaded/SiuniaevCharacters/02_Golem/Animators/GolemAnimator.controller using Guid(46b863770b0b07a41b0bd29637994634) Importer(815301076,1909f56bfc062723c751e8b465ee728b) (PreviewImporter) -> (Import Result ID: '8a3a5eb5e4779abe272720e68c00599b') in 0.033728 seconds [static and dynamic dependencies]. Details - ImportResultOutputID=91efd7cd42edef0d9361fb505ece0b7b DependenciesID=9ba793cb27aede9bef2e3cbbc30f8a5e StaticDependenciesID=0c0008b5018649599bb74e6a1ba0d439 
Number of updated asset objects reloaded before import = 0Number of asset objects unloaded after import = 52

========================================================================
Received Import Request.
  Time since last request: 2.889670 seconds.
  path: Assets/Downloaded/SiuniaevCharacters/02_Golem/Materials
  importAddress: Guid(26c9984a67863bb45a3e726396ffd370) Importer(815301076,1909f56bfc062723c751e8b465ee728b)
Start importing Assets/Downloaded/SiuniaevCharacters/02_Golem/Materials using Guid(26c9984a67863bb45a3e726396ffd370) Importer(815301076,1909f56bfc062723c751e8b465ee728b) (PreviewImporter) -> (Import Result ID: '9cf677e9849cb02734e05986863ab854') in 0.0009408 seconds [static and dynamic dependencies]. Details - ImportResultOutputID=1ccb35cc3e774f58b83cd67607026c1a DependenciesID=81d3ac12dc9a68dd573841c1f511412f StaticDependenciesID=5402e7e42ca0d2f9f088a9f2d27051a7 
Number of updated asset objects reloaded before import = 0Number of asset objects unloaded after import = 0

========================================================================
Received Import Request.
  Time since last request: 5.155642 seconds.
  path: Assets/Downloaded/SiuniaevCharacters/02_Golem/Models/3dsmax
  importAddress: Guid(c697e4bcc0b515c48b720cb3d652ab1b) Importer(815301076,1909f56bfc062723c751e8b465ee728b)
Start importing Assets/Downloaded/SiuniaevCharacters/02_Golem/Models/3dsmax using Guid(c697e4bcc0b515c48b720cb3d652ab1b) Importer(815301076,1909f56bfc062723c751e8b465ee728b) (PreviewImporter) -> (Import Result ID: '576f13f9c77c2c792899c16144de4d83') in 0.0007771 seconds [static and dynamic dependencies]. Details - ImportResultOutputID=e69dfc5a6cd650a34016f41933e55dc8 DependenciesID=ff28d5ea0974c0920a9faf8584e16c6d StaticDependenciesID=fa5c35a6c30065f5eed728f061a4727f 
Number of updated asset objects reloaded before import = 0Number of asset objects unloaded after import = 0

========================================================================
Received Import Request.
  Time since last request: 155.803446 seconds.
  path: Assets/Downloaded/Horror Atmosphere LITE/Ambience/Atmosphere And Chaos/Chaos_005(Loop).wav
  importAddress: Guid(da163e0f47b646d4e9f22c360bed099e) Importer(2089858483,b0f066a214c2f5e87bad3c948f4d605d)
Start importing Assets/Downloaded/Horror Atmosphere LITE/Ambience/Atmosphere And Chaos/Chaos_005(Loop).wav using Guid(da163e0f47b646d4e9f22c360bed099e) Importer(2089858483,b0f066a214c2f5e87bad3c948f4d605d) (ScriptedImporter) -> (Import Result ID: '77c731f5529be6eb1b2422bb16f9e580') in 0.259257 seconds [static and dynamic dependencies]. Details - ImportResultOutputID=4fd0e9bc8516f93b49afe950537dc9e5 DependenciesID=1c9206b79ae8123a4400753e2da5ad36 StaticDependenciesID=d6467f501e2f7a95f561f7627cd72c30 
Number of updated asset objects reloaded before import = 0Number of asset objects unloaded after import = 1

========================================================================
Received Import Request.
  Time since last request: 0.000031 seconds.
  path: Assets/Downloaded/Footsteps - Essentials/Footsteps_Metal/Footsteps_Metal_Run/Footsteps_MetalV1_Run_10.wav
  importAddress: Guid(f7c73eb9b5b8af24b87031b591566444) Importer(2089858483,b0f066a214c2f5e87bad3c948f4d605d)
Start importing Assets/Downloaded/Footsteps - Essentials/Footsteps_Metal/Footsteps_Metal_Run/Footsteps_MetalV1_Run_10.wav using Guid(f7c73eb9b5b8af24b87031b591566444) Importer(2089858483,b0f066a214c2f5e87bad3c948f4d605d) (ScriptedImporter) -> (Import Result ID: '66eaf945ff225ae580a49b16d0b99e43') in 0.0257377 seconds [static and dynamic dependencies]. Details - ImportResultOutputID=29bfb7a90715e784573833407e3226af DependenciesID=f64091b52fb75421d30cda696b7064ab StaticDependenciesID=50c2f247b33b9f9793c1159b3eacb06e 
Number of updated asset objects reloaded before import = 0Number of asset objects unloaded after import = 1

========================================================================
Received Import Request.
  Time since last request: 0.000041 seconds.
  path: Assets/Downloaded/Footsteps - Essentials/Footsteps_Mud/Footsteps_Mud_Jump/Footsteps_Mud_Jump_Land_04.wav
  importAddress: Guid(7eeb546a06967a149a37ea3e205b518b) Importer(2089858483,b0f066a214c2f5e87bad3c948f4d605d)
Start importing Assets/Downloaded/Footsteps - Essentials/Footsteps_Mud/Footsteps_Mud_Jump/Footsteps_Mud_Jump_Land_04.wav using Guid(7eeb546a06967a149a37ea3e205b518b) Importer(2089858483,b0f066a214c2f5e87bad3c948f4d605d) (ScriptedImporter) -> (Import Result ID: '97e936d1ca3cc3436b76e4a936bde877') in 0.0234834 seconds [static and dynamic dependencies]. Details - ImportResultOutputID=5e0f4cc9ddde43d3bec93992d8d85a84 DependenciesID=64246c5be96ea4f9895256539bd3c2f3 StaticDependenciesID=9cf8827e45c04c6182d04b4e8ed73006 
Number of updated asset objects reloaded before import = 0Number of asset objects unloaded after import = 1

========================================================================
Received Import Request.
  Time since last request: 0.000024 seconds.
  path: Assets/Downloaded/Footsteps - Essentials/Footsteps_Grass/Footsteps_Grass_Walk/Footsteps_Walk_Grass_Mono_19.wav
  importAddress: Guid(33d23eef6cc170546a3c9ce3c9bef1f4) Importer(2089858483,b0f066a214c2f5e87bad3c948f4d605d)
Start importing Assets/Downloaded/Footsteps - Essentials/Footsteps_Grass/Footsteps_Grass_Walk/Footsteps_Walk_Grass_Mono_19.wav using Guid(33d23eef6cc170546a3c9ce3c9bef1f4) Importer(2089858483,b0f066a214c2f5e87bad3c948f4d605d) (ScriptedImporter) -> (Import Result ID: '260898977d29fd66ca4667fae714796b') in 0.0242741 seconds [static and dynamic dependencies]. Details - ImportResultOutputID=17b328125ee4b14adbf6646806bc271f DependenciesID=2b876f8d5fefbcf509e0d2113df9fca7 StaticDependenciesID=2af65ae0206cb3c37876a47e012218e9 
Number of updated asset objects reloaded before import = 0Number of asset objects unloaded after import = 1

========================================================================
Received Import Request.
  Time since last request: 0.000030 seconds.
  path: Assets/Downloaded/Footsteps - Essentials/Footsteps_Mud/Footsteps_Mud_Walk/Footsteps_Mud_Walk_05.wav
  importAddress: Guid(c3a0d384acb5b9a4d8af0bee5d2820a6) Importer(2089858483,b0f066a214c2f5e87bad3c948f4d605d)
Start importing Assets/Downloaded/Footsteps - Essentials/Footsteps_Mud/Footsteps_Mud_Walk/Footsteps_Mud_Walk_05.wav using Guid(c3a0d384acb5b9a4d8af0bee5d2820a6) Importer(2089858483,b0f066a214c2f5e87bad3c948f4d605d) (ScriptedImporter) -> (Import Result ID: 'f254f9fd40685ea798d18b478921adbe') in 0.0241495 seconds [static and dynamic dependencies]. Details - ImportResultOutputID=5bb402a745a0bbf92f0c49803a1030f6 DependenciesID=b8abd60f599cffbb28718412183e7cf7 StaticDependenciesID=ed3825308660f91ceb618a1f597162cd 
Number of updated asset objects reloaded before import = 0Number of asset objects unloaded after import = 1

========================================================================
Received Import Request.
  Time since last request: 0.000026 seconds.
  path: Assets/Downloaded/Footsteps - Essentials/Footsteps_Rock/Footsteps_Rock_Jump/Footsteps_Rock_Jump_Start_05.wav
  importAddress: Guid(322f3dcfdbd5b5742a885bfbc4fe5365) Importer(2089858483,b0f066a214c2f5e87bad3c948f4d605d)
Start importing Assets/Downloaded/Footsteps - Essentials/Footsteps_Rock/Footsteps_Rock_Jump/Footsteps_Rock_Jump_Start_05.wav using Guid(322f3dcfdbd5b5742a885bfbc4fe5365) Importer(2089858483,b0f066a214c2f5e87bad3c948f4d605d) (ScriptedImporter) -> (Import Result ID: '0e40622e57fd4989b2c5cf179df7ef46') in 0.0196035 seconds [static and dynamic dependencies]. Details - ImportResultOutputID=fab103ab7f4ddfba1d8a644e3dd814f5 DependenciesID=a62e11d7f622c9bf8f21f63f50230292 StaticDependenciesID=c0fe82e22a4729f499c1dd36718ab72f 
Number of updated asset objects reloaded before import = 0Number of asset objects unloaded after import = 1

========================================================================
Received Import Request.
  Time since last request: 0.000045 seconds.
  path: Assets/Downloaded/Footsteps - Essentials/Footsteps_Sand/Footsteps_Sand_Run/Footsteps_Sand_Run_05.wav
  importAddress: Guid(524ca5d8ba6570f47a403855a9d2cf29) Importer(2089858483,b0f066a214c2f5e87bad3c948f4d605d)
Start importing Assets/Downloaded/Footsteps - Essentials/Footsteps_Sand/Footsteps_Sand_Run/Footsteps_Sand_Run_05.wav using Guid(524ca5d8ba6570f47a403855a9d2cf29) Importer(2089858483,b0f066a214c2f5e87bad3c948f4d605d) (ScriptedImporter) -> (Import Result ID: '3924d72ac2708cbbc18e885324a538b4') in 0.0220695 seconds [static and dynamic dependencies]. Details - ImportResultOutputID=620268017651de0a6259c9a72c51a8f4 DependenciesID=5fbd68726233ed6583dd596d22f8d16f StaticDependenciesID=cf0928283f76d4809c3c0c336e1480b8 
Number of updated asset objects reloaded before import = 0Number of asset objects unloaded after import = 1

========================================================================
Received Import Request.
  Time since last request: 0.000027 seconds.
  path: Assets/Downloaded/Footsteps - Essentials/Footsteps_Wood/Footsteps_Wood_Jump/Footsteps_Wood_Jump_Land_02.wav
  importAddress: Guid(623ad07c146cedd4db6b902fd1612618) Importer(2089858483,b0f066a214c2f5e87bad3c948f4d605d)
Start importing Assets/Downloaded/Footsteps - Essentials/Footsteps_Wood/Footsteps_Wood_Jump/Footsteps_Wood_Jump_Land_02.wav using Guid(623ad07c146cedd4db6b902fd1612618) Importer(2089858483,b0f066a214c2f5e87bad3c948f4d605d) (ScriptedImporter) -> (Import Result ID: 'd7b1cc951c7823c2738ad122175d15db') in 0.0206163 seconds [static and dynamic dependencies]. Details - ImportResultOutputID=23ef701db0eb6d8bf08598163055615e DependenciesID=d32e8897769448251b36b30575b491ce StaticDependenciesID=805886d8d94b4ba8aa33f6eb24725978 
Number of updated asset objects reloaded before import = 0Number of asset objects unloaded after import = 1

========================================================================
Received Import Request.
  Time since last request: 0.000023 seconds.
  path: Assets/Downloaded/Footsteps - Essentials/Footsteps_Snow/Footsteps_Snow_Run/Footsteps_Snow_Hard_Run_01.wav
  importAddress: Guid(6ed60d26e9b63494aa186a23d910cfe8) Importer(2089858483,b0f066a214c2f5e87bad3c948f4d605d)
Start importing Assets/Downloaded/Footsteps - Essentials/Footsteps_Snow/Footsteps_Snow_Run/Footsteps_Snow_Hard_Run_01.wav using Guid(6ed60d26e9b63494aa186a23d910cfe8) Importer(2089858483,b0f066a214c2f5e87bad3c948f4d605d) (ScriptedImporter) -> (Import Result ID: '1e1998559067a56cf9168acc23c08b26') in 0.0255963 seconds [static and dynamic dependencies]. Details - ImportResultOutputID=cfe63616069f220ccc1e4328c594bccb DependenciesID=01942b1dcf48fd511177cec2e5721e2b StaticDependenciesID=65268b8267f71ff879e088f8650ecc47 
Number of updated asset objects reloaded before import = 0Number of asset objects unloaded after import = 1

========================================================================
Received Import Request.
  Time since last request: 0.000033 seconds.
  path: Assets/Downloaded/Footsteps - Essentials/Footsteps_Snow/Footsteps_Snow_Walk/Footsteps_Snow_Walk_11.wav
  importAddress: Guid(3f06dcd119362ab4e92a4141798a689e) Importer(2089858483,b0f066a214c2f5e87bad3c948f4d605d)
Start importing Assets/Downloaded/Footsteps - Essentials/Footsteps_Snow/Footsteps_Snow_Walk/Footsteps_Snow_Walk_11.wav using Guid(3f06dcd119362ab4e92a4141798a689e) Importer(2089858483,b0f066a214c2f5e87bad3c948f4d605d) (ScriptedImporter) -> (Import Result ID: '7e8c04cfa0077d6dd1535f67d80cf2ed') in 0.0198345 seconds [static and dynamic dependencies]. Details - ImportResultOutputID=b060717a1d45e63a296194339e64b896 DependenciesID=e4a36b3e7c93e20b4a031d49f29d72ce StaticDependenciesID=58ccf0453b4c910e1ecab6a30175dd5f 
Number of updated asset objects reloaded before import = 0Number of asset objects unloaded after import = 1

========================================================================
Received Import Request.
  Time since last request: 0.000039 seconds.
  path: Assets/Downloaded/Footsteps - Essentials/Footsteps_Sand/Footsteps_Sand_Walk/Footsteps_Sand_Walk_06.wav
  importAddress: Guid(27c1afdeb55574a48831d6f430f1cbac) Importer(2089858483,b0f066a214c2f5e87bad3c948f4d605d)
Start importing Assets/Downloaded/Footsteps - Essentials/Footsteps_Sand/Footsteps_Sand_Walk/Footsteps_Sand_Walk_06.wav using Guid(27c1afdeb55574a48831d6f430f1cbac) Importer(2089858483,b0f066a214c2f5e87bad3c948f4d605d) (ScriptedImporter) -> (Import Result ID: '9f2dd053419574d3a45b4baef3587a40') in 0.0221169 seconds [static and dynamic dependencies]. Details - ImportResultOutputID=c9d3f3250480039d24567dbf0f4b16ba DependenciesID=fec850c61ee16dcba8c2410db3780a24 StaticDependenciesID=c750fc576ca56be1b5adcbba233334d1 
Number of updated asset objects reloaded before import = 0Number of asset objects unloaded after import = 1

========================================================================
Received Import Request.
  Time since last request: 0.000024 seconds.
  path: Assets/Downloaded/Footsteps - Essentials/Footsteps_Rock/Footsteps_Rock_Jump/Footsteps_Rock_Jump_Start_01.wav
  importAddress: Guid(8420cf17e21d6354a98e6ef6d19dc9cc) Importer(2089858483,b0f066a214c2f5e87bad3c948f4d605d)
Start importing Assets/Downloaded/Footsteps - Essentials/Footsteps_Rock/Footsteps_Rock_Jump/Footsteps_Rock_Jump_Start_01.wav using Guid(8420cf17e21d6354a98e6ef6d19dc9cc) Importer(2089858483,b0f066a214c2f5e87bad3c948f4d605d) (ScriptedImporter) -> (Import Result ID: '925176605ee0e47b637b4ef42cfc8bd7') in 0.0226217 seconds [static and dynamic dependencies]. Details - ImportResultOutputID=2fbc30c8b37d3978f7102c223b97d9d3 DependenciesID=359bc74a5c85cf862969e406f087cf94 StaticDependenciesID=f7d99ba9a5171c650d96e5b2f5cbadf0 
Number of updated asset objects reloaded before import = 0Number of asset objects unloaded after import = 1

========================================================================
Received Import Request.
  Time since last request: 0.000029 seconds.
  path: Assets/Downloaded/Footsteps - Essentials/Footsteps_Snow/Footsteps_Snow_Run/Footsteps_Snow_Hard_Run_04.wav
  importAddress: Guid(1117ec3a4264b0a4998eda9efc588d34) Importer(2089858483,b0f066a214c2f5e87bad3c948f4d605d)
Start importing Assets/Downloaded/Footsteps - Essentials/Footsteps_Snow/Footsteps_Snow_Run/Footsteps_Snow_Hard_Run_04.wav using Guid(1117ec3a4264b0a4998eda9efc588d34) Importer(2089858483,b0f066a214c2f5e87bad3c948f4d605d) (ScriptedImporter) -> (Import Result ID: '795f75adf5db5b6d6e80932c3cf9eeb3') in 0.0252428 seconds [static and dynamic dependencies]. Details - ImportResultOutputID=90a08d7a317ff3fa037580dc1b82bb66 DependenciesID=2dfe21c1855afc85dc8b1627ce071613 StaticDependenciesID=6795623e6bd7be800d601c52f37eb3c7 
Number of updated asset objects reloaded before import = 0Number of asset objects unloaded after import = 1

========================================================================
Received Import Request.
  Time since last request: 0.000029 seconds.
  path: Assets/Downloaded/Footsteps - Essentials/Footsteps_Leaves/Footsteps_Leaves_Jump/Footsteps_Leaves_Jump_Land_01.wav
  importAddress: Guid(99c4a3774a894ff41a9f16f21aad34aa) Importer(2089858483,b0f066a214c2f5e87bad3c948f4d605d)
Start importing Assets/Downloaded/Footsteps - Essentials/Footsteps_Leaves/Footsteps_Leaves_Jump/Footsteps_Leaves_Jump_Land_01.wav using Guid(99c4a3774a894ff41a9f16f21aad34aa) Importer(2089858483,b0f066a214c2f5e87bad3c948f4d605d) (ScriptedImporter) -> (Import Result ID: '38c679516efacddc458fc74fca12f958') in 0.0236879 seconds [static and dynamic dependencies]. Details - ImportResultOutputID=c4aece13aeea2e7643733bc0ac81464f DependenciesID=41c66c7e460122b60748edacc9470613 StaticDependenciesID=103952fec6a69072a2b63bf0e21d9522 
Number of updated asset objects reloaded before import = 0Number of asset objects unloaded after import = 1

========================================================================
Received Import Request.
  Time since last request: 0.000037 seconds.
  path: Assets/Downloaded/Footsteps - Essentials/Footsteps_Rock/Footsteps_Rock_Run/Footsteps_Rock_Run_10.wav
  importAddress: Guid(02d4b2dff380d194fab91c0864b0c386) Importer(2089858483,b0f066a214c2f5e87bad3c948f4d605d)
Start importing Assets/Downloaded/Footsteps - Essentials/Footsteps_Rock/Footsteps_Rock_Run/Footsteps_Rock_Run_10.wav using Guid(02d4b2dff380d194fab91c0864b0c386) Importer(2089858483,b0f066a214c2f5e87bad3c948f4d605d) (ScriptedImporter) -> (Import Result ID: 'a4cc2c005e5b9aa6d7b44b1bbf61ac1a') in 0.0234567 seconds [static and dynamic dependencies]. Details - ImportResultOutputID=d4d9f6da6df01d07b6c5597c48d40463 DependenciesID=844b641be590280c4630b0127575022f StaticDependenciesID=3fb98f883d5f3903a376abb08063c5b1 
Number of updated asset objects reloaded before import = 0Number of asset objects unloaded after import = 1

========================================================================
Received Import Request.
  Time since last request: 0.000025 seconds.
  path: Assets/Downloaded/Footsteps - Essentials/Footsteps_Gravel/Footsteps_Gravel_Walk/Footsteps_Gravel_Walk_01.wav
  importAddress: Guid(5461cae585b64f64089805f0d313bc84) Importer(2089858483,b0f066a214c2f5e87bad3c948f4d605d)
Start importing Assets/Downloaded/Footsteps - Essentials/Footsteps_Gravel/Footsteps_Gravel_Walk/Footsteps_Gravel_Walk_01.wav using Guid(5461cae585b64f64089805f0d313bc84) Importer(2089858483,b0f066a214c2f5e87bad3c948f4d605d) (ScriptedImporter) -> (Import Result ID: '0cc2c0379359bed0e09ed35cb03b6a80') in 0.0227747 seconds [static and dynamic dependencies]. Details - ImportResultOutputID=82640631dba7c71e96c594140257b98d DependenciesID=e45e7a6c1ee4d3f4c0fc802f2ae0fe9b StaticDependenciesID=c87888b1610bbb2acbd17e8d5349c86d 
Number of updated asset objects reloaded before import = 0Number of asset objects unloaded after import = 1

========================================================================
Received Import Request.
  Time since last request: 0.000033 seconds.
  path: Assets/Downloaded/Footsteps - Essentials/Footsteps_Grass/Footsteps_Grass_Jump/Footsteps_Grass_Jump_Start_03.wav
  importAddress: Guid(fe175f117cf3fb2428d279bc830a1830) Importer(2089858483,b0f066a214c2f5e87bad3c948f4d605d)
Start importing Assets/Downloaded/Footsteps - Essentials/Footsteps_Grass/Footsteps_Grass_Jump/Footsteps_Grass_Jump_Start_03.wav using Guid(fe175f117cf3fb2428d279bc830a1830) Importer(2089858483,b0f066a214c2f5e87bad3c948f4d605d) (ScriptedImporter) -> (Import Result ID: 'cf50b21ef309f2925e4d3fd5c8f929e1') in 0.0215382 seconds [static and dynamic dependencies]. Details - ImportResultOutputID=d2ede1b8c184de44e8abc31edbfb4ece DependenciesID=43b05dcd2ce0bb96fe7a496073fb9079 StaticDependenciesID=fb9eb0a89de1e66df841b86166331318 
Number of updated asset objects reloaded before import = 0Number of asset objects unloaded after import = 1

========================================================================
Received Import Request.
  Time since last request: 0.000026 seconds.
  path: Assets/Downloaded/Footsteps - Essentials/Footsteps_Snow/Footsteps_Snow_Run/Footsteps_Snow_Run_03.wav
  importAddress: Guid(055d3b4f4ee12a34e837f1261703644e) Importer(2089858483,b0f066a214c2f5e87bad3c948f4d605d)
Start importing Assets/Downloaded/Footsteps - Essentials/Footsteps_Snow/Footsteps_Snow_Run/Footsteps_Snow_Run_03.wav using Guid(055d3b4f4ee12a34e837f1261703644e) Importer(2089858483,b0f066a214c2f5e87bad3c948f4d605d) (ScriptedImporter) -> (Import Result ID: '1742b013cce26ad90661b1f7b2161307') in 0.0205869 seconds [static and dynamic dependencies]. Details - ImportResultOutputID=77f0544286169791f82221601203a9a7 DependenciesID=a74641a08f8967fc8ed6a3106be4d3af StaticDependenciesID=ed9eaaaabe209b35212b81c23a6f616b 
Number of updated asset objects reloaded before import = 0Number of asset objects unloaded after import = 1

========================================================================
Received Import Request.
  Time since last request: 0.000038 seconds.
  path: Assets/Downloaded/Footsteps - Essentials/Footsteps_Grass/Footsteps_Grass_Jump/Footsteps_Grass_Jump_Land_01.wav
  importAddress: Guid(6aeefb601c305f64487cebdfacae5b6c) Importer(2089858483,b0f066a214c2f5e87bad3c948f4d605d)
Start importing Assets/Downloaded/Footsteps - Essentials/Footsteps_Grass/Footsteps_Grass_Jump/Footsteps_Grass_Jump_Land_01.wav using Guid(6aeefb601c305f64487cebdfacae5b6c) Importer(2089858483,b0f066a214c2f5e87bad3c948f4d605d) (ScriptedImporter) -> (Import Result ID: 'd47e0de40c1a347532476c5e02777972') in 0.0221223 seconds [static and dynamic dependencies]. Details - ImportResultOutputID=c5bc6aa0864a833ec6fdaff9675118a3 DependenciesID=05d5361d8805d582355d387420a53f98 StaticDependenciesID=8b1492c71efe4c2ae8bfb99fff2ca5b7 
Number of updated asset objects reloaded before import = 0Number of asset objects unloaded after import = 1

========================================================================
Received Import Request.
  Time since last request: 0.000024 seconds.
  path: Assets/Downloaded/Footsteps - Essentials/Footsteps_Metal/Footsteps_Metal_Walk/Footsteps_MetalV2_Walk_13.wav
  importAddress: Guid(65507879ee055e648b1de3581c284cca) Importer(2089858483,b0f066a214c2f5e87bad3c948f4d605d)
Start importing Assets/Downloaded/Footsteps - Essentials/Footsteps_Metal/Footsteps_Metal_Walk/Footsteps_MetalV2_Walk_13.wav using Guid(65507879ee055e648b1de3581c284cca) Importer(2089858483,b0f066a214c2f5e87bad3c948f4d605d) (ScriptedImporter) -> (Import Result ID: 'c2b5efce4d0b6d8eb38073d177f6299d') in 0.0228945 seconds [static and dynamic dependencies]. Details - ImportResultOutputID=d1d035908ae6abddddc40e7b36aec2ba DependenciesID=da9e4c23c01aff48061ab9ad48fab817 StaticDependenciesID=5e0d66e0c8d1e97f16bdeb964b4d2c1e 
Number of updated asset objects reloaded before import = 0Number of asset objects unloaded after import = 1

========================================================================
Received Import Request.
  Time since last request: 0.000026 seconds.
  path: Assets/Downloaded/Footsteps - Essentials/Footsteps_Gravel/Footsteps_Gravel_Run/Footsteps_Gravel_Run_04.wav
  importAddress: Guid(0b8aed54efbbfa946af2f31d3d92f9cd) Importer(2089858483,b0f066a214c2f5e87bad3c948f4d605d)
Start importing Assets/Downloaded/Footsteps - Essentials/Footsteps_Gravel/Footsteps_Gravel_Run/Footsteps_Gravel_Run_04.wav using Guid(0b8aed54efbbfa946af2f31d3d92f9cd) Importer(2089858483,b0f066a214c2f5e87bad3c948f4d605d) (ScriptedImporter) -> (Import Result ID: '68ca474ae72c5ee58ae5e3bfd5f8dfa8') in 0.0239749 seconds [static and dynamic dependencies]. Details - ImportResultOutputID=c8ca423d0e930b2fe7f9a7e5e03f595f DependenciesID=d2b7db23207540405a05c38bb7679d02 StaticDependenciesID=e5e08193a945f8976edacb0f6f0b582e 
Number of updated asset objects reloaded before import = 0Number of asset objects unloaded after import = 1

========================================================================
Received Import Request.
  Time since last request: 0.000028 seconds.
  path: Assets/Downloaded/Footsteps - Essentials/Footsteps_Wood/Footsteps_Wood_Jump/Footsteps_Wood_Jump_Start_01.wav
  importAddress: Guid(7d22997c3222c124d91d351ddc1c6ee4) Importer(2089858483,b0f066a214c2f5e87bad3c948f4d605d)
Start importing Assets/Downloaded/Footsteps - Essentials/Footsteps_Wood/Footsteps_Wood_Jump/Footsteps_Wood_Jump_Start_01.wav using Guid(7d22997c3222c124d91d351ddc1c6ee4) Importer(2089858483,b0f066a214c2f5e87bad3c948f4d605d) (ScriptedImporter) -> (Import Result ID: '85862a213fbcf5f535aca0ea4c219800') in 0.0259237 seconds [static and dynamic dependencies]. Details - ImportResultOutputID=a4490b995cbbb38fb2408360215e29fd DependenciesID=072fe14ed3f5bbef656381584b3619e7 StaticDependenciesID=8ffaf36c41e79e3edacc12d2e883fc28 
Number of updated asset objects reloaded before import = 0Number of asset objects unloaded after import = 1

========================================================================
Received Import Request.
  Time since last request: 0.000038 seconds.
  path: Assets/Downloaded/Footsteps - Essentials/Footsteps_Mud/Footsteps_Mud_Run/Footsteps_Mud_Run_02.wav
  importAddress: Guid(f2d112cd27f01be4da1fd1979addfb73) Importer(2089858483,b0f066a214c2f5e87bad3c948f4d605d)
Start importing Assets/Downloaded/Footsteps - Essentials/Footsteps_Mud/Footsteps_Mud_Run/Footsteps_Mud_Run_02.wav using Guid(f2d112cd27f01be4da1fd1979addfb73) Importer(2089858483,b0f066a214c2f5e87bad3c948f4d605d) (ScriptedImporter) -> (Import Result ID: '293691048199364abee4b5f25726e1df') in 0.0208693 seconds [static and dynamic dependencies]. Details - ImportResultOutputID=57df5cad25453b7cd92842c0b3a680ac DependenciesID=f5bff0eca14d7abd59c5520cdcd6b1e7 StaticDependenciesID=4abd30cee720cac1bd5eb39a91460fa8 
Number of updated asset objects reloaded before import = 0Number of asset objects unloaded after import = 1

========================================================================
Received Import Request.
  Time since last request: 0.000028 seconds.
  path: Assets/Downloaded/Footsteps - Essentials/Footsteps_Snow/Footsteps_Snow_Walk/Footsteps_Snow_Hard_Walk_03.wav
  importAddress: Guid(2c90e80473cc930448770f8a996062cb) Importer(2089858483,b0f066a214c2f5e87bad3c948f4d605d)
Start importing Assets/Downloaded/Footsteps - Essentials/Footsteps_Snow/Footsteps_Snow_Walk/Footsteps_Snow_Hard_Walk_03.wav using Guid(2c90e80473cc930448770f8a996062cb) Importer(2089858483,b0f066a214c2f5e87bad3c948f4d605d) (ScriptedImporter) -> (Import Result ID: '4c716b50d5da63b3db539632a6649072') in 0.0220196 seconds [static and dynamic dependencies]. Details - ImportResultOutputID=d54f460827470bc0f94431b10e50cbe3 DependenciesID=c9bc7bd4b316f9512bb881c879c9a6e4 StaticDependenciesID=8782c8b76c2e4018bd76293717ecf024 
Number of updated asset objects reloaded before import = 0Number of asset objects unloaded after import = 1

========================================================================
Received Import Request.
  Time since last request: 0.000023 seconds.
  path: Assets/Downloaded/Footsteps - Essentials/Footsteps_Snow/Footsteps_Snow_Jump/Footsteps_Snow_Jump_Start_02.wav
  importAddress: Guid(7713ba384a2a8f44ab2eb40dee9ddaea) Importer(2089858483,b0f066a214c2f5e87bad3c948f4d605d)
Start importing Assets/Downloaded/Footsteps - Essentials/Footsteps_Snow/Footsteps_Snow_Jump/Footsteps_Snow_Jump_Start_02.wav using Guid(7713ba384a2a8f44ab2eb40dee9ddaea) Importer(2089858483,b0f066a214c2f5e87bad3c948f4d605d) (ScriptedImporter) -> (Import Result ID: '586a7ea19992bf39606ec13c91049612') in 0.0215315 seconds [static and dynamic dependencies]. Details - ImportResultOutputID=0ec2ce9fe8b2e286c0418717c04fb957 DependenciesID=580005f598259c51de1b668fdc9ec8f0 StaticDependenciesID=92238df6250905f4ebabdc530f72ab72 
Number of updated asset objects reloaded before import = 0Number of asset objects unloaded after import = 1

========================================================================
Received Import Request.
  Time since last request: 0.000027 seconds.
  path: Assets/Downloaded/Footsteps - Essentials/Footsteps_Metal/Footsteps_Metal_Walk/Footsteps_MetalV2_Walk_05.wav
  importAddress: Guid(d2b2858ce5c7ca9428bfd0e424d5a82d) Importer(2089858483,b0f066a214c2f5e87bad3c948f4d605d)
Start importing Assets/Downloaded/Footsteps - Essentials/Footsteps_Metal/Footsteps_Metal_Walk/Footsteps_MetalV2_Walk_05.wav using Guid(d2b2858ce5c7ca9428bfd0e424d5a82d) Importer(2089858483,b0f066a214c2f5e87bad3c948f4d605d) (ScriptedImporter) -> (Import Result ID: 'b5d57bdaa55406db875590aafd474724') in 0.0232774 seconds [static and dynamic dependencies]. Details - ImportResultOutputID=1eeb37b9566bbe75560fb606e554d6a1 DependenciesID=b30612e5686c9c6fbb4d129b8875acbf StaticDependenciesID=730672569c7e2226f241b69e88936196 
Number of updated asset objects reloaded before import = 0Number of asset objects unloaded after import = 1

========================================================================
Received Import Request.
  Time since last request: 0.000043 seconds.
  path: Assets/Downloaded/Footsteps - Essentials/Footsteps_Sand/Footsteps_Sand_Jump
  importAddress: Guid(d7413b64fb12e8b4fa0cb258e8898ba3) Importer(2089858483,b0f066a214c2f5e87bad3c948f4d605d)
Start importing Assets/Downloaded/Footsteps - Essentials/Footsteps_Sand/Footsteps_Sand_Jump using Guid(d7413b64fb12e8b4fa0cb258e8898ba3) Importer(2089858483,b0f066a214c2f5e87bad3c948f4d605d) (ScriptedImporter) -> (Import Result ID: '2516f9c95e6d5f529e2e5f39de90a07d') in 0.0180369 seconds [static and dynamic dependencies]. Details - ImportResultOutputID=19a066cf6922f97879689a35074cda2b DependenciesID=9c98295a41785a2639c0ede5c8540a8e StaticDependenciesID=bd41f8bb6f9a55f817a5ff287fd9af00 
Number of updated asset objects reloaded before import = 0Number of asset objects unloaded after import = 1

========================================================================
Received Import Request.
  Time since last request: 0.000029 seconds.
  path: Assets/Downloaded/Footsteps - Essentials/Footsteps_DirtyGround/Footsteps_DirtyGround_Run/Footsteps_DirtyGround_Run_10.wav
  importAddress: Guid(f26cf9ded47cf0140957490a16f85acc) Importer(2089858483,b0f066a214c2f5e87bad3c948f4d605d)
Start importing Assets/Downloaded/Footsteps - Essentials/Footsteps_DirtyGround/Footsteps_DirtyGround_Run/Footsteps_DirtyGround_Run_10.wav using Guid(f26cf9ded47cf0140957490a16f85acc) Importer(2089858483,b0f066a214c2f5e87bad3c948f4d605d) (ScriptedImporter) -> (Import Result ID: '6ff7c9ab959eb9511d245f34f49ba186') in 0.0215449 seconds [static and dynamic dependencies]. Details - ImportResultOutputID=e9a415bd92d7a84c3d80b9def03ff561 DependenciesID=30ef53bc09ce09f55e7866de482ffefb StaticDependenciesID=409a2757c21ea0827538ec497b8a547c 
Number of updated asset objects reloaded before import = 0Number of asset objects unloaded after import = 1

========================================================================
Received Import Request.
  Time since last request: 0.000023 seconds.
  path: Assets/Downloaded/Footsteps - Essentials/Footsteps_Grass/Foley_Grass/Footsteps_Grass_Tall_Movement_01.wav
  importAddress: Guid(ad5de75eeb6f27a49a13d399389a8f7b) Importer(2089858483,b0f066a214c2f5e87bad3c948f4d605d)
Start importing Assets/Downloaded/Footsteps - Essentials/Footsteps_Grass/Foley_Grass/Footsteps_Grass_Tall_Movement_01.wav using Guid(ad5de75eeb6f27a49a13d399389a8f7b) Importer(2089858483,b0f066a214c2f5e87bad3c948f4d605d) (ScriptedImporter) -> (Import Result ID: '5c7c3d9b5e6b0b70a4d0c76844949e76') in 0.0248554 seconds [static and dynamic dependencies]. Details - ImportResultOutputID=379030d07a54961db204aa01e83e8817 DependenciesID=6f1a93abe7cae17761c94e1b904aa844 StaticDependenciesID=7e2f6c5f75f064dbfa9c212073188207 
Number of updated asset objects reloaded before import = 0Number of asset objects unloaded after import = 1

========================================================================
Received Import Request.
  Time since last request: 0.000038 seconds.
  path: Assets/Downloaded/Footsteps - Essentials/Footsteps_Snow/Footsteps_Snow_Walk/Footsteps_Snow_Walk_10.wav
  importAddress: Guid(9929892c95e88f24ea67533fdec16e2e) Importer(2089858483,b0f066a214c2f5e87bad3c948f4d605d)
Start importing Assets/Downloaded/Footsteps - Essentials/Footsteps_Snow/Footsteps_Snow_Walk/Footsteps_Snow_Walk_10.wav using Guid(9929892c95e88f24ea67533fdec16e2e) Importer(2089858483,b0f066a214c2f5e87bad3c948f4d605d) (ScriptedImporter) -> (Import Result ID: '7bb69147491139e7f94e7342d6d50782') in 0.0254384 seconds [static and dynamic dependencies]. Details - ImportResultOutputID=d912db3bbf45641fa19feec4da82238c DependenciesID=b0b3bed611ee9464dac245efdcfb637d StaticDependenciesID=cb7daa43df1d02b3c4bb0b194cd7ea3e 
Number of updated asset objects reloaded before import = 0Number of asset objects unloaded after import = 1

========================================================================
Received Import Request.
  Time since last request: 0.000041 seconds.
  path: Assets/Downloaded/Footsteps - Essentials/Footsteps_Gravel/Footsteps_Gravel_Jump
  importAddress: Guid(af27ffc11e932da4786f9fef9e7faad2) Importer(2089858483,b0f066a214c2f5e87bad3c948f4d605d)
Start importing Assets/Downloaded/Footsteps - Essentials/Footsteps_Gravel/Footsteps_Gravel_Jump using Guid(af27ffc11e932da4786f9fef9e7faad2) Importer(2089858483,b0f066a214c2f5e87bad3c948f4d605d) (ScriptedImporter) -> (Import Result ID: '7485648f1ea0d3576c07014e8df2643c') in 0.0172142 seconds [static and dynamic dependencies]. Details - ImportResultOutputID=3fb3b04fdf0c05d249f62daab3f790ae DependenciesID=0c88ea05fc9c7ad23287fb904b436df4 StaticDependenciesID=90b4eef7181604cde950295b81bf9e69 
Number of updated asset objects reloaded before import = 0Number of asset objects unloaded after import = 1

========================================================================
Received Import Request.
  Time since last request: 0.000025 seconds.
  path: Assets/Downloaded/Footsteps - Essentials/Footsteps_Snow/Footsteps_Snow_Jump/Footsteps_Snow_Jump_Land_06.wav
  importAddress: Guid(dfeacf04bb644374ab5ab503cb4eaff7) Importer(2089858483,b0f066a214c2f5e87bad3c948f4d605d)
Start importing Assets/Downloaded/Footsteps - Essentials/Footsteps_Snow/Footsteps_Snow_Jump/Footsteps_Snow_Jump_Land_06.wav using Guid(dfeacf04bb644374ab5ab503cb4eaff7) Importer(2089858483,b0f066a214c2f5e87bad3c948f4d605d) (ScriptedImporter) -> (Import Result ID: '522a13fc3d29c8275d9faa2fa56d4abd') in 0.0220643 seconds [static and dynamic dependencies]. Details - ImportResultOutputID=0933fc620e79f175c465dd8869a05153 DependenciesID=ba95812197d8cf570cb3fc4691b3263c StaticDependenciesID=3025cc53e7aa9093b896696ab761f1c8 
Number of updated asset objects reloaded before import = 0Number of asset objects unloaded after import = 1

========================================================================
Received Import Request.
  Time since last request: 0.000023 seconds.
  path: Assets/Downloaded/Footsteps - Essentials/Footsteps_Gravel/Footsteps_Gravel_Run/Footsteps_Gravel_Run_09.wav
  importAddress: Guid(41ba7c338f630f2489bd0273b0573616) Importer(2089858483,b0f066a214c2f5e87bad3c948f4d605d)
Start importing Assets/Downloaded/Footsteps - Essentials/Footsteps_Gravel/Footsteps_Gravel_Run/Footsteps_Gravel_Run_09.wav using Guid(41ba7c338f630f2489bd0273b0573616) Importer(2089858483,b0f066a214c2f5e87bad3c948f4d605d) (ScriptedImporter) -> (Import Result ID: '28f77cade8046ba7d34bfb11d3aa52d9') in 0.0224258 seconds [static and dynamic dependencies]. Details - ImportResultOutputID=1aaa79c0fa5c21abc9f940308bf76c79 DependenciesID=90d3d28e20b4c7f9961fb31adba64a20 StaticDependenciesID=57126bccfcb9272028e70aa18a1e581e 
Number of updated asset objects reloaded before import = 0Number of asset objects unloaded after import = 1

========================================================================
Received Import Request.
  Time since last request: 0.000029 seconds.
  path: Assets/Downloaded/Footsteps - Essentials/Footsteps_Mud/Footsteps_Mud_Jump/Footsteps_Mud_Jump_Land_01.wav
  importAddress: Guid(371c7554d1d165146a79898daa807134) Importer(2089858483,b0f066a214c2f5e87bad3c948f4d605d)
Start importing Assets/Downloaded/Footsteps - Essentials/Footsteps_Mud/Footsteps_Mud_Jump/Footsteps_Mud_Jump_Land_01.wav using Guid(371c7554d1d165146a79898daa807134) Importer(2089858483,b0f066a214c2f5e87bad3c948f4d605d) (ScriptedImporter) -> (Import Result ID: 'ca9829857e7c040063b1aa123577e930') in 0.0217698 seconds [static and dynamic dependencies]. Details - ImportResultOutputID=593c0cfb88f9b0074fdbef89ca4779a1 DependenciesID=26d5fd3906267573bd910a80acc0bb60 StaticDependenciesID=5ed3bb07c3ae7ca26fec46ea510ce52d 
Number of updated asset objects reloaded before import = 0Number of asset objects unloaded after import = 1

========================================================================
Received Import Request.
  Time since last request: 0.000043 seconds.
  path: Assets/Downloaded/Footsteps - Essentials/Footsteps_Grass/Footsteps_Grass_Walk/Footsteps_Walk_Grass_Mono_16.wav
  importAddress: Guid(f3a60c89c8456614895e7e11520a19d5) Importer(2089858483,b0f066a214c2f5e87bad3c948f4d605d)
Start importing Assets/Downloaded/Footsteps - Essentials/Footsteps_Grass/Footsteps_Grass_Walk/Footsteps_Walk_Grass_Mono_16.wav using Guid(f3a60c89c8456614895e7e11520a19d5) Importer(2089858483,b0f066a214c2f5e87bad3c948f4d605d) (ScriptedImporter) -> (Import Result ID: '0e1c67a2ed9f6c6d50dd4b9d9aeed3c6') in 0.0220221 seconds [static and dynamic dependencies]. Details - ImportResultOutputID=3d800d8ad04387ad05a15e8bbfdc2ee6 DependenciesID=742be0307df5a5338675be462d82ef09 StaticDependenciesID=fbed4beeb49be9f444dd9fac4ba7fb43 
Number of updated asset objects reloaded before import = 0Number of asset objects unloaded after import = 1

========================================================================
Received Import Request.
  Time since last request: 0.000029 seconds.
  path: Assets/Downloaded/Footsteps - Essentials/Footsteps_Wood/Footsteps_Wood_Walk/Footsteps_Wood_Walk_07.wav
  importAddress: Guid(30668cf6c5cbfef478b0812fc59eb646) Importer(2089858483,b0f066a214c2f5e87bad3c948f4d605d)
Start importing Assets/Downloaded/Footsteps - Essentials/Footsteps_Wood/Footsteps_Wood_Walk/Footsteps_Wood_Walk_07.wav using Guid(30668cf6c5cbfef478b0812fc59eb646) Importer(2089858483,b0f066a214c2f5e87bad3c948f4d605d) (ScriptedImporter) -> (Import Result ID: '190efa1fa00b6c84f02ca1798efc884d') in 0.0205921 seconds [static and dynamic dependencies]. Details - ImportResultOutputID=710a076c2cda0d2384f4702e5bd94884 DependenciesID=3d97734df3be22e6cfd73248651a0008 StaticDependenciesID=a80ce590562ef9db2aab11bd6d88c206 
Number of updated asset objects reloaded before import = 0Number of asset objects unloaded after import = 1

========================================================================
Received Import Request.
  Time since last request: 0.000031 seconds.
  path: Assets/Downloaded/Footsteps - Essentials/Footsteps_Gravel/Footsteps_Gravel_Run/Footsteps_Gravel_Run_06.wav
  importAddress: Guid(32d4132b6bada6b48ac1474c5b84a1f5) Importer(2089858483,b0f066a214c2f5e87bad3c948f4d605d)
Start importing Assets/Downloaded/Footsteps - Essentials/Footsteps_Gravel/Footsteps_Gravel_Run/Footsteps_Gravel_Run_06.wav using Guid(32d4132b6bada6b48ac1474c5b84a1f5) Importer(2089858483,b0f066a214c2f5e87bad3c948f4d605d) (ScriptedImporter) -> (Import Result ID: '80899640df6a72750c275de269ee6ea0') in 0.0262863 seconds [static and dynamic dependencies]. Details - ImportResultOutputID=b01baa7b12b2c87c75059cd04bf649db DependenciesID=2616e6d69fb117cfce4c2327f4f28c59 StaticDependenciesID=1ee1c8645bc778dfa5a41a5d480c2aa8 
Number of updated asset objects reloaded before import = 0Number of asset objects unloaded after import = 1

========================================================================
Received Import Request.
  Time since last request: 0.000028 seconds.
  path: Assets/Downloaded/Footsteps - Essentials/Footsteps_Metal/Footsteps_Metal_Walk/Footsteps_MetalV1_Walk_03.wav
  importAddress: Guid(2f949b40b7283404099a802630fb2077) Importer(2089858483,b0f066a214c2f5e87bad3c948f4d605d)
Start importing Assets/Downloaded/Footsteps - Essentials/Footsteps_Metal/Footsteps_Metal_Walk/Footsteps_MetalV1_Walk_03.wav using Guid(2f949b40b7283404099a802630fb2077) Importer(2089858483,b0f066a214c2f5e87bad3c948f4d605d) (ScriptedImporter) -> (Import Result ID: 'f613baccfddeb0a0bc73475ab8146147') in 0.0241217 seconds [static and dynamic dependencies]. Details - ImportResultOutputID=90828ffa0c6dc1905a3eefeba08003a3 DependenciesID=3c898d43f46a09e25dca6792b0a99f75 StaticDependenciesID=62c1f44824f2ababdc1b6b5786a662ab 
Number of updated asset objects reloaded before import = 0Number of asset objects unloaded after import = 1

========================================================================
Received Import Request.
  Time since last request: 0.000040 seconds.
  path: Assets/Downloaded/Footsteps - Essentials/Footsteps_Gravel/Footsteps_Gravel_Jump/Footsteps_Jump_Land_03.wav
  importAddress: Guid(70bfbaaebebfb0d4ba87a5e9947d5ad3) Importer(2089858483,b0f066a214c2f5e87bad3c948f4d605d)
Start importing Assets/Downloaded/Footsteps - Essentials/Footsteps_Gravel/Footsteps_Gravel_Jump/Footsteps_Jump_Land_03.wav using Guid(70bfbaaebebfb0d4ba87a5e9947d5ad3) Importer(2089858483,b0f066a214c2f5e87bad3c948f4d605d) (ScriptedImporter) -> (Import Result ID: '5306ea323673b5fe94b4ddf7bc02692a') in 0.0224772 seconds [static and dynamic dependencies]. Details - ImportResultOutputID=093cfaa8597b35a7c87c11a2a5a9d21c DependenciesID=314930adc050b8ec133e70a5fdf4e12c StaticDependenciesID=e34c7093f6997ddc95c27259599ccef4 
Number of updated asset objects reloaded before import = 0Number of asset objects unloaded after import = 1

========================================================================
Received Import Request.
  Time since last request: 0.000026 seconds.
  path: Assets/Downloaded/Footsteps - Essentials/Footsteps_Metal/Footsteps_Metal_Run/Footsteps_MetalV2_Run_04.wav
  importAddress: Guid(5da9a1fac751fd544933656ba7cdb367) Importer(2089858483,b0f066a214c2f5e87bad3c948f4d605d)
Start importing Assets/Downloaded/Footsteps - Essentials/Footsteps_Metal/Footsteps_Metal_Run/Footsteps_MetalV2_Run_04.wav using Guid(5da9a1fac751fd544933656ba7cdb367) Importer(2089858483,b0f066a214c2f5e87bad3c948f4d605d) (ScriptedImporter) -> (Import Result ID: 'e6f713a36d69090054be8a4f55cc216b') in 0.0226753 seconds [static and dynamic dependencies]. Details - ImportResultOutputID=6f3d3eb111c9d2db9c4c6bbd2e29bcfa DependenciesID=f321fdb0fcfe08da0f1b4b6f7fb11cb9 StaticDependenciesID=2beb0f8e1a72fd4025350e57ef468ccd 
Number of updated asset objects reloaded before import = 0Number of asset objects unloaded after import = 1

========================================================================
Received Import Request.
  Time since last request: 0.000025 seconds.
  path: Assets/Downloaded/Footsteps - Essentials/Footsteps_Sand/Footsteps_Sand_Run/Footsteps_Sand_Run_11.wav
  importAddress: Guid(add3298d47405fd4da3a313bbc049fe2) Importer(2089858483,b0f066a214c2f5e87bad3c948f4d605d)
Start importing Assets/Downloaded/Footsteps - Essentials/Footsteps_Sand/Footsteps_Sand_Run/Footsteps_Sand_Run_11.wav using Guid(add3298d47405fd4da3a313bbc049fe2) Importer(2089858483,b0f066a214c2f5e87bad3c948f4d605d) (ScriptedImporter) -> (Import Result ID: 'ee3a406f16d790e16b84b68bec6cdb7d') in 0.0245608 seconds [static and dynamic dependencies]. Details - ImportResultOutputID=bd179d7b55116294bb5167ea9a09dfb0 DependenciesID=c3c1f023683a3145e228360603214810 StaticDependenciesID=f2f3adf7532c2f81c68b2be059e6223a 
Number of updated asset objects reloaded before import = 0Number of asset objects unloaded after import = 1

========================================================================
Received Import Request.
  Time since last request: 0.000027 seconds.
  path: Assets/Downloaded/shashirajproductions/Deadly_Creatures_Pack1_v1/Audio/SFX/Deadly_Creatures_Growls_Roars_v1_(7).wav
  importAddress: Guid(077f07316700e854da0e2b7be02ba226) Importer(2089858483,b0f066a214c2f5e87bad3c948f4d605d)
Start importing Assets/Downloaded/shashirajproductions/Deadly_Creatures_Pack1_v1/Audio/SFX/Deadly_Creatures_Growls_Roars_v1_(7).wav using Guid(077f07316700e854da0e2b7be02ba226) Importer(2089858483,b0f066a214c2f5e87bad3c948f4d605d) (ScriptedImporter) -> (Import Result ID: '55f1fa393ab9427e7b42200107a6e140') in 0.01801 seconds [static and dynamic dependencies]. Details - ImportResultOutputID=5cb70aeb2f075decbba2812348bc39d0 DependenciesID=8d2c044e527e5fac9c29e0e887aaa408 StaticDependenciesID=29efa97b826965cb2c40707af3721047 
Number of updated asset objects reloaded before import = 0Number of asset objects unloaded after import = 1

========================================================================
Received Import Request.
  Time since last request: 0.000038 seconds.
  path: Assets/Scripts/PlayerFootsteps.cs
  importAddress: Guid(4839f6cbbdd05ab4e9dbf3aea5feaa4d) Importer(2089858483,b0f066a214c2f5e87bad3c948f4d605d)
Start importing Assets/Scripts/PlayerFootsteps.cs using Guid(4839f6cbbdd05ab4e9dbf3aea5feaa4d) Importer(2089858483,b0f066a214c2f5e87bad3c948f4d605d) (ScriptedImporter) -> (Import Result ID: 'b7c66128e7ab9b379b0714c5386f0ea8') in 0.0304526 seconds [static and dynamic dependencies]. Details - ImportResultOutputID=9523d8e64a613a39bd3e0ebde9a996ad DependenciesID=74a976eac286b204c1a5b5d5173a988a StaticDependenciesID=1073db9c2956ecf9db4bbaad67787710 
Number of updated asset objects reloaded before import = 0Number of asset objects unloaded after import = 0

========================================================================
Received Import Request.
  Time since last request: 0.000028 seconds.
  path: Assets/Downloaded/Footsteps - Essentials/Footsteps_Leaves/Footsteps_Leaves_Walk/Footsteps_Leaves_Walk_06.wav
  importAddress: Guid(2ee7a4274d261bf43bb411f2eae2561c) Importer(2089858483,b0f066a214c2f5e87bad3c948f4d605d)
Start importing Assets/Downloaded/Footsteps - Essentials/Footsteps_Leaves/Footsteps_Leaves_Walk/Footsteps_Leaves_Walk_06.wav using Guid(2ee7a4274d261bf43bb411f2eae2561c) Importer(2089858483,b0f066a214c2f5e87bad3c948f4d605d) (ScriptedImporter) -> (Import Result ID: 'c7ba7b232653e50a98e0fcb12e0640b6') in 0.0210309 seconds [static and dynamic dependencies]. Details - ImportResultOutputID=2dbea63dc36189ff6159312b3a0f340d DependenciesID=02cff29cef4441ccf402f7ff3ec88b9d StaticDependenciesID=86e0e73b22b89358a25d9a79dce929ad 
Number of updated asset objects reloaded before import = 0Number of asset objects unloaded after import = 1

========================================================================
Received Import Request.
  Time since last request: 0.000024 seconds.
  path: Assets/Downloaded/Footsteps - Essentials/Footsteps_Metal/Footsteps_Metal_Walk/Footsteps_MetalV2_Walk_02.wav
  importAddress: Guid(4ebaaf27aa23a0446b8fd874d60909e5) Importer(2089858483,b0f066a214c2f5e87bad3c948f4d605d)
Start importing Assets/Downloaded/Footsteps - Essentials/Footsteps_Metal/Footsteps_Metal_Walk/Footsteps_MetalV2_Walk_02.wav using Guid(4ebaaf27aa23a0446b8fd874d60909e5) Importer(2089858483,b0f066a214c2f5e87bad3c948f4d605d) (ScriptedImporter) -> (Import Result ID: '36b309109120c5e04279c885acc45435') in 0.0198029 seconds [static and dynamic dependencies]. Details - ImportResultOutputID=41d725af16e8f001905c95a308109849 DependenciesID=795a5734d41721a7b91190ec02fcba47 StaticDependenciesID=1859016a28f8b45704694997706be3e4 
Number of updated asset objects reloaded before import = 0Number of asset objects unloaded after import = 1

========================================================================
Received Import Request.
  Time since last request: 0.000026 seconds.
  path: Assets/Downloaded/Footsteps - Essentials/Footsteps_Grass/Footsteps_Grass_Jump/Footsteps_Grass_Jump_Start_02.wav
  importAddress: Guid(1a9abdcacc68aa447b151d0b1f93754b) Importer(2089858483,b0f066a214c2f5e87bad3c948f4d605d)
Start importing Assets/Downloaded/Footsteps - Essentials/Footsteps_Grass/Footsteps_Grass_Jump/Footsteps_Grass_Jump_Start_02.wav using Guid(1a9abdcacc68aa447b151d0b1f93754b) Importer(2089858483,b0f066a214c2f5e87bad3c948f4d605d) (ScriptedImporter) -> (Import Result ID: '0dcd711c378e70d53cdf865fea882e3d') in 0.0194033 seconds [static and dynamic dependencies]. Details - ImportResultOutputID=375d8490abfe2d505f102a725d81f578 DependenciesID=93eb1214051963d11367a2caec8ce715 StaticDependenciesID=4f00363bae514e0ecb356001273bb526 
Number of updated asset objects reloaded before import = 0Number of asset objects unloaded after import = 1

========================================================================
Received Import Request.
  Time since last request: 0.000037 seconds.
  path: Assets/Downloaded/shashirajproductions/Deadly_Creatures_Pack1_v1/Audio/SFX/Deadly_Creatures_Growls_Roars_v1_(72).wav
  importAddress: Guid(2d22f4308b955694ba9b0fd2fc9dfde4) Importer(2089858483,b0f066a214c2f5e87bad3c948f4d605d)
Start importing Assets/Downloaded/shashirajproductions/Deadly_Creatures_Pack1_v1/Audio/SFX/Deadly_Creatures_Growls_Roars_v1_(72).wav using Guid(2d22f4308b955694ba9b0fd2fc9dfde4) Importer(2089858483,b0f066a214c2f5e87bad3c948f4d605d) (ScriptedImporter) -> (Import Result ID: 'baf1a70a2abb3dda4542999c90e3243b') in 0.0186625 seconds [static and dynamic dependencies]. Details - ImportResultOutputID=97d0e541cd73f8e8947b92d6e6e9198e DependenciesID=700dd97d5046b70197968fddd2d5c2f2 StaticDependenciesID=3b41826e844889bede267895c0feafc3 
Number of updated asset objects reloaded before import = 0Number of asset objects unloaded after import = 1

========================================================================
Received Import Request.
  Time since last request: 0.000022 seconds.
  path: Assets/Downloaded/shashirajproductions/Deadly_Creatures_Pack1_v1/Audio/SFX/Deadly_Creatures_Growls_Roars_v1_(43).wav
  importAddress: Guid(adc8191cd6518894389c275e361ba048) Importer(2089858483,b0f066a214c2f5e87bad3c948f4d605d)
Start importing Assets/Downloaded/shashirajproductions/Deadly_Creatures_Pack1_v1/Audio/SFX/Deadly_Creatures_Growls_Roars_v1_(43).wav using Guid(adc8191cd6518894389c275e361ba048) Importer(2089858483,b0f066a214c2f5e87bad3c948f4d605d) (ScriptedImporter) -> (Import Result ID: '40e5c4ac818040c2e9fb4907c31d304b') in 0.0204247 seconds [static and dynamic dependencies]. Details - ImportResultOutputID=11786f22ac7e07ea8441424e42678504 DependenciesID=83ff3cdeb6daf44a4bdca574b66e59c6 StaticDependenciesID=57d9b2bf183df90507e16922b38b780b 
Number of updated asset objects reloaded before import = 0Number of asset objects unloaded after import = 1

========================================================================
Received Import Request.
  Time since last request: 0.000023 seconds.
  path: Assets/Downloaded/shashirajproductions/Deadly_Creatures_Pack1_v1/Audio/SFX/Deadly_Creatures_Fleshy_Anger_v1_(6).wav
  importAddress: Guid(f1314d195b92ca341a16631b9d76e48a) Importer(2089858483,b0f066a214c2f5e87bad3c948f4d605d)
Start importing Assets/Downloaded/shashirajproductions/Deadly_Creatures_Pack1_v1/Audio/SFX/Deadly_Creatures_Fleshy_Anger_v1_(6).wav using Guid(f1314d195b92ca341a16631b9d76e48a) Importer(2089858483,b0f066a214c2f5e87bad3c948f4d605d) (ScriptedImporter) -> (Import Result ID: '50ee47396e062e61df1df50347cd349c') in 0.0224989 seconds [static and dynamic dependencies]. Details - ImportResultOutputID=f004a4c72c10a5d070347b68be90e069 DependenciesID=ef353d3d4c4dfc64c5fbc128fbfd9fe8 StaticDependenciesID=cf2abd2b87e945850b8d5a6825a63d61 
Number of updated asset objects reloaded before import = 0Number of asset objects unloaded after import = 1

========================================================================
Received Import Request.
  Time since last request: 0.000029 seconds.
  path: Assets/Downloaded/Footsteps - Essentials/Footsteps_Grass/Footsteps_Grass_Walk/Footsteps_Walk_Grass_Mono_13.wav
  importAddress: Guid(ba6466c0db2d12649a51ba73749902d3) Importer(2089858483,b0f066a214c2f5e87bad3c948f4d605d)
Start importing Assets/Downloaded/Footsteps - Essentials/Footsteps_Grass/Footsteps_Grass_Walk/Footsteps_Walk_Grass_Mono_13.wav using Guid(ba6466c0db2d12649a51ba73749902d3) Importer(2089858483,b0f066a214c2f5e87bad3c948f4d605d) (ScriptedImporter) -> (Import Result ID: '78767d08621dcdfebaff8c9d38450aec') in 0.0205208 seconds [static and dynamic dependencies]. Details - ImportResultOutputID=dcabfb55cbef36401baaa551f8dcb161 DependenciesID=1a3447bc64c2fcca4a9734b899031282 StaticDependenciesID=d64a6a2f6c4a45054f4abc46e167231c 
Number of updated asset objects reloaded before import = 0Number of asset objects unloaded after import = 1

========================================================================
Received Import Request.
  Time since last request: 0.000041 seconds.
  path: Assets/Downloaded/Footsteps - Essentials/Footsteps_Leaves/Footsteps_Leaves_Run/Footsteps_Leaves_Run_02.wav
  importAddress: Guid(bd2143d05a8cf734ea23012e5c3e4dbd) Importer(2089858483,b0f066a214c2f5e87bad3c948f4d605d)
Start importing Assets/Downloaded/Footsteps - Essentials/Footsteps_Leaves/Footsteps_Leaves_Run/Footsteps_Leaves_Run_02.wav using Guid(bd2143d05a8cf734ea23012e5c3e4dbd) Importer(2089858483,b0f066a214c2f5e87bad3c948f4d605d) (ScriptedImporter) -> (Import Result ID: 'b76ead260ae7547bafd16a8c7b08bad4') in 0.0194584 seconds [static and dynamic dependencies]. Details - ImportResultOutputID=55e87b387a1abf3b9d2094443a82997f DependenciesID=3f8c7f8a85018fc94b5228ba50f44d36 StaticDependenciesID=facba4e834b5370da929189488c1534b 
Number of updated asset objects reloaded before import = 0Number of asset objects unloaded after import = 1

========================================================================
Received Import Request.
  Time since last request: 0.000027 seconds.
  path: Assets/Downloaded/Footsteps - Essentials/Footsteps_Metal/Footsteps_Metal_Walk/Footsteps_MetalV2_Walk_06.wav
  importAddress: Guid(644dc4517bc1c9c40bf1e80d0b048f5b) Importer(2089858483,b0f066a214c2f5e87bad3c948f4d605d)
Start importing Assets/Downloaded/Footsteps - Essentials/Footsteps_Metal/Footsteps_Metal_Walk/Footsteps_MetalV2_Walk_06.wav using Guid(644dc4517bc1c9c40bf1e80d0b048f5b) Importer(2089858483,b0f066a214c2f5e87bad3c948f4d605d) (ScriptedImporter) -> (Import Result ID: 'ff20d0587d0fc1d3b377ad75cfca1d87') in 0.0197507 seconds [static and dynamic dependencies]. Details - ImportResultOutputID=8f1f1419193569e90c7295bbd3239426 DependenciesID=0ddf92f3692363b5699559fc884f7797 StaticDependenciesID=28ce52f63bd1b78cda2af3ed88cd5275 
Number of updated asset objects reloaded before import = 0Number of asset objects unloaded after import = 1

========================================================================
Received Import Request.
  Time since last request: 0.000025 seconds.
  path: Assets/Downloaded/shashirajproductions/Deadly_Creatures_Pack1_v1/Audio/SFX/Deadly_Creatures_Growls_Roars_v1_(19).wav
  importAddress: Guid(a70723e109e6b6b4999f6259f6533023) Importer(2089858483,b0f066a214c2f5e87bad3c948f4d605d)
Start importing Assets/Downloaded/shashirajproductions/Deadly_Creatures_Pack1_v1/Audio/SFX/Deadly_Creatures_Growls_Roars_v1_(19).wav using Guid(a70723e109e6b6b4999f6259f6533023) Importer(2089858483,b0f066a214c2f5e87bad3c948f4d605d) (ScriptedImporter) -> (Import Result ID: '90ea7d8c963148a7f729725923e0c0f2') in 0.0169404 seconds [static and dynamic dependencies]. Details - ImportResultOutputID=b644b447dd106f615c725ce7b5d8afdd DependenciesID=3326aa8c61d04a0a21368ae07b066e8d StaticDependenciesID=b4714c4a890c0b2105c3b005cade2bc6 
Number of updated asset objects reloaded before import = 0Number of asset objects unloaded after import = 1

========================================================================
Received Import Request.
  Time since last request: 0.000030 seconds.
  path: Assets/Downloaded/shashirajproductions/Deadly_Creatures_Pack1_v1/Audio/SFX/Deadly_Creatures_Growls_Roars_v1_(30).wav
  importAddress: Guid(368a6adcc8ba98945887689d62917cf4) Importer(2089858483,b0f066a214c2f5e87bad3c948f4d605d)
Start importing Assets/Downloaded/shashirajproductions/Deadly_Creatures_Pack1_v1/Audio/SFX/Deadly_Creatures_Growls_Roars_v1_(30).wav using Guid(368a6adcc8ba98945887689d62917cf4) Importer(2089858483,b0f066a214c2f5e87bad3c948f4d605d) (ScriptedImporter) -> (Import Result ID: 'ff2e0f9509e37859fad9c0f96f76e8b8') in 0.0166987 seconds [static and dynamic dependencies]. Details - ImportResultOutputID=baaccd7b127dd8664bfffb47dabbf8de DependenciesID=934dfb32ea9ddbf6d3e6f3c28f30b50c StaticDependenciesID=866687d5bfa0248ba977b4275e287825 
Number of updated asset objects reloaded before import = 0Number of asset objects unloaded after import = 1

========================================================================
Received Import Request.
  Time since last request: 0.000056 seconds.
  path: Assets/Downloaded/shashirajproductions/Deadly_Creatures_Pack1_v1/Audio/SFX/Deadly_Creatures_Growls_Roars_v1_(32).wav
  importAddress: Guid(8da15a7d95260b044844b21d302cb12d) Importer(2089858483,b0f066a214c2f5e87bad3c948f4d605d)
Start importing Assets/Downloaded/shashirajproductions/Deadly_Creatures_Pack1_v1/Audio/SFX/Deadly_Creatures_Growls_Roars_v1_(32).wav using Guid(8da15a7d95260b044844b21d302cb12d) Importer(2089858483,b0f066a214c2f5e87bad3c948f4d605d) (ScriptedImporter) -> (Import Result ID: '0e5804c8491f46e2ceb5c9126d4c2d5c') in 0.0198999 seconds [static and dynamic dependencies]. Details - ImportResultOutputID=e7ecd6a9d7b96ebaeba21edb91bc765e DependenciesID=ed11332a1ca8d18ecfcfad01bbd9797e StaticDependenciesID=5328c37d5fe0d911205eda7eb31850fa 
Number of updated asset objects reloaded before import = 0Number of asset objects unloaded after import = 1

========================================================================
Received Import Request.
  Time since last request: 0.000022 seconds.
  path: Assets/Downloaded/shashirajproductions/Deadly_Creatures_Pack1_v1/Audio/SFX/Deadly_Creatures_Growls_Roars_v1_(115).wav
  importAddress: Guid(8eec252f0ea0fd24c81539c8c401daf8) Importer(2089858483,b0f066a214c2f5e87bad3c948f4d605d)
Start importing Assets/Downloaded/shashirajproductions/Deadly_Creatures_Pack1_v1/Audio/SFX/Deadly_Creatures_Growls_Roars_v1_(115).wav using Guid(8eec252f0ea0fd24c81539c8c401daf8) Importer(2089858483,b0f066a214c2f5e87bad3c948f4d605d) (ScriptedImporter) -> (Import Result ID: 'b7b8239aa64b97946f0e6593c4670b08') in 0.0175321 seconds [static and dynamic dependencies]. Details - ImportResultOutputID=864683cbf965288644e8044d36eaf515 DependenciesID=36d9fe0bd4d3baec27a4ae6678a89705 StaticDependenciesID=3c8d352f01510dcde1a212040466697f 
Number of updated asset objects reloaded before import = 0Number of asset objects unloaded after import = 1

========================================================================
Received Import Request.
  Time since last request: 0.000028 seconds.
  path: Assets/Downloaded/Footsteps - Essentials/Footsteps_Snow/Footsteps_Snow_Walk/Footsteps_Snow_Walk_04.wav
  importAddress: Guid(120931fb726356346926852e66a98948) Importer(2089858483,b0f066a214c2f5e87bad3c948f4d605d)
Start importing Assets/Downloaded/Footsteps - Essentials/Footsteps_Snow/Footsteps_Snow_Walk/Footsteps_Snow_Walk_04.wav using Guid(120931fb726356346926852e66a98948) Importer(2089858483,b0f066a214c2f5e87bad3c948f4d605d) (ScriptedImporter) -> (Import Result ID: '8b47016952bb95cc053876ac64ccaf6a') in 0.0201958 seconds [static and dynamic dependencies]. Details - ImportResultOutputID=2853eb746dbd1ccdb13e30bc7bb05942 DependenciesID=abd14816aee1ee5742b7436769a113c6 StaticDependenciesID=a393d394e29cca1397ecf8c095a1fdf7 
Number of updated asset objects reloaded before import = 0Number of asset objects unloaded after import = 1

========================================================================
Received Import Request.
  Time since last request: 0.000027 seconds.
  path: Assets/Downloaded/Footsteps - Essentials/Footsteps_Grass/Footsteps_Grass_Walk/Footsteps_Walk_Grass_Mono_30.wav
  importAddress: Guid(b4b126977b28e1d499d8f7f7c580d488) Importer(2089858483,b0f066a214c2f5e87bad3c948f4d605d)
Start importing Assets/Downloaded/Footsteps - Essentials/Footsteps_Grass/Footsteps_Grass_Walk/Footsteps_Walk_Grass_Mono_30.wav using Guid(b4b126977b28e1d499d8f7f7c580d488) Importer(2089858483,b0f066a214c2f5e87bad3c948f4d605d) (ScriptedImporter) -> (Import Result ID: '19802a37509accbcaed7c68df6e3e973') in 0.0214549 seconds [static and dynamic dependencies]. Details - ImportResultOutputID=be03172daeff1d769f19d2127d04f12b DependenciesID=d5e9c0c8e470a9c2facb48a83903a1fd StaticDependenciesID=60aa2db8a0522044ddd5c7b05ff921e6 
Number of updated asset objects reloaded before import = 0Number of asset objects unloaded after import = 1

========================================================================
Received Import Request.
  Time since last request: 0.000039 seconds.
  path: Assets/Downloaded/shashirajproductions/Deadly_Creatures_Pack1_v1/Audio/SFX/Deadly_Creatures_Growls_Roars_v1_(91).wav
  importAddress: Guid(e117c2dde524dc940bd1a29798f48928) Importer(2089858483,b0f066a214c2f5e87bad3c948f4d605d)
Start importing Assets/Downloaded/shashirajproductions/Deadly_Creatures_Pack1_v1/Audio/SFX/Deadly_Creatures_Growls_Roars_v1_(91).wav using Guid(e117c2dde524dc940bd1a29798f48928) Importer(2089858483,b0f066a214c2f5e87bad3c948f4d605d) (ScriptedImporter) -> (Import Result ID: '84594ea55de525448ac03052a4833e87') in 0.018974 seconds [static and dynamic dependencies]. Details - ImportResultOutputID=749b60a450073fc4af92a73a5f4acac0 DependenciesID=1a804330a7d5e7280be2a8d7c04d61a8 StaticDependenciesID=093f1d44b1c13c9a21c6c636cd772f67 
Number of updated asset objects reloaded before import = 0Number of asset objects unloaded after import = 1

========================================================================
Received Import Request.
  Time since last request: 0.000021 seconds.
  path: Assets/Downloaded/shashirajproductions/Deadly_Creatures_Pack1_v1/Audio/SFX/Deadly_Creatures_Growls_Roars_v1_(118).wav
  importAddress: Guid(2a47d649761ee9948ba52c22f41c50cb) Importer(2089858483,b0f066a214c2f5e87bad3c948f4d605d)
Start importing Assets/Downloaded/shashirajproductions/Deadly_Creatures_Pack1_v1/Audio/SFX/Deadly_Creatures_Growls_Roars_v1_(118).wav using Guid(2a47d649761ee9948ba52c22f41c50cb) Importer(2089858483,b0f066a214c2f5e87bad3c948f4d605d) (ScriptedImporter) -> (Import Result ID: '300eeefaa3d7bfe8dfef0f1d94c1e109') in 0.0170051 seconds [static and dynamic dependencies]. Details - ImportResultOutputID=5795ab8b2a3405530ed1c53e09a8250d DependenciesID=8e80481a8a32f47ddfbef3cbd16b6d8b StaticDependenciesID=edd98e2dbb98f8768278d611bef5a96c 
Number of updated asset objects reloaded before import = 0Number of asset objects unloaded after import = 1

========================================================================
Received Import Request.
  Time since last request: 0.000022 seconds.
  path: Assets/Downloaded/shashirajproductions/Deadly_Creatures_Pack1_v1/Audio/SFX/Deadly_Creatures_Growls_Roars_v1_(120).wav
  importAddress: Guid(244cb94750c58404f9d7955f1f1631e7) Importer(2089858483,b0f066a214c2f5e87bad3c948f4d605d)
Start importing Assets/Downloaded/shashirajproductions/Deadly_Creatures_Pack1_v1/Audio/SFX/Deadly_Creatures_Growls_Roars_v1_(120).wav using Guid(244cb94750c58404f9d7955f1f1631e7) Importer(2089858483,b0f066a214c2f5e87bad3c948f4d605d) (ScriptedImporter) -> (Import Result ID: 'f2dede3704840b3a64103aabfec04f18') in 0.019284 seconds [static and dynamic dependencies]. Details - ImportResultOutputID=d482bdf84a77cf2200c1d7a3e14651da DependenciesID=98e17c2d0f892709a54750f219204765 StaticDependenciesID=fa8f1cec2ec59588df002bb862b8bacd 
Number of updated asset objects reloaded before import = 0Number of asset objects unloaded after import = 1

========================================================================
Received Import Request.
  Time since last request: 0.000225 seconds.
  path: Assets/Downloaded/shashirajproductions/Deadly_Creatures_Pack1_v1/Audio/SFX/Deadly_Creatures_Growls_Roars_v1_(23).wav
  importAddress: Guid(7ecc5df7b0b621d428e7a4c83800f9f5) Importer(2089858483,b0f066a214c2f5e87bad3c948f4d605d)
Start importing Assets/Downloaded/shashirajproductions/Deadly_Creatures_Pack1_v1/Audio/SFX/Deadly_Creatures_Growls_Roars_v1_(23).wav using Guid(7ecc5df7b0b621d428e7a4c83800f9f5) Importer(2089858483,b0f066a214c2f5e87bad3c948f4d605d) (ScriptedImporter) -> (Import Result ID: '9b083066ba9f539039a496315a11aeaf') in 0.0175256 seconds [static and dynamic dependencies]. Details - ImportResultOutputID=98233767d7c8a2bb4aee728db1e38bf3 DependenciesID=0becc8406106ad88bb7340634df07a71 StaticDependenciesID=2048f127357af34d8f721e011a6f1c31 
Number of updated asset objects reloaded before import = 0Number of asset objects unloaded after import = 1

========================================================================
Received Import Request.
  Time since last request: 0.000035 seconds.
  path: Assets/Downloaded/shashirajproductions/Deadly_Creatures_Pack1_v1/Audio/SFX/Deadly_Creatures_Growls_Roars_v1_(116).wav
  importAddress: Guid(3f86f060bda58ab488d4e222da766332) Importer(2089858483,b0f066a214c2f5e87bad3c948f4d605d)
Start importing Assets/Downloaded/shashirajproductions/Deadly_Creatures_Pack1_v1/Audio/SFX/Deadly_Creatures_Growls_Roars_v1_(116).wav using Guid(3f86f060bda58ab488d4e222da766332) Importer(2089858483,b0f066a214c2f5e87bad3c948f4d605d) (ScriptedImporter) -> (Import Result ID: 'd2f6d1eef6294643b73b6f36a6f9aab6') in 0.0186249 seconds [static and dynamic dependencies]. Details - ImportResultOutputID=caca8e156270107b80b1a7e4d8e0c3a2 DependenciesID=fff998667e9a0a88497b2b2bb0d5fa1d StaticDependenciesID=95f57a8c916eb08e444b956c82340cb2 
Number of updated asset objects reloaded before import = 0Number of asset objects unloaded after import = 1

========================================================================
Received Import Request.
  Time since last request: 0.000022 seconds.
  path: Assets/Downloaded/Footsteps - Essentials/Footsteps_Grass/Footsteps_Grass_Walk/Footsteps_Walk_Grass_Mono_37.wav
  importAddress: Guid(326f222e206f8d84bbced6f9d6a0f08e) Importer(2089858483,b0f066a214c2f5e87bad3c948f4d605d)
Start importing Assets/Downloaded/Footsteps - Essentials/Footsteps_Grass/Footsteps_Grass_Walk/Footsteps_Walk_Grass_Mono_37.wav using Guid(326f222e206f8d84bbced6f9d6a0f08e) Importer(2089858483,b0f066a214c2f5e87bad3c948f4d605d) (ScriptedImporter) -> (Import Result ID: 'a606ee7f4e86ae88f4775556dcba4118') in 0.0230325 seconds [static and dynamic dependencies]. Details - ImportResultOutputID=ff1f67be1ea8373f2a060747f4c37efa DependenciesID=6bd50fc9a98125f7b02b9ee8b1f7189f StaticDependenciesID=b56d8ad737d372201ac1376f803f8e86 
Number of updated asset objects reloaded before import = 0Number of asset objects unloaded after import = 1

========================================================================
Received Import Request.
  Time since last request: 0.000023 seconds.
  path: Assets/Downloaded/shashirajproductions/Deadly_Creatures_Pack1_v1/Audio/SFX/Deadly_Creatures_Growls_Roars_v1_(82).wav
  importAddress: Guid(61ea15e8664184d43b6d8ab238cccc0b) Importer(2089858483,b0f066a214c2f5e87bad3c948f4d605d)
Start importing Assets/Downloaded/shashirajproductions/Deadly_Creatures_Pack1_v1/Audio/SFX/Deadly_Creatures_Growls_Roars_v1_(82).wav using Guid(61ea15e8664184d43b6d8ab238cccc0b) Importer(2089858483,b0f066a214c2f5e87bad3c948f4d605d) (ScriptedImporter) -> (Import Result ID: 'a49e2f0b1f80ac538262c78d31a2f835') in 0.0213597 seconds [static and dynamic dependencies]. Details - ImportResultOutputID=c57787d97e42153757be9e0c2b8e7a6d DependenciesID=84ba911819bdf30f5d24472e35197cea StaticDependenciesID=820704307d668f93c24f78d2c9f18f0b 
Number of updated asset objects reloaded before import = 0Number of asset objects unloaded after import = 1

========================================================================
Received Import Request.
  Time since last request: 0.000026 seconds.
  path: Assets/Downloaded/shashirajproductions/Deadly_Creatures_Pack1_v1/Audio/SFX/Deadly_Creatures_Growls_Roars_v1_(76).wav
  importAddress: Guid(e8f966f610b87784c8ab8a7a5a14535f) Importer(2089858483,b0f066a214c2f5e87bad3c948f4d605d)
Start importing Assets/Downloaded/shashirajproductions/Deadly_Creatures_Pack1_v1/Audio/SFX/Deadly_Creatures_Growls_Roars_v1_(76).wav using Guid(e8f966f610b87784c8ab8a7a5a14535f) Importer(2089858483,b0f066a214c2f5e87bad3c948f4d605d) (ScriptedImporter) -> (Import Result ID: '212daaf8707fb176b7d9059616ba18f6') in 0.017058 seconds [static and dynamic dependencies]. Details - ImportResultOutputID=1f4eca3cc6c0ce376019b0d44cd86984 DependenciesID=0113c3df4c69381c6fd7e2bc95c77a87 StaticDependenciesID=293fa539247b59be849223bc437c0668 
Number of updated asset objects reloaded before import = 0Number of asset objects unloaded after import = 1

========================================================================
Received Import Request.
  Time since last request: 0.000036 seconds.
  path: Assets/Downloaded/shashirajproductions/Deadly_Creatures_Pack1_v1/Audio/SFX/Deadly_Creatures_Growls_Roars_v1_(12).wav
  importAddress: Guid(16a7cfaa3ba0c95429100eb3feffa617) Importer(2089858483,b0f066a214c2f5e87bad3c948f4d605d)
Start importing Assets/Downloaded/shashirajproductions/Deadly_Creatures_Pack1_v1/Audio/SFX/Deadly_Creatures_Growls_Roars_v1_(12).wav using Guid(16a7cfaa3ba0c95429100eb3feffa617) Importer(2089858483,b0f066a214c2f5e87bad3c948f4d605d) (ScriptedImporter) -> (Import Result ID: 'e43e4242540e6ded16cf0e5bbc768fcd') in 0.0169866 seconds [static and dynamic dependencies]. Details - ImportResultOutputID=266a3a3352983b20016241737b6988e8 DependenciesID=6428a6d832f1b69e524d8b76121e44db StaticDependenciesID=b841f01538f7600a98c93cec695bcb3c 
Number of updated asset objects reloaded before import = 0Number of asset objects unloaded after import = 1

========================================================================
Received Import Request.
  Time since last request: 0.000020 seconds.
  path: Assets/Downloaded/shashirajproductions/Deadly_Creatures_Pack1_v1/Audio/SFX/Deadly_Creatures_Growls_Roars_v1_(16).wav
  importAddress: Guid(898b556d6a94f41488e2cfeeafc6a4e2) Importer(2089858483,b0f066a214c2f5e87bad3c948f4d605d)
Start importing Assets/Downloaded/shashirajproductions/Deadly_Creatures_Pack1_v1/Audio/SFX/Deadly_Creatures_Growls_Roars_v1_(16).wav using Guid(898b556d6a94f41488e2cfeeafc6a4e2) Importer(2089858483,b0f066a214c2f5e87bad3c948f4d605d) (ScriptedImporter) -> (Import Result ID: '813bd5c34a54e632f67b4bfd908fccca') in 0.0175064 seconds [static and dynamic dependencies]. Details - ImportResultOutputID=a0078dc72be40ea3c239939d27c3829b DependenciesID=0aa77bbde141f2fd92472113d68f37cf StaticDependenciesID=96727578c9d5acb00a8e2a06cfe161d1 
Number of updated asset objects reloaded before import = 0Number of asset objects unloaded after import = 1

========================================================================
Received Import Request.
  Time since last request: 0.000021 seconds.
  path: Assets/Downloaded/shashirajproductions/Deadly_Creatures_Pack1_v1/Audio/SFX/Deadly_Creatures_Growls_Roars_v1_(105).wav
  importAddress: Guid(636df70654bbb9b4f82c8f19afd2ad8a) Importer(2089858483,b0f066a214c2f5e87bad3c948f4d605d)
Start importing Assets/Downloaded/shashirajproductions/Deadly_Creatures_Pack1_v1/Audio/SFX/Deadly_Creatures_Growls_Roars_v1_(105).wav using Guid(636df70654bbb9b4f82c8f19afd2ad8a) Importer(2089858483,b0f066a214c2f5e87bad3c948f4d605d) (ScriptedImporter) -> (Import Result ID: 'd1690f98fc6d372a1e38427756da7492') in 0.0156253 seconds [static and dynamic dependencies]. Details - ImportResultOutputID=83e526b62a6877e0230e470c41be37e6 DependenciesID=a08ec342ce4bbfc09ac077f8f0c5b43c StaticDependenciesID=cb7e1a52fe392ad33938bc7df36a1e28 
Number of updated asset objects reloaded before import = 0Number of asset objects unloaded after import = 1

========================================================================
Received Import Request.
  Time since last request: 0.000027 seconds.
  path: Assets/Downloaded/Footsteps - Essentials/Footsteps_Snow/Footsteps_Snow_Run/Footsteps_Snow_Hard_Run_07.wav
  importAddress: Guid(d353df4fd68f2884488c5e7cbe1ebcb2) Importer(2089858483,b0f066a214c2f5e87bad3c948f4d605d)
Start importing Assets/Downloaded/Footsteps - Essentials/Footsteps_Snow/Footsteps_Snow_Run/Footsteps_Snow_Hard_Run_07.wav using Guid(d353df4fd68f2884488c5e7cbe1ebcb2) Importer(2089858483,b0f066a214c2f5e87bad3c948f4d605d) (ScriptedImporter) -> (Import Result ID: '013480fa27e8c57666543eaccaea7bf3') in 0.0188114 seconds [static and dynamic dependencies]. Details - ImportResultOutputID=22cc8eaa053ee83f2f6acc9958fc0f33 DependenciesID=2246f665ede1ec4aec7cd32455388253 StaticDependenciesID=311872c522ffa165413795f8b0bf48c6 
Number of updated asset objects reloaded before import = 0Number of asset objects unloaded after import = 1

========================================================================
Received Import Request.
  Time since last request: 0.000036 seconds.
  path: Assets/Downloaded/shashirajproductions/Deadly_Creatures_Pack1_v1/Audio/SFX/Deadly_Creatures_Growls_Roars_v1_(78).wav
  importAddress: Guid(62957bda92a4bdb47b8266fb5137ce59) Importer(2089858483,b0f066a214c2f5e87bad3c948f4d605d)
Start importing Assets/Downloaded/shashirajproductions/Deadly_Creatures_Pack1_v1/Audio/SFX/Deadly_Creatures_Growls_Roars_v1_(78).wav using Guid(62957bda92a4bdb47b8266fb5137ce59) Importer(2089858483,b0f066a214c2f5e87bad3c948f4d605d) (ScriptedImporter) -> (Import Result ID: 'f87ea185fd48dff70c7df8ac68cd58f0') in 0.0170733 seconds [static and dynamic dependencies]. Details - ImportResultOutputID=98ffb1c3f695088818380320588f1e51 DependenciesID=5dc019f479ab5ead530abb4ea12350f6 StaticDependenciesID=f3386e16883303c2b7b114a386376dc3 
Number of updated asset objects reloaded before import = 0Number of asset objects unloaded after import = 1

========================================================================
Received Import Request.
  Time since last request: 0.000020 seconds.
  path: Assets/Downloaded/shashirajproductions/Deadly_Creatures_Pack1_v1/Audio/SFX/Deadly_Creatures_Growls_Roars_v1_(42).wav
  importAddress: Guid(03b16e095cc96a344b560b7f3958be73) Importer(2089858483,b0f066a214c2f5e87bad3c948f4d605d)
Start importing Assets/Downloaded/shashirajproductions/Deadly_Creatures_Pack1_v1/Audio/SFX/Deadly_Creatures_Growls_Roars_v1_(42).wav using Guid(03b16e095cc96a344b560b7f3958be73) Importer(2089858483,b0f066a214c2f5e87bad3c948f4d605d) (ScriptedImporter) -> (Import Result ID: '8806098972dcf2ac248be8affdecaef5') in 0.0179691 seconds [static and dynamic dependencies]. Details - ImportResultOutputID=4e6ce9d3688962aafda1b3a91f00d780 DependenciesID=42ecf2156cf01bc8c64b4f0e83f97f20 StaticDependenciesID=456cca0d9e2311731b70c86ee1941993 
Number of updated asset objects reloaded before import = 0Number of asset objects unloaded after import = 1

========================================================================
Received Import Request.
  Time since last request: 0.000023 seconds.
  path: Assets/Downloaded/shashirajproductions/Deadly_Creatures_Pack1_v1/Audio/SFX/Deadly_Creatures_Fleshy_Anger_v1_(9).wav
  importAddress: Guid(8c09224277c36c54b8e05caf4aa19216) Importer(2089858483,b0f066a214c2f5e87bad3c948f4d605d)
Start importing Assets/Downloaded/shashirajproductions/Deadly_Creatures_Pack1_v1/Audio/SFX/Deadly_Creatures_Fleshy_Anger_v1_(9).wav using Guid(8c09224277c36c54b8e05caf4aa19216) Importer(2089858483,b0f066a214c2f5e87bad3c948f4d605d) (ScriptedImporter) -> (Import Result ID: 'e31d46ccc2531e46e93eaa3ddac29910') in 0.0184995 seconds [static and dynamic dependencies]. Details - ImportResultOutputID=39fdcd91be7aaff0a121a4c166d1363a DependenciesID=8da8de0b858b5b0fdac311efda7429ce StaticDependenciesID=e72e19ed5e095517ec62649d67be801b 
Number of updated asset objects reloaded before import = 0Number of asset objects unloaded after import = 1

========================================================================
Received Import Request.
  Time since last request: 0.000027 seconds.
  path: Assets/Downloaded/shashirajproductions/Deadly_Creatures_Pack1_v1/Audio/SFX/Deadly_Creatures_Growls_Roars_v1_(88).wav
  importAddress: Guid(6d54ddf5d2c9b994f8c6f2982c081182) Importer(2089858483,b0f066a214c2f5e87bad3c948f4d605d)
Start importing Assets/Downloaded/shashirajproductions/Deadly_Creatures_Pack1_v1/Audio/SFX/Deadly_Creatures_Growls_Roars_v1_(88).wav using Guid(6d54ddf5d2c9b994f8c6f2982c081182) Importer(2089858483,b0f066a214c2f5e87bad3c948f4d605d) (ScriptedImporter) -> (Import Result ID: '6c0ddd71c880db72adeb03385bc281ae') in 0.0179667 seconds [static and dynamic dependencies]. Details - ImportResultOutputID=b5581838dbcfc890f154b3d589f5ae3b DependenciesID=5ee151107474295121422389e8315c32 StaticDependenciesID=acddeb380261ae82c1fcf8b7680e5970 
Number of updated asset objects reloaded before import = 0Number of asset objects unloaded after import = 1

========================================================================
Received Import Request.
  Time since last request: 0.000037 seconds.
  path: Assets/Downloaded/Footsteps - Essentials/Footsteps_Rock/Footsteps_Rock_Run/Footsteps_Rock_Run_07.wav
  importAddress: Guid(3069c9f7e833f8e4099228c28f9d65dd) Importer(2089858483,b0f066a214c2f5e87bad3c948f4d605d)
Start importing Assets/Downloaded/Footsteps - Essentials/Footsteps_Rock/Footsteps_Rock_Run/Footsteps_Rock_Run_07.wav using Guid(3069c9f7e833f8e4099228c28f9d65dd) Importer(2089858483,b0f066a214c2f5e87bad3c948f4d605d) (ScriptedImporter) -> (Import Result ID: '22e529edb56ae39341589203062b10da') in 0.0198014 seconds [static and dynamic dependencies]. Details - ImportResultOutputID=b76e6edc3f018cdbe95ecdbbd469e6a4 DependenciesID=21e5bf4b7b05fb9ccc6483a32cde9d9a StaticDependenciesID=62d01df717101a656e6d83ef4ebf00a8 
Number of updated asset objects reloaded before import = 0Number of asset objects unloaded after import = 1

========================================================================
Received Import Request.
  Time since last request: 0.000025 seconds.
  path: Assets/Downloaded/shashirajproductions/Deadly_Creatures_Pack1_v1/Audio/SFX/Deadly_Creatures_Growls_Roars_v1_(51).wav
  importAddress: Guid(efd419711424d244ba872eaa0d9d0d98) Importer(2089858483,b0f066a214c2f5e87bad3c948f4d605d)
Start importing Assets/Downloaded/shashirajproductions/Deadly_Creatures_Pack1_v1/Audio/SFX/Deadly_Creatures_Growls_Roars_v1_(51).wav using Guid(efd419711424d244ba872eaa0d9d0d98) Importer(2089858483,b0f066a214c2f5e87bad3c948f4d605d) (ScriptedImporter) -> (Import Result ID: '0e0753a674720e56d332f608bf2d4a2f') in 0.0218378 seconds [static and dynamic dependencies]. Details - ImportResultOutputID=7a1cdd7b8b71efa092953e72751c423f DependenciesID=bdf120062a48edb3f337fbdb366f7301 StaticDependenciesID=666994fa47dcd0c391f1bf16ca89b5ed 
Number of updated asset objects reloaded before import = 0Number of asset objects unloaded after import = 1

========================================================================
Received Import Request.
  Time since last request: 0.000023 seconds.
  path: Assets/Downloaded/shashirajproductions/Deadly_Creatures_Pack1_v1/Audio/SFX/Deadly_Creatures_Growls_Roars_v1_(1).wav
  importAddress: Guid(bdd60da33f4670045acd99d281053fc3) Importer(2089858483,b0f066a214c2f5e87bad3c948f4d605d)
Start importing Assets/Downloaded/shashirajproductions/Deadly_Creatures_Pack1_v1/Audio/SFX/Deadly_Creatures_Growls_Roars_v1_(1).wav using Guid(bdd60da33f4670045acd99d281053fc3) Importer(2089858483,b0f066a214c2f5e87bad3c948f4d605d) (ScriptedImporter) -> (Import Result ID: '0b96b5bdbb174235752cd3cc59857058') in 0.0175996 seconds [static and dynamic dependencies]. Details - ImportResultOutputID=256f979479b19c2149142705bb7f84b7 DependenciesID=11d2193f357696077069b47469615e63 StaticDependenciesID=51b11e0d6df909ef709d450cf25e637a 
Number of updated asset objects reloaded before import = 0Number of asset objects unloaded after import = 1

========================================================================
Received Import Request.
  Time since last request: 0.000024 seconds.
  path: Assets/Downloaded/shashirajproductions/Deadly_Creatures_Pack1_v1/Audio/SFX/Deadly_Creatures_Growls_Roars_v1_(37).wav
  importAddress: Guid(d7f1506543bd3764ebdc66e165a5ce95) Importer(2089858483,b0f066a214c2f5e87bad3c948f4d605d)
Start importing Assets/Downloaded/shashirajproductions/Deadly_Creatures_Pack1_v1/Audio/SFX/Deadly_Creatures_Growls_Roars_v1_(37).wav using Guid(d7f1506543bd3764ebdc66e165a5ce95) Importer(2089858483,b0f066a214c2f5e87bad3c948f4d605d) (ScriptedImporter) -> (Import Result ID: '2ed4a468850e516d7a6e0d0f86ca3fd3') in 0.0180851 seconds [static and dynamic dependencies]. Details - ImportResultOutputID=a0c8eb2832d674bead2369e06d7e3b44 DependenciesID=6d4b9fee52697c3dd9c547c49eebb525 StaticDependenciesID=d98a1b3f36155fcc0b6b85ec7fb514c5 
Number of updated asset objects reloaded before import = 0Number of asset objects unloaded after import = 1

========================================================================
Received Import Request.
  Time since last request: 0.000037 seconds.
  path: Assets/Downloaded/shashirajproductions/Deadly_Creatures_Pack1_v1/Audio/SFX/Deadly_Creatures_Growls_Roars_v1_(94).wav
  importAddress: Guid(4702f48e8baf04849a9de828db69792d) Importer(2089858483,b0f066a214c2f5e87bad3c948f4d605d)
Start importing Assets/Downloaded/shashirajproductions/Deadly_Creatures_Pack1_v1/Audio/SFX/Deadly_Creatures_Growls_Roars_v1_(94).wav using Guid(4702f48e8baf04849a9de828db69792d) Importer(2089858483,b0f066a214c2f5e87bad3c948f4d605d) (ScriptedImporter) -> (Import Result ID: 'a6bc4dd63754820589b17ac798fb6a50') in 0.0174991 seconds [static and dynamic dependencies]. Details - ImportResultOutputID=80b677eceb9bca5dc08b58a2b865917b DependenciesID=707ddc9bfb76ad4991a9491d0c3bd9b0 StaticDependenciesID=1d522fadd265d8ea45677eb6dfec2869 
Number of updated asset objects reloaded before import = 0Number of asset objects unloaded after import = 1

========================================================================
Received Import Request.
  Time since last request: 0.000021 seconds.
  path: Assets/Downloaded/Footsteps - Essentials/Footsteps_Snow/Footsteps_Snow_Jump/Footsteps_Snow_Jump_Land_05.wav
  importAddress: Guid(5e489ad30bcbab44d81608af00695302) Importer(2089858483,b0f066a214c2f5e87bad3c948f4d605d)
Start importing Assets/Downloaded/Footsteps - Essentials/Footsteps_Snow/Footsteps_Snow_Jump/Footsteps_Snow_Jump_Land_05.wav using Guid(5e489ad30bcbab44d81608af00695302) Importer(2089858483,b0f066a214c2f5e87bad3c948f4d605d) (ScriptedImporter) -> (Import Result ID: '9bd54d7563ffbb0b3206d12a4509f9af') in 0.0244308 seconds [static and dynamic dependencies]. Details - ImportResultOutputID=ed76203146997a09f6532c5c12f1a93b DependenciesID=00003cab849ee65770cf11b6b18b3831 StaticDependenciesID=607025306a80a27aff59407f879eab31 
Number of updated asset objects reloaded before import = 0Number of asset objects unloaded after import = 1

========================================================================
Received Import Request.
  Time since last request: 0.000024 seconds.
  path: Assets/Downloaded/shashirajproductions/Deadly_Creatures_Pack1_v1/Audio/SFX/Deadly_Creatures_Fleshy_Anger_v1_(1).wav
  importAddress: Guid(33c98ae74154ef847abda858170114c4) Importer(2089858483,b0f066a214c2f5e87bad3c948f4d605d)
Start importing Assets/Downloaded/shashirajproductions/Deadly_Creatures_Pack1_v1/Audio/SFX/Deadly_Creatures_Fleshy_Anger_v1_(1).wav using Guid(33c98ae74154ef847abda858170114c4) Importer(2089858483,b0f066a214c2f5e87bad3c948f4d605d) (ScriptedImporter) -> (Import Result ID: '841afe803e0a80a2dac3c067a74bd79e') in 0.0228176 seconds [static and dynamic dependencies]. Details - ImportResultOutputID=49b9500cc041035af84e113a76452982 DependenciesID=03a41088b5ad6deab828ec2bdfcdfebc StaticDependenciesID=faec5556f4a7bb728dfa1b7dc62ab0f6 
Number of updated asset objects reloaded before import = 0Number of asset objects unloaded after import = 1

========================================================================
Received Import Request.
  Time since last request: 0.000027 seconds.
  path: Assets/Downloaded/Footsteps - Essentials/Footsteps_Wood/Footsteps_Wood_Run/Footsteps_Wood_Run_04.wav
  importAddress: Guid(88da42c7018c0fa41870ccf17d13da9c) Importer(2089858483,b0f066a214c2f5e87bad3c948f4d605d)
Start importing Assets/Downloaded/Footsteps - Essentials/Footsteps_Wood/Footsteps_Wood_Run/Footsteps_Wood_Run_04.wav using Guid(88da42c7018c0fa41870ccf17d13da9c) Importer(2089858483,b0f066a214c2f5e87bad3c948f4d605d) (ScriptedImporter) -> (Import Result ID: 'd96d90fdf98d8ff6e03a07fa50049abf') in 0.021011 seconds [static and dynamic dependencies]. Details - ImportResultOutputID=b87693bdf6394236b241c805a406dcaf DependenciesID=80f97e2edbb2772863e64d1295f5b0b9 StaticDependenciesID=035c94a79000a6ec5cd2ff514232705d 
Number of updated asset objects reloaded before import = 0Number of asset objects unloaded after import = 1

========================================================================
Received Import Request.
  Time since last request: 0.000045 seconds.
  path: Assets/Downloaded/shashirajproductions/Deadly_Creatures_Pack1_v1/Audio/SFX/Deadly_Creatures_Growls_Roars_v1_(62).wav
  importAddress: Guid(20839a0cd1c160240be3b62a5bd36b80) Importer(2089858483,b0f066a214c2f5e87bad3c948f4d605d)
Start importing Assets/Downloaded/shashirajproductions/Deadly_Creatures_Pack1_v1/Audio/SFX/Deadly_Creatures_Growls_Roars_v1_(62).wav using Guid(20839a0cd1c160240be3b62a5bd36b80) Importer(2089858483,b0f066a214c2f5e87bad3c948f4d605d) (ScriptedImporter) -> (Import Result ID: 'd70fe9761b3c766c58d4b7c2677869e8') in 0.0186472 seconds [static and dynamic dependencies]. Details - ImportResultOutputID=12425af2cfd09af080ffcc8f392b527a DependenciesID=3db95289811f11ee97c2ef9bbcf55275 StaticDependenciesID=87d084fb01082d0eb50a234587d2e021 
Number of updated asset objects reloaded before import = 0Number of asset objects unloaded after import = 1

========================================================================
Received Import Request.
  Time since last request: 0.000024 seconds.
  path: Assets/Downloaded/shashirajproductions/Deadly_Creatures_Pack1_v1/Audio/SFX/Deadly_Creatures_Fleshy_Anger_v1_(19).wav
  importAddress: Guid(678fd969ecdca53479067976252ee953) Importer(2089858483,b0f066a214c2f5e87bad3c948f4d605d)
Start importing Assets/Downloaded/shashirajproductions/Deadly_Creatures_Pack1_v1/Audio/SFX/Deadly_Creatures_Fleshy_Anger_v1_(19).wav using Guid(678fd969ecdca53479067976252ee953) Importer(2089858483,b0f066a214c2f5e87bad3c948f4d605d) (ScriptedImporter) -> (Import Result ID: '2f456a99f19fc755e878ae222853cda3') in 0.0196475 seconds [static and dynamic dependencies]. Details - ImportResultOutputID=2d59cb019617a446822279a330aaa177 DependenciesID=b93d345ddc0ac4d1400996a491e45805 StaticDependenciesID=8b3f4765c036b69555207b1425bd1722 
Number of updated asset objects reloaded before import = 0Number of asset objects unloaded after import = 1

========================================================================
Received Import Request.
  Time since last request: 0.000023 seconds.
  path: Assets/Downloaded/shashirajproductions/Deadly_Creatures_Pack1_v1/Audio/SFX/Deadly_Creatures_Growls_Roars_v1_(45).wav
  importAddress: Guid(ff81b471e7c347649a1ea3356dc3736e) Importer(2089858483,b0f066a214c2f5e87bad3c948f4d605d)
Start importing Assets/Downloaded/shashirajproductions/Deadly_Creatures_Pack1_v1/Audio/SFX/Deadly_Creatures_Growls_Roars_v1_(45).wav using Guid(ff81b471e7c347649a1ea3356dc3736e) Importer(2089858483,b0f066a214c2f5e87bad3c948f4d605d) (ScriptedImporter) -> (Import Result ID: '515acf3e4ffa7254fc86561a13f9afb6') in 0.0174881 seconds [static and dynamic dependencies]. Details - ImportResultOutputID=331552b9f46ed605aaadfd9435d8f6d0 DependenciesID=f84b6af34182d18dc1676173ec873e23 StaticDependenciesID=17a0b4609d20917069020bf1e2dd1c50 
Number of updated asset objects reloaded before import = 0Number of asset objects unloaded after import = 1

========================================================================
Received Import Request.
  Time since last request: 0.000027 seconds.
  path: Assets/Downloaded/Footsteps - Essentials/Footsteps_Metal/Footsteps_Metal_Walk/Footsteps_MetalV2_Walk_11.wav
  importAddress: Guid(7c85c1193002215499b462f763701072) Importer(2089858483,b0f066a214c2f5e87bad3c948f4d605d)
Start importing Assets/Downloaded/Footsteps - Essentials/Footsteps_Metal/Footsteps_Metal_Walk/Footsteps_MetalV2_Walk_11.wav using Guid(7c85c1193002215499b462f763701072) Importer(2089858483,b0f066a214c2f5e87bad3c948f4d605d) (ScriptedImporter) -> (Import Result ID: '8f3f2f4c3421b484b46dd5e32bfd7903') in 0.0193013 seconds [static and dynamic dependencies]. Details - ImportResultOutputID=8835f0b8b496e6633a745061c8d94ef9 DependenciesID=34a2aaba52565be2fbc1271baa6f26c4 StaticDependenciesID=941e2273227c1722e6ec32f6956943bb 
Number of updated asset objects reloaded before import = 0Number of asset objects unloaded after import = 1

========================================================================
Received Import Request.
  Time since last request: 0.000042 seconds.
  path: Assets
  importAddress: Guid(00000000000000001000000000000000) Importer(815301076,1909f56bfc062723c751e8b465ee728b)
Start importing Assets using Guid(00000000000000001000000000000000) Importer(815301076,1909f56bfc062723c751e8b465ee728b) (PreviewImporter) -> (Import Result ID: 'ba3d99d3e6455b7d738cc313a5658c64') in 0.0006352 seconds [static and dynamic dependencies]. Details - ImportResultOutputID=a7ba422695a8aa3da15a65ed13cf7f8c DependenciesID=aacbd2d46c4ccb757ffc405dc59c5e9b StaticDependenciesID=09d262387b384c67fbae9f36a9075c34 
Number of updated asset objects reloaded before import = 0Number of asset objects unloaded after import = 0

========================================================================
Received Import Request.
  Time since last request: 0.000024 seconds.
  path: Assets/Downloaded/shashirajproductions/Deadly_Creatures_Pack1_v1/Audio/SFX/Deadly_Creatures_Growls_Roars_v1_(112).wav
  importAddress: Guid(261d44be8354dbc40b4b2fd57eb0ac6a) Importer(2089858483,b0f066a214c2f5e87bad3c948f4d605d)
Start importing Assets/Downloaded/shashirajproductions/Deadly_Creatures_Pack1_v1/Audio/SFX/Deadly_Creatures_Growls_Roars_v1_(112).wav using Guid(261d44be8354dbc40b4b2fd57eb0ac6a) Importer(2089858483,b0f066a214c2f5e87bad3c948f4d605d) (ScriptedImporter) -> (Import Result ID: '8229c0e9e66df8717c7515b4e97228d0') in 0.0197722 seconds [static and dynamic dependencies]. Details - ImportResultOutputID=bc973bd03a97d5c1f28845208be185ac DependenciesID=227169159e93b7bf236aec6a243b490e StaticDependenciesID=5cb48c8324ace9ae61e2126ae9a472ee 
Number of updated asset objects reloaded before import = 0Number of asset objects unloaded after import = 1

========================================================================
Received Import Request.
  Time since last request: 0.000030 seconds.
  path: Assets/Downloaded/Footsteps - Essentials/Footsteps_Metal/Footsteps_Metal_Jump/Footsteps_MetalV1_Jump_Start_04.wav
  importAddress: Guid(c2694fab5eccc4249bd5a2083be61d3e) Importer(2089858483,b0f066a214c2f5e87bad3c948f4d605d)
Start importing Assets/Downloaded/Footsteps - Essentials/Footsteps_Metal/Footsteps_Metal_Jump/Footsteps_MetalV1_Jump_Start_04.wav using Guid(c2694fab5eccc4249bd5a2083be61d3e) Importer(2089858483,b0f066a214c2f5e87bad3c948f4d605d) (ScriptedImporter) -> (Import Result ID: '51ae7d75b7e61bb9e6fe4c92c17d4fb2') in 0.0202966 seconds [static and dynamic dependencies]. Details - ImportResultOutputID=2361cec45e747b89f1ab0370350ccb53 DependenciesID=0f2bdb08fa092c763b9f01f39c173a7f StaticDependenciesID=b11565a0fecd49a24f836fa451fc1591 
Number of updated asset objects reloaded before import = 0Number of asset objects unloaded after import = 1

========================================================================
Received Import Request.
  Time since last request: 0.000040 seconds.
  path: Assets/Downloaded/Footsteps - Essentials/Footsteps_Water/Footsteps_Water_Jump/Footsteps_Water_Jump_Big_03.wav
  importAddress: Guid(15af46f10b0129a499d31b23666943f9) Importer(2089858483,b0f066a214c2f5e87bad3c948f4d605d)
Start importing Assets/Downloaded/Footsteps - Essentials/Footsteps_Water/Footsteps_Water_Jump/Footsteps_Water_Jump_Big_03.wav using Guid(15af46f10b0129a499d31b23666943f9) Importer(2089858483,b0f066a214c2f5e87bad3c948f4d605d) (ScriptedImporter) -> (Import Result ID: '496ae53e2ee7d1d50c026bc08f419838') in 0.0289747 seconds [static and dynamic dependencies]. Details - ImportResultOutputID=6499c054eea5a889489945ad3817248c DependenciesID=1dbb9da6cd8955c50051ae7b05ce066a StaticDependenciesID=dccf2f862dc6018683470872c4c5afb5 
Number of updated asset objects reloaded before import = 0Number of asset objects unloaded after import = 1

========================================================================
Received Import Request.
  Time since last request: 0.000045 seconds.
  path: Assets/Downloaded/Footsteps - Essentials/Footsteps_Metal/Footsteps_Metal_Jump
  importAddress: Guid(b88658c001d6c554b88ad353e539ae9a) Importer(2089858483,b0f066a214c2f5e87bad3c948f4d605d)
Start importing Assets/Downloaded/Footsteps - Essentials/Footsteps_Metal/Footsteps_Metal_Jump using Guid(b88658c001d6c554b88ad353e539ae9a) Importer(2089858483,b0f066a214c2f5e87bad3c948f4d605d) (ScriptedImporter) -> (Import Result ID: 'fb5f2327c923e9cbba554b735ce9c90f') in 0.0229772 seconds [static and dynamic dependencies]. Details - ImportResultOutputID=c71936e60b226d8012a7fa539a2ec55e DependenciesID=aa4b78695498f4da1c45ace5cac67cb3 StaticDependenciesID=d82ea1f7fe0f8f927a978e70d0b8228d 
Number of updated asset objects reloaded before import = 0Number of asset objects unloaded after import = 1

========================================================================
Received Import Request.
  Time since last request: 0.000033 seconds.
  path: Assets/Downloaded/shashirajproductions/Deadly_Creatures_Pack1_v1/Audio/SFX/Deadly_Creatures_Growls_Roars_v1_(110).wav
  importAddress: Guid(ad81af040f8d98a4796b86c2c6f15ccc) Importer(2089858483,b0f066a214c2f5e87bad3c948f4d605d)
Start importing Assets/Downloaded/shashirajproductions/Deadly_Creatures_Pack1_v1/Audio/SFX/Deadly_Creatures_Growls_Roars_v1_(110).wav using Guid(ad81af040f8d98a4796b86c2c6f15ccc) Importer(2089858483,b0f066a214c2f5e87bad3c948f4d605d) (ScriptedImporter) -> (Import Result ID: '31f3a9312f5906f822b080df9f1f1dd8') in 0.0254684 seconds [static and dynamic dependencies]. Details - ImportResultOutputID=df437881be577dea457276c160eb3fb6 DependenciesID=11c84f4a4a7fcaeba0ccb0fe218363a2 StaticDependenciesID=d6c6fab29d551b1df1e1041a8954cdd7 
Number of updated asset objects reloaded before import = 0Number of asset objects unloaded after import = 1

========================================================================
Received Import Request.
  Time since last request: 0.000026 seconds.
  path: Assets/Downloaded/shashirajproductions/Deadly_Creatures_Pack1_v1/Audio/SFX/Deadly_Creatures_Growls_Roars_v1_(107).wav
  importAddress: Guid(b5fe5169afb193b4ba8fd9c40589cbf0) Importer(2089858483,b0f066a214c2f5e87bad3c948f4d605d)
Start importing Assets/Downloaded/shashirajproductions/Deadly_Creatures_Pack1_v1/Audio/SFX/Deadly_Creatures_Growls_Roars_v1_(107).wav using Guid(b5fe5169afb193b4ba8fd9c40589cbf0) Importer(2089858483,b0f066a214c2f5e87bad3c948f4d605d) (ScriptedImporter) -> (Import Result ID: 'd081541051bc395f05c63f09a71699c8') in 0.0188241 seconds [static and dynamic dependencies]. Details - ImportResultOutputID=f5cfe4a37477fd5d555869e34450ade4 DependenciesID=78300f0cdea8938b831f145d8c767333 StaticDependenciesID=ac315a44e2e33603cb2f0037c2f9e365 
Number of updated asset objects reloaded before import = 0Number of asset objects unloaded after import = 1

========================================================================
Received Import Request.
  Time since last request: 0.000039 seconds.
  path: Assets/Downloaded/shashirajproductions/Deadly_Creatures_Pack1_v1/Audio/SFX/Deadly_Creatures_Growls_Roars_v1_(57).wav
  importAddress: Guid(6d26c5ddbabf13c4c96975bbaa8bff0e) Importer(2089858483,b0f066a214c2f5e87bad3c948f4d605d)
Start importing Assets/Downloaded/shashirajproductions/Deadly_Creatures_Pack1_v1/Audio/SFX/Deadly_Creatures_Growls_Roars_v1_(57).wav using Guid(6d26c5ddbabf13c4c96975bbaa8bff0e) Importer(2089858483,b0f066a214c2f5e87bad3c948f4d605d) (ScriptedImporter) -> (Import Result ID: 'b07f66d3edb8e5f2d32bffb656778b50') in 0.0176329 seconds [static and dynamic dependencies]. Details - ImportResultOutputID=e82ce98f6a388e566ae5efcad290701f DependenciesID=ee1c7bee51ccf390b92012050a8fbc35 StaticDependenciesID=92a645b345594efd64231aea9d33c9e0 
Number of updated asset objects reloaded before import = 0Number of asset objects unloaded after import = 1

========================================================================
Received Import Request.
  Time since last request: 0.000023 seconds.
  path: Assets/Downloaded/Footsteps - Essentials/Footsteps_Grass/Footsteps_Grass_Walk/Footsteps_Walk_Grass_Mono_48.wav
  importAddress: Guid(9cd93e6b4948e0c4abc089546af87c38) Importer(2089858483,b0f066a214c2f5e87bad3c948f4d605d)
Start importing Assets/Downloaded/Footsteps - Essentials/Footsteps_Grass/Footsteps_Grass_Walk/Footsteps_Walk_Grass_Mono_48.wav using Guid(9cd93e6b4948e0c4abc089546af87c38) Importer(2089858483,b0f066a214c2f5e87bad3c948f4d605d) (ScriptedImporter) -> (Import Result ID: '620846c927762ca3ef0b99f476576450') in 0.021849 seconds [static and dynamic dependencies]. Details - ImportResultOutputID=1cc1a6d87a6c2671f0659a615dc73309 DependenciesID=d7ca844710e65ee27c86c8093625a767 StaticDependenciesID=8fdf15b00bb9745b685bc1663c9d7006 
Number of updated asset objects reloaded before import = 0Number of asset objects unloaded after import = 1

========================================================================
Received Import Request.
  Time since last request: 0.000026 seconds.
  path: Assets/Downloaded/Footsteps - Essentials/Footsteps_Sand/Footsteps_Sand_Walk/Footsteps_Sand_Walk_10.wav
  importAddress: Guid(579926ded69755b45bd048a07dc306c2) Importer(2089858483,b0f066a214c2f5e87bad3c948f4d605d)
Start importing Assets/Downloaded/Footsteps - Essentials/Footsteps_Sand/Footsteps_Sand_Walk/Footsteps_Sand_Walk_10.wav using Guid(579926ded69755b45bd048a07dc306c2) Importer(2089858483,b0f066a214c2f5e87bad3c948f4d605d) (ScriptedImporter) -> (Import Result ID: '5c8e839a8cdfed46b7d9e7d5c0e72a32') in 0.0193592 seconds [static and dynamic dependencies]. Details - ImportResultOutputID=8e5e61fa30f98a9b3ae3c64bfca701f2 DependenciesID=8af2dab9ca45ffefdeaaab6f93262caa StaticDependenciesID=ffce25545359225a3de1b9d206fba15b 
Number of updated asset objects reloaded before import = 0Number of asset objects unloaded after import = 1

========================================================================
Received Import Request.
  Time since last request: 0.000028 seconds.
  path: Assets/Downloaded/Footsteps - Essentials/Footsteps_Sand/Footsteps_Sand_Walk/Footsteps_Sand_Walk_04.wav
  importAddress: Guid(6fa9a250bffc6454a840a823ac5ae71d) Importer(2089858483,b0f066a214c2f5e87bad3c948f4d605d)
Start importing Assets/Downloaded/Footsteps - Essentials/Footsteps_Sand/Footsteps_Sand_Walk/Footsteps_Sand_Walk_04.wav using Guid(6fa9a250bffc6454a840a823ac5ae71d) Importer(2089858483,b0f066a214c2f5e87bad3c948f4d605d) (ScriptedImporter) -> (Import Result ID: '3e90ac6682dd1524ce2b2a4b5174d987') in 0.0213797 seconds [static and dynamic dependencies]. Details - ImportResultOutputID=c961bcae9e495ce39ac9ca235d5ef17d DependenciesID=d2d72e2281116601452d4e314be2c531 StaticDependenciesID=d0a4854e8bdf9bfe386cb7837d5a7768 
Number of updated asset objects reloaded before import = 0Number of asset objects unloaded after import = 1

========================================================================
Received Import Request.
  Time since last request: 0.000041 seconds.
  path: Assets/Downloaded/Footsteps - Essentials/Footsteps_Gravel/Footsteps_Gravel_Walk/Footsteps_Gravel_Walk_07.wav
  importAddress: Guid(846819fd62ca22b478d33e537cd61c8c) Importer(2089858483,b0f066a214c2f5e87bad3c948f4d605d)
Start importing Assets/Downloaded/Footsteps - Essentials/Footsteps_Gravel/Footsteps_Gravel_Walk/Footsteps_Gravel_Walk_07.wav using Guid(846819fd62ca22b478d33e537cd61c8c) Importer(2089858483,b0f066a214c2f5e87bad3c948f4d605d) (ScriptedImporter) -> (Import Result ID: 'a04fc4e791271c774f298d9e9b2f9dc7') in 0.0206488 seconds [static and dynamic dependencies]. Details - ImportResultOutputID=5a7dacc281a806077d055ac84a261e3a DependenciesID=dadc030fbfb4dd8b86bae816fdb229d4 StaticDependenciesID=36606df5a707dcf2cb43cafdf42528e5 
Number of updated asset objects reloaded before import = 0Number of asset objects unloaded after import = 1

========================================================================
Received Import Request.
  Time since last request: 0.000027 seconds.
  path: Assets/Downloaded/Footsteps - Essentials/Footsteps_Sand/Footsteps_Sand_Run/Footsteps_Sand_Run_16.wav
  importAddress: Guid(466266db15b02104584d921885bcaa8a) Importer(2089858483,b0f066a214c2f5e87bad3c948f4d605d)
Start importing Assets/Downloaded/Footsteps - Essentials/Footsteps_Sand/Footsteps_Sand_Run/Footsteps_Sand_Run_16.wav using Guid(466266db15b02104584d921885bcaa8a) Importer(2089858483,b0f066a214c2f5e87bad3c948f4d605d) (ScriptedImporter) -> (Import Result ID: 'd3920ce5fb55a9e225007165f85df2f6') in 0.0232259 seconds [static and dynamic dependencies]. Details - ImportResultOutputID=8f0a95b8e61a5b45ad5a19394cc78b8a DependenciesID=c632a4708dea04aee098ba2a479ae944 StaticDependenciesID=74492fd343ac873f9a3d62fa00d37992 
Number of updated asset objects reloaded before import = 0Number of asset objects unloaded after import = 1

========================================================================
Received Import Request.
  Time since last request: 0.000022 seconds.
  path: Assets/Downloaded/Footsteps - Essentials/Footsteps_Grass/Foley_Grass/Footsteps_Grass_Tall_Movement_05.wav
  importAddress: Guid(fcbb5c4d4b88dab4196aa78093d897b4) Importer(2089858483,b0f066a214c2f5e87bad3c948f4d605d)
Start importing Assets/Downloaded/Footsteps - Essentials/Footsteps_Grass/Foley_Grass/Footsteps_Grass_Tall_Movement_05.wav using Guid(fcbb5c4d4b88dab4196aa78093d897b4) Importer(2089858483,b0f066a214c2f5e87bad3c948f4d605d) (ScriptedImporter) -> (Import Result ID: '97138330995a56442299d8b9cf0f92f8') in 0.0207603 seconds [static and dynamic dependencies]. Details - ImportResultOutputID=44e08e11f62e5c99a37443718508925e DependenciesID=8a9c1604aaa02dbddd83540df7ca32c9 StaticDependenciesID=0823b07cc5463d2fc72733cb2a7bdec4 
Number of updated asset objects reloaded before import = 0Number of asset objects unloaded after import = 1

========================================================================
Received Import Request.
  Time since last request: 0.000025 seconds.
  path: Assets/Downloaded/Footsteps - Essentials/Footsteps_Sand/Footsteps_Sand_Jump/Footsteps_Sand_Jump_Start_05.wav
  importAddress: Guid(e161741de42dca1428e352cf4e26b50f) Importer(2089858483,b0f066a214c2f5e87bad3c948f4d605d)
Start importing Assets/Downloaded/Footsteps - Essentials/Footsteps_Sand/Footsteps_Sand_Jump/Footsteps_Sand_Jump_Start_05.wav using Guid(e161741de42dca1428e352cf4e26b50f) Importer(2089858483,b0f066a214c2f5e87bad3c948f4d605d) (ScriptedImporter) -> (Import Result ID: 'a603ba0ddaf5813f4595ed901c374a35') in 0.01944 seconds [static and dynamic dependencies]. Details - ImportResultOutputID=23de420236f35c5fa498ba8d9302aae1 DependenciesID=089b978a4b6ba032740551d5fac9dc59 StaticDependenciesID=4f529d0660e6a73b8591e1ef04c994a8 
Number of updated asset objects reloaded before import = 0Number of asset objects unloaded after import = 1

========================================================================
Received Import Request.
  Time since last request: 0.000039 seconds.
  path: Assets/Downloaded/Footsteps - Essentials/Footsteps_Snow/Footsteps_Snow_Jump/Footsteps_Snow_Jump_Land_01.wav
  importAddress: Guid(b27347ebdc5a70b42876b9af0e9e1a41) Importer(2089858483,b0f066a214c2f5e87bad3c948f4d605d)
Start importing Assets/Downloaded/Footsteps - Essentials/Footsteps_Snow/Footsteps_Snow_Jump/Footsteps_Snow_Jump_Land_01.wav using Guid(b27347ebdc5a70b42876b9af0e9e1a41) Importer(2089858483,b0f066a214c2f5e87bad3c948f4d605d) (ScriptedImporter) -> (Import Result ID: '5d61471703b620a72d897ecf966033ae') in 0.019826 seconds [static and dynamic dependencies]. Details - ImportResultOutputID=f6db11a693986550988e4494e83524dd DependenciesID=0edf89c84032bf95b80f42bb66dfab80 StaticDependenciesID=d73ce44ac118d67e2bb2236ceb688cd3 
Number of updated asset objects reloaded before import = 0Number of asset objects unloaded after import = 1

========================================================================
Received Import Request.
  Time since last request: 0.000029 seconds.
  path: Assets/Downloaded/Footsteps - Essentials/Footsteps_Metal/Footsteps_Metal_Walk/Footsteps_MetalV2_Walk_03.wav
  importAddress: Guid(ab66dccbdeb63b5449db73ad92f21711) Importer(2089858483,b0f066a214c2f5e87bad3c948f4d605d)
Start importing Assets/Downloaded/Footsteps - Essentials/Footsteps_Metal/Footsteps_Metal_Walk/Footsteps_MetalV2_Walk_03.wav using Guid(ab66dccbdeb63b5449db73ad92f21711) Importer(2089858483,b0f066a214c2f5e87bad3c948f4d605d) (ScriptedImporter) -> (Import Result ID: '524c1cd50da7d9f000e6f9e64a660afe') in 0.0208018 seconds [static and dynamic dependencies]. Details - ImportResultOutputID=4cee43853b436104e695748d049bee04 DependenciesID=1401413a536a853d8789b846e109c075 StaticDependenciesID=c98e15d7cbe87d19d1ced689ed7c9812 
Number of updated asset objects reloaded before import = 0Number of asset objects unloaded after import = 1

========================================================================
Received Import Request.
  Time since last request: 0.000027 seconds.
  path: Assets/Downloaded/Footsteps - Essentials/Footsteps_Gravel/Footsteps_Gravel_Run
  importAddress: Guid(198cd01011d1c77459afa9bb626e156d) Importer(2089858483,b0f066a214c2f5e87bad3c948f4d605d)
Start importing Assets/Downloaded/Footsteps - Essentials/Footsteps_Gravel/Footsteps_Gravel_Run using Guid(198cd01011d1c77459afa9bb626e156d) Importer(2089858483,b0f066a214c2f5e87bad3c948f4d605d) (ScriptedImporter) -> (Import Result ID: 'b684627fa587587cff499115a756bff5') in 0.0161562 seconds [static and dynamic dependencies]. Details - ImportResultOutputID=d0c7dc6e3cb2b9feff733c6383e4d48a DependenciesID=a249a345f62fdced92a0b311d9fdbd38 StaticDependenciesID=7d8d3d52f7ecfd082df1a8a2cf4ecb32 
Number of updated asset objects reloaded before import = 0Number of asset objects unloaded after import = 1

========================================================================
Received Import Request.
  Time since last request: 0.000026 seconds.
  path: Assets/Downloaded/Footsteps - Essentials/Footsteps_Grass/Footsteps_Grass_Run/Footsteps_Grass_Run_08.wav
  importAddress: Guid(161d5a427e88d594f9906708ccdc5663) Importer(2089858483,b0f066a214c2f5e87bad3c948f4d605d)
Start importing Assets/Downloaded/Footsteps - Essentials/Footsteps_Grass/Footsteps_Grass_Run/Footsteps_Grass_Run_08.wav using Guid(161d5a427e88d594f9906708ccdc5663) Importer(2089858483,b0f066a214c2f5e87bad3c948f4d605d) (ScriptedImporter) -> (Import Result ID: '23209a2dcae5581d3d932bd3137ced74') in 0.0202609 seconds [static and dynamic dependencies]. Details - ImportResultOutputID=fb65ecdb29eaf6611eb419ecef0820da DependenciesID=19dec00ece1f52fb1faf8d52478bc849 StaticDependenciesID=432bc6dfea99a95834df60596a2f6fb3 
Number of updated asset objects reloaded before import = 0Number of asset objects unloaded after import = 1

========================================================================
Received Import Request.
  Time since last request: 0.000035 seconds.
  path: Assets/Downloaded/Footsteps - Essentials/Footsteps_Metal/Footsteps_Metal_Run/Footsteps_MetalV1_Run_09.wav
  importAddress: Guid(afe5e23d02afb5142bc95bacc1e287c0) Importer(2089858483,b0f066a214c2f5e87bad3c948f4d605d)
Start importing Assets/Downloaded/Footsteps - Essentials/Footsteps_Metal/Footsteps_Metal_Run/Footsteps_MetalV1_Run_09.wav using Guid(afe5e23d02afb5142bc95bacc1e287c0) Importer(2089858483,b0f066a214c2f5e87bad3c948f4d605d) (ScriptedImporter) -> (Import Result ID: '35e6e7541b8c36cab181a327e42e1f75') in 0.0187738 seconds [static and dynamic dependencies]. Details - ImportResultOutputID=61ca9a1fd8d9443d85b72f3f5ce6bb68 DependenciesID=acf653a506ce9c251bdf0c370f50bfc9 StaticDependenciesID=881166b70a96928be277878df0714f05 
Number of updated asset objects reloaded before import = 0Number of asset objects unloaded after import = 1

========================================================================
Received Import Request.
  Time since last request: 0.000020 seconds.
  path: Assets/Downloaded/shashirajproductions/Deadly_Creatures_Pack1_v1/Audio/SFX/Deadly_Creatures_Growls_Roars_v1_(73).wav
  importAddress: Guid(bd3fd8b4aa3a0f342b58b25265b88384) Importer(2089858483,b0f066a214c2f5e87bad3c948f4d605d)
Start importing Assets/Downloaded/shashirajproductions/Deadly_Creatures_Pack1_v1/Audio/SFX/Deadly_Creatures_Growls_Roars_v1_(73).wav using Guid(bd3fd8b4aa3a0f342b58b25265b88384) Importer(2089858483,b0f066a214c2f5e87bad3c948f4d605d) (ScriptedImporter) -> (Import Result ID: 'd41e134a55019e94e79a3cf89bb390a5') in 0.0175779 seconds [static and dynamic dependencies]. Details - ImportResultOutputID=68433513f0f346fde9e5b9d21768bd84 DependenciesID=225f9376a5c59fe4bf5196c5a6740fa7 StaticDependenciesID=1206f9f3d0a0c8240c3ed93aaa7fd8d1 
Number of updated asset objects reloaded before import = 0Number of asset objects unloaded after import = 1

========================================================================
Received Import Request.
  Time since last request: 0.000020 seconds.
  path: Assets/Downloaded/Footsteps - Essentials/Footsteps_Water/Footsteps_Water_Jump/Footsteps_Water_Jump_Light_03.wav
  importAddress: Guid(e8c82818ac04cf94c9c3a816122e9c4d) Importer(2089858483,b0f066a214c2f5e87bad3c948f4d605d)
Start importing Assets/Downloaded/Footsteps - Essentials/Footsteps_Water/Footsteps_Water_Jump/Footsteps_Water_Jump_Light_03.wav using Guid(e8c82818ac04cf94c9c3a816122e9c4d) Importer(2089858483,b0f066a214c2f5e87bad3c948f4d605d) (ScriptedImporter) -> (Import Result ID: '9cf07975715c514025da2ad31d63aee1') in 0.0214005 seconds [static and dynamic dependencies]. Details - ImportResultOutputID=9cf848a554e448b837cabca4b8240290 DependenciesID=a4037f3c51511e062b85061a4e307a99 StaticDependenciesID=eb9e4181d33c910b1aab14927029731e 
Number of updated asset objects reloaded before import = 0Number of asset objects unloaded after import = 1

========================================================================
Received Import Request.
  Time since last request: 0.000026 seconds.
  path: Assets/Downloaded/Footsteps - Essentials/Footsteps_Snow/Footsteps_Snow_Run/Footsteps_Snow_Run_04.wav
  importAddress: Guid(ea7026b9fb96c374994996dba54ba526) Importer(2089858483,b0f066a214c2f5e87bad3c948f4d605d)
Start importing Assets/Downloaded/Footsteps - Essentials/Footsteps_Snow/Footsteps_Snow_Run/Footsteps_Snow_Run_04.wav using Guid(ea7026b9fb96c374994996dba54ba526) Importer(2089858483,b0f066a214c2f5e87bad3c948f4d605d) (ScriptedImporter) -> (Import Result ID: '62889e9f7e1fef8e9a41c333475c6a35') in 0.0180385 seconds [static and dynamic dependencies]. Details - ImportResultOutputID=1f01eaf524b208f3b55991054fc48911 DependenciesID=b787912a4bf87d52c687387e86a8135a StaticDependenciesID=fceacac93ab92d1e88b319b86db284ec 
Number of updated asset objects reloaded before import = 0Number of asset objects unloaded after import = 1

========================================================================
Received Import Request.
  Time since last request: 0.000037 seconds.
  path: Assets/Downloaded/Footsteps - Essentials/Footsteps_Sand/Footsteps_Sand_Run/Footsteps_Sand_Run_09.wav
  importAddress: Guid(4bcc738c9307a9d4784ce4e137f5aefb) Importer(2089858483,b0f066a214c2f5e87bad3c948f4d605d)
Start importing Assets/Downloaded/Footsteps - Essentials/Footsteps_Sand/Footsteps_Sand_Run/Footsteps_Sand_Run_09.wav using Guid(4bcc738c9307a9d4784ce4e137f5aefb) Importer(2089858483,b0f066a214c2f5e87bad3c948f4d605d) (ScriptedImporter) -> (Import Result ID: '0da0b678eb499776946f615e86b2b05a') in 0.0189378 seconds [static and dynamic dependencies]. Details - ImportResultOutputID=16d1e8d6b9ccf406af877240eb7157b9 DependenciesID=e0d2246fb151e476bc348ef33c7799da StaticDependenciesID=cc7fc1c59b5f3c047bc3373e4c41333e 
Number of updated asset objects reloaded before import = 0Number of asset objects unloaded after import = 1

========================================================================
Received Import Request.
  Time since last request: 0.000023 seconds.
  path: Assets/Downloaded/Footsteps - Essentials/Footsteps_Gravel/Footsteps_Gravel_Walk/Footsteps_Gravel_Walk_08.wav
  importAddress: Guid(6eee7f295d5ff8b4f934dec7f44eaf97) Importer(2089858483,b0f066a214c2f5e87bad3c948f4d605d)
Start importing Assets/Downloaded/Footsteps - Essentials/Footsteps_Gravel/Footsteps_Gravel_Walk/Footsteps_Gravel_Walk_08.wav using Guid(6eee7f295d5ff8b4f934dec7f44eaf97) Importer(2089858483,b0f066a214c2f5e87bad3c948f4d605d) (ScriptedImporter) -> (Import Result ID: 'a5a116516d57d35aa6b7a17ac64e7424') in 0.0225699 seconds [static and dynamic dependencies]. Details - ImportResultOutputID=af747a92ccfc39ff197047b7f17c115a DependenciesID=c635c721f0cd2f618994d5ef5756a978 StaticDependenciesID=af9ac7a15476e17c5930d59d5e60df30 
Number of updated asset objects reloaded before import = 0Number of asset objects unloaded after import = 1

========================================================================
Received Import Request.
  Time since last request: 0.000022 seconds.
  path: Assets/Downloaded/Footsteps - Essentials/Footsteps_Snow/Footsteps_Snow_Walk/Footsteps_Snow_Walk_09.wav
  importAddress: Guid(4247388d57a4ce84096a96838717c4c8) Importer(2089858483,b0f066a214c2f5e87bad3c948f4d605d)
Start importing Assets/Downloaded/Footsteps - Essentials/Footsteps_Snow/Footsteps_Snow_Walk/Footsteps_Snow_Walk_09.wav using Guid(4247388d57a4ce84096a96838717c4c8) Importer(2089858483,b0f066a214c2f5e87bad3c948f4d605d) (ScriptedImporter) -> (Import Result ID: 'a3e19299f0c582bd21c560a8bfb44653') in 0.0190151 seconds [static and dynamic dependencies]. Details - ImportResultOutputID=3cb27e3d9ab8d1da6545cbaa3c5c36f0 DependenciesID=5c3ce5b9c7515d0c4213406a58fa5c91 StaticDependenciesID=d2f83f7f7ab06153b0ccff1b1466a06f 
Number of updated asset objects reloaded before import = 0Number of asset objects unloaded after import = 1

========================================================================
Received Import Request.
  Time since last request: 0.000026 seconds.
  path: Assets/Downloaded/Footsteps - Essentials/Footsteps_Grass/Footsteps_Grass_Walk/Footsteps_Walk_Grass_Mono_17.wav
  importAddress: Guid(6f344c93a9337684995c262534fa85f1) Importer(2089858483,b0f066a214c2f5e87bad3c948f4d605d)
Start importing Assets/Downloaded/Footsteps - Essentials/Footsteps_Grass/Footsteps_Grass_Walk/Footsteps_Walk_Grass_Mono_17.wav using Guid(6f344c93a9337684995c262534fa85f1) Importer(2089858483,b0f066a214c2f5e87bad3c948f4d605d) (ScriptedImporter) -> (Import Result ID: '09522c53a5348b8391155332b42fb908') in 0.0210996 seconds [static and dynamic dependencies]. Details - ImportResultOutputID=fc74ff7f2fc238bb7a11e9a6f840ab3e DependenciesID=64e6127a090f7504e576d148e9fd47ef StaticDependenciesID=b119586c065e404dabf7efe609061fab 
Number of updated asset objects reloaded before import = 0Number of asset objects unloaded after import = 1

========================================================================
Received Import Request.
  Time since last request: 0.000039 seconds.
  path: Assets/Downloaded/Footsteps - Essentials/Footsteps_Sand/Footsteps_Sand_Walk/Footsteps_Sand_Walk_09.wav
  importAddress: Guid(1c9813dc085b5374884cf7bcbaa27dca) Importer(2089858483,b0f066a214c2f5e87bad3c948f4d605d)
Start importing Assets/Downloaded/Footsteps - Essentials/Footsteps_Sand/Footsteps_Sand_Walk/Footsteps_Sand_Walk_09.wav using Guid(1c9813dc085b5374884cf7bcbaa27dca) Importer(2089858483,b0f066a214c2f5e87bad3c948f4d605d) (ScriptedImporter) -> (Import Result ID: 'c065aa7c5995ca93a274165590961a35') in 0.0197919 seconds [static and dynamic dependencies]. Details - ImportResultOutputID=25baeccd776c687ed121c6e78f55fb15 DependenciesID=3a5266aabee10faed746cfded06dd694 StaticDependenciesID=2a6c2d93e5bae6f648909db0b9db8838 
Number of updated asset objects reloaded before import = 0Number of asset objects unloaded after import = 1

========================================================================
Received Import Request.
  Time since last request: 0.000025 seconds.
  path: Assets/Downloaded/Footsteps - Essentials/Footsteps_Snow/Footsteps_Snow_Run/Footsteps_Snow_Run_01.wav
  importAddress: Guid(ba6dc99376c85b4468a50ff05f135162) Importer(2089858483,b0f066a214c2f5e87bad3c948f4d605d)
Start importing Assets/Downloaded/Footsteps - Essentials/Footsteps_Snow/Footsteps_Snow_Run/Footsteps_Snow_Run_01.wav using Guid(ba6dc99376c85b4468a50ff05f135162) Importer(2089858483,b0f066a214c2f5e87bad3c948f4d605d) (ScriptedImporter) -> (Import Result ID: '44d5494b549cc04721e8fe8e7fe90782') in 0.0189697 seconds [static and dynamic dependencies]. Details - ImportResultOutputID=7f118d257cb3c28fd1edb850802a482a DependenciesID=40b96879eb5002f3343035826f5eb30b StaticDependenciesID=88c8e07ddb1aa6578ff668c0d5b75562 
Number of updated asset objects reloaded before import = 0Number of asset objects unloaded after import = 1

========================================================================
Received Import Request.
  Time since last request: 0.000023 seconds.
  path: Assets/Downloaded/Footsteps - Essentials/Footsteps_Grass/Footsteps_Grass_Run/Footsteps_Grass_Run_10.wav
  importAddress: Guid(bd5653e52c4636e4aa3b0ced8f49a18d) Importer(2089858483,b0f066a214c2f5e87bad3c948f4d605d)
Start importing Assets/Downloaded/Footsteps - Essentials/Footsteps_Grass/Footsteps_Grass_Run/Footsteps_Grass_Run_10.wav using Guid(bd5653e52c4636e4aa3b0ced8f49a18d) Importer(2089858483,b0f066a214c2f5e87bad3c948f4d605d) (ScriptedImporter) -> (Import Result ID: '21acb80c79947297bed20a5ee03abdb1') in 0.018486 seconds [static and dynamic dependencies]. Details - ImportResultOutputID=63558c83ec83b1a5b2effa8cd6c667fc DependenciesID=77449ce7655ca075e7f8f2398d44db48 StaticDependenciesID=f7b2439a6da50deb1ac045c0d85e59c3 
Number of updated asset objects reloaded before import = 0Number of asset objects unloaded after import = 1

========================================================================
Received Import Request.
  Time since last request: 0.000034 seconds.
  path: Assets/Downloaded/shashirajproductions/Deadly_Creatures_Pack1_v1/Audio/SFX/Deadly_Creatures_Fleshy_Anger_v1_(18).wav
  importAddress: Guid(ebbc36393afc05748b2175363aeb72b9) Importer(2089858483,b0f066a214c2f5e87bad3c948f4d605d)
Start importing Assets/Downloaded/shashirajproductions/Deadly_Creatures_Pack1_v1/Audio/SFX/Deadly_Creatures_Fleshy_Anger_v1_(18).wav using Guid(ebbc36393afc05748b2175363aeb72b9) Importer(2089858483,b0f066a214c2f5e87bad3c948f4d605d) (ScriptedImporter) -> (Import Result ID: '1be90c244b092cc9707faf7a0e332579') in 0.0176997 seconds [static and dynamic dependencies]. Details - ImportResultOutputID=3c551db5e29e1840a905cfad813b1ba8 DependenciesID=989e4156598ab88589de54e4675fe1e5 StaticDependenciesID=49ed11424f60a8f16dbc17056a34691a 
Number of updated asset objects reloaded before import = 0Number of asset objects unloaded after import = 1

========================================================================
Received Import Request.
  Time since last request: 0.000037 seconds.
  path: Assets/Downloaded/shashirajproductions/Deadly_Creatures_Pack1_v1/Audio/SFX/Deadly_Creatures_Growls_Roars_v1_(93).wav
  importAddress: Guid(c0f6f6966f1855d42af738c3b5ee345a) Importer(2089858483,b0f066a214c2f5e87bad3c948f4d605d)
Start importing Assets/Downloaded/shashirajproductions/Deadly_Creatures_Pack1_v1/Audio/SFX/Deadly_Creatures_Growls_Roars_v1_(93).wav using Guid(c0f6f6966f1855d42af738c3b5ee345a) Importer(2089858483,b0f066a214c2f5e87bad3c948f4d605d) (ScriptedImporter) -> (Import Result ID: '5ff0c5cf9edd4e13431e921e3206e802') in 0.0189677 seconds [static and dynamic dependencies]. Details - ImportResultOutputID=301e955c46b9572b3e05d9161630edb8 DependenciesID=fde1dc973b09e01ae605828fd3e96df4 StaticDependenciesID=daf738290ac8d3f5acd3e77d1ba9038e 
Number of updated asset objects reloaded before import = 0Number of asset objects unloaded after import = 1

========================================================================
Received Import Request.
  Time since last request: 0.000022 seconds.
  path: Assets/Downloaded/shashirajproductions/Deadly_Creatures_Pack1_v1/Audio/SFX/Deadly_Creatures_Growls_Roars_v1_(2).wav
  importAddress: Guid(15c66e56cf8113947b264c20ae6a4d62) Importer(2089858483,b0f066a214c2f5e87bad3c948f4d605d)
Start importing Assets/Downloaded/shashirajproductions/Deadly_Creatures_Pack1_v1/Audio/SFX/Deadly_Creatures_Growls_Roars_v1_(2).wav using Guid(15c66e56cf8113947b264c20ae6a4d62) Importer(2089858483,b0f066a214c2f5e87bad3c948f4d605d) (ScriptedImporter) -> (Import Result ID: '3a090ae4eea241842663aed870a40423') in 0.0168586 seconds [static and dynamic dependencies]. Details - ImportResultOutputID=3aa21eab0f9f2ba16094b5bc1af1ca9b DependenciesID=d54851b53567243575f2a12ba7bc68d4 StaticDependenciesID=5fa101215341d8717778e12ab571502b 
Number of updated asset objects reloaded before import = 0Number of asset objects unloaded after import = 1

========================================================================
Received Import Request.
  Time since last request: 0.000023 seconds.
  path: Assets/Downloaded/Footsteps - Essentials/Footsteps_DirtyGround/Footsteps_DirtyGround_Walk
  importAddress: Guid(34364a0d1aa79ed47affe711d45cb8ab) Importer(2089858483,b0f066a214c2f5e87bad3c948f4d605d)
Start importing Assets/Downloaded/Footsteps - Essentials/Footsteps_DirtyGround/Footsteps_DirtyGround_Walk using Guid(34364a0d1aa79ed47affe711d45cb8ab) Importer(2089858483,b0f066a214c2f5e87bad3c948f4d605d) (ScriptedImporter) -> (Import Result ID: 'e87c2b0335f8ad503d7ac4054de3449e') in 0.0149861 seconds [static and dynamic dependencies]. Details - ImportResultOutputID=874709b2445259c7b33dc1f749d801df DependenciesID=2fa3dee7a5092f42ce7bcf4d544691b7 StaticDependenciesID=bf30831cc96459450a070bcf924eb0dd 
Number of updated asset objects reloaded before import = 0Number of asset objects unloaded after import = 1

========================================================================
Received Import Request.
  Time since last request: 0.000025 seconds.
  path: Assets/Downloaded/shashirajproductions/Deadly_Creatures_Pack1_v1/Audio/SFX/Deadly_Creatures_Growls_Roars_v1_(109).wav
  importAddress: Guid(8ef4fd0600d3656448d012a69b9f64ef) Importer(2089858483,b0f066a214c2f5e87bad3c948f4d605d)
Start importing Assets/Downloaded/shashirajproductions/Deadly_Creatures_Pack1_v1/Audio/SFX/Deadly_Creatures_Growls_Roars_v1_(109).wav using Guid(8ef4fd0600d3656448d012a69b9f64ef) Importer(2089858483,b0f066a214c2f5e87bad3c948f4d605d) (ScriptedImporter) -> (Import Result ID: 'e8d50b8a79031084e728ea56f345ac88') in 0.016995 seconds [static and dynamic dependencies]. Details - ImportResultOutputID=e2d28a3c69493d06f5572255f84f1896 DependenciesID=c1e21c7e3f9d7793b33faf60c09867b9 StaticDependenciesID=37f7a64a996ba283b8113b78d6fd54c1 
Number of updated asset objects reloaded before import = 0Number of asset objects unloaded after import = 1

========================================================================
Received Import Request.
  Time since last request: 0.000038 seconds.
  path: Assets/Downloaded/shashirajproductions/Deadly_Creatures_Pack1_v1/Audio/SFX/Deadly_Creatures_Growls_Roars_v1_(97).wav
  importAddress: Guid(0b0dfcea8ad3bca488837d3b008dc846) Importer(2089858483,b0f066a214c2f5e87bad3c948f4d605d)
Start importing Assets/Downloaded/shashirajproductions/Deadly_Creatures_Pack1_v1/Audio/SFX/Deadly_Creatures_Growls_Roars_v1_(97).wav using Guid(0b0dfcea8ad3bca488837d3b008dc846) Importer(2089858483,b0f066a214c2f5e87bad3c948f4d605d) (ScriptedImporter) -> (Import Result ID: '50b79d38f7d81a23280b6c5d6b286a6a') in 0.018047 seconds [static and dynamic dependencies]. Details - ImportResultOutputID=85040692430bc6bb4431ad8f82ae38ca DependenciesID=263fc6d991df46178d2a0961e7c007b8 StaticDependenciesID=f31637ca99e79c8f8c3a9c9b32f821ae 
Number of updated asset objects reloaded before import = 0Number of asset objects unloaded after import = 1

========================================================================
Received Import Request.
  Time since last request: 0.000028 seconds.
  path: Assets/Downloaded/Footsteps - Essentials/Footsteps_Grass/Footsteps_Grass_Walk/Footsteps_Walk_Grass_Mono_33.wav
  importAddress: Guid(eb9d0826f01bad94293a3ca6fa1f8427) Importer(2089858483,b0f066a214c2f5e87bad3c948f4d605d)
Start importing Assets/Downloaded/Footsteps - Essentials/Footsteps_Grass/Footsteps_Grass_Walk/Footsteps_Walk_Grass_Mono_33.wav using Guid(eb9d0826f01bad94293a3ca6fa1f8427) Importer(2089858483,b0f066a214c2f5e87bad3c948f4d605d) (ScriptedImporter) -> (Import Result ID: 'c15ccdf06cb468591df13178a174228e') in 0.0186863 seconds [static and dynamic dependencies]. Details - ImportResultOutputID=ac976d7b8a746e52fb7906a5d378ffad DependenciesID=976f5338153c02af2366a8a0a640fa1b StaticDependenciesID=77633220095caef7a4a24bcfd356babb 
Number of updated asset objects reloaded before import = 0Number of asset objects unloaded after import = 1

========================================================================
Received Import Request.
  Time since last request: 0.000022 seconds.
  path: Assets/Downloaded/Footsteps - Essentials/Footsteps_Water/Footsteps_Water_Walk/Footsteps_WaterV1_Walk_06.wav
  importAddress: Guid(eb25cc7f1bf9dbb43aa0833fe823843e) Importer(2089858483,b0f066a214c2f5e87bad3c948f4d605d)
Start importing Assets/Downloaded/Footsteps - Essentials/Footsteps_Water/Footsteps_Water_Walk/Footsteps_WaterV1_Walk_06.wav using Guid(eb25cc7f1bf9dbb43aa0833fe823843e) Importer(2089858483,b0f066a214c2f5e87bad3c948f4d605d) (ScriptedImporter) -> (Import Result ID: '55bee73f4726f627f1b31005351f4620') in 0.020367 seconds [static and dynamic dependencies]. Details - ImportResultOutputID=5081fb3cebd65ff9bc6c95d69275f3b6 DependenciesID=f696df8b9102b61195049492712543e1 StaticDependenciesID=1101515ce24d784cbf0211d356d75d85 
Number of updated asset objects reloaded before import = 0Number of asset objects unloaded after import = 1

========================================================================
Received Import Request.
  Time since last request: 0.000023 seconds.
  path: Assets/Downloaded/Footsteps - Essentials/Footsteps_Sand/Footsteps_Sand_Run/Footsteps_Sand_Run_04.wav
  importAddress: Guid(1241db8d81c902d4db1bc5e06ba500b3) Importer(2089858483,b0f066a214c2f5e87bad3c948f4d605d)
Start importing Assets/Downloaded/Footsteps - Essentials/Footsteps_Sand/Footsteps_Sand_Run/Footsteps_Sand_Run_04.wav using Guid(1241db8d81c902d4db1bc5e06ba500b3) Importer(2089858483,b0f066a214c2f5e87bad3c948f4d605d) (ScriptedImporter) -> (Import Result ID: 'a8c527c9fd97786892aad9159318b341') in 0.0186706 seconds [static and dynamic dependencies]. Details - ImportResultOutputID=04a716af196cd92bb548f7b8fa286add DependenciesID=dc8785b469d82f17d60ba8dcfdcac76e StaticDependenciesID=f7890f19b5fbcf287538effd9eec1f20 
Number of updated asset objects reloaded before import = 0Number of asset objects unloaded after import = 1

========================================================================
Received Import Request.
  Time since last request: 0.000037 seconds.
  path: Assets/Downloaded/shashirajproductions/Deadly_Creatures_Pack1_v1/Audio/SFX/Deadly_Creatures_Growls_Roars_v1_(10).wav
  importAddress: Guid(7450c71ac9cb1ac4e9c9414f4e92adf1) Importer(2089858483,b0f066a214c2f5e87bad3c948f4d605d)
Start importing Assets/Downloaded/shashirajproductions/Deadly_Creatures_Pack1_v1/Audio/SFX/Deadly_Creatures_Growls_Roars_v1_(10).wav using Guid(7450c71ac9cb1ac4e9c9414f4e92adf1) Importer(2089858483,b0f066a214c2f5e87bad3c948f4d605d) (ScriptedImporter) -> (Import Result ID: '232ae29e96522fa30f49f433e548fba4') in 0.0166792 seconds [static and dynamic dependencies]. Details - ImportResultOutputID=171f1acdc8ae9bb570e4b772f3ed7876 DependenciesID=f9c0c330afafa0ff5487fe32f39925b6 StaticDependenciesID=455c3aedc6ab543ec9dcf7bdf96b5dc5 
Number of updated asset objects reloaded before import = 0Number of asset objects unloaded after import = 1

========================================================================
Received Import Request.
  Time since last request: 0.000021 seconds.
  path: Assets/Downloaded/Footsteps - Essentials/Footsteps_Metal/Footsteps_Metal_Run/Footsteps_MetalV1_Run_08.wav
  importAddress: Guid(150e70d1ee30a0547ab9ded90647ad8d) Importer(2089858483,b0f066a214c2f5e87bad3c948f4d605d)
Start importing Assets/Downloaded/Footsteps - Essentials/Footsteps_Metal/Footsteps_Metal_Run/Footsteps_MetalV1_Run_08.wav using Guid(150e70d1ee30a0547ab9ded90647ad8d) Importer(2089858483,b0f066a214c2f5e87bad3c948f4d605d) (ScriptedImporter) -> (Import Result ID: '3bb4c003cd650ed590d8d5f36c11ff92') in 0.020289 seconds [static and dynamic dependencies]. Details - ImportResultOutputID=0cdcb567ef3eee8dd7a208817e0224fe DependenciesID=028bb79fe31697fbc1011d482dd524d8 StaticDependenciesID=245b458f77b6c816e94ac5d831638b08 
Number of updated asset objects reloaded before import = 0Number of asset objects unloaded after import = 1

========================================================================
Received Import Request.
  Time since last request: 0.000025 seconds.
  path: Assets/Downloaded/shashirajproductions/Deadly_Creatures_Pack1_v1/Audio/SFX/Deadly_Creatures_Growls_Roars_v1_(24).wav
  importAddress: Guid(a5e5b2d51ab55c64d9a4a08429d5cff7) Importer(2089858483,b0f066a214c2f5e87bad3c948f4d605d)
Start importing Assets/Downloaded/shashirajproductions/Deadly_Creatures_Pack1_v1/Audio/SFX/Deadly_Creatures_Growls_Roars_v1_(24).wav using Guid(a5e5b2d51ab55c64d9a4a08429d5cff7) Importer(2089858483,b0f066a214c2f5e87bad3c948f4d605d) (ScriptedImporter) -> (Import Result ID: '63ac0ee9f9f65006e2628a1fe9cdbe06') in 0.0189336 seconds [static and dynamic dependencies]. Details - ImportResultOutputID=24fa6a2142351ce4abe4203998d6d3fa DependenciesID=1353a72362c957e66f604a1d183b8fde StaticDependenciesID=7809e545fb4ebae1de6b6caf5bdf02a0 
Number of updated asset objects reloaded before import = 0Number of asset objects unloaded after import = 1

========================================================================
Received Import Request.
  Time since last request: 0.000020 seconds.
  path: Assets/Downloaded/shashirajproductions/Deadly_Creatures_Pack1_v1/Audio/SFX/Deadly_Creatures_Growls_Roars_v1_(18).wav
  importAddress: Guid(33142aa798cacea4b9b672fbf5531fce) Importer(2089858483,b0f066a214c2f5e87bad3c948f4d605d)
Start importing Assets/Downloaded/shashirajproductions/Deadly_Creatures_Pack1_v1/Audio/SFX/Deadly_Creatures_Growls_Roars_v1_(18).wav using Guid(33142aa798cacea4b9b672fbf5531fce) Importer(2089858483,b0f066a214c2f5e87bad3c948f4d605d) (ScriptedImporter) -> (Import Result ID: 'd6792d32ddaf8cf6a2f6378dfc134730') in 0.0197653 seconds [static and dynamic dependencies]. Details - ImportResultOutputID=31e5c89adbb4069c38c1d6625a4fb438 DependenciesID=55d08e7f5d8da02741d8085b3f809bd8 StaticDependenciesID=776bfc5fbead6e8a58dd2facb27e71d2 
Number of updated asset objects reloaded before import = 0Number of asset objects unloaded after import = 1

========================================================================
Received Import Request.
  Time since last request: 0.000038 seconds.
  path: Assets/Downloaded/Footsteps - Essentials/Footsteps_Rock/Footsteps_Rock_Jump/Footsteps_Rock_Jump_Start_04.wav
  importAddress: Guid(caceea3cf407e1b47a4024a755887675) Importer(2089858483,b0f066a214c2f5e87bad3c948f4d605d)
Start importing Assets/Downloaded/Footsteps - Essentials/Footsteps_Rock/Footsteps_Rock_Jump/Footsteps_Rock_Jump_Start_04.wav using Guid(caceea3cf407e1b47a4024a755887675) Importer(2089858483,b0f066a214c2f5e87bad3c948f4d605d) (ScriptedImporter) -> (Import Result ID: '16f9c1bedca340d13c9f1c0b472211a1') in 0.0210923 seconds [static and dynamic dependencies]. Details - ImportResultOutputID=a54065e4fa98ad1e338cc41d1f5fa63e DependenciesID=a9bbcd642e2db5dc0c36f157074ccd52 StaticDependenciesID=1b6efd2b036231160cec4df23f15f92b 
Number of updated asset objects reloaded before import = 0Number of asset objects unloaded after import = 1

========================================================================
Received Import Request.
  Time since last request: 0.000029 seconds.
  path: Assets/Downloaded/Footsteps - Essentials/Footsteps_Grass/Footsteps_Grass_Walk/Footsteps_Walk_Grass_Mono_07.wav
  importAddress: Guid(fc32c6fd07980144996b811e5d1f2971) Importer(2089858483,b0f066a214c2f5e87bad3c948f4d605d)
Start importing Assets/Downloaded/Footsteps - Essentials/Footsteps_Grass/Footsteps_Grass_Walk/Footsteps_Walk_Grass_Mono_07.wav using Guid(fc32c6fd07980144996b811e5d1f2971) Importer(2089858483,b0f066a214c2f5e87bad3c948f4d605d) (ScriptedImporter) -> (Import Result ID: '2a508ef214a09f99306716da6f518318') in 0.0184926 seconds [static and dynamic dependencies]. Details - ImportResultOutputID=60943effdefbec8dfa845843dbe664c4 DependenciesID=826b905d78f87a03dec2222f366fe497 StaticDependenciesID=d44dab5ab7000b974711f650d73f27b0 
Number of updated asset objects reloaded before import = 0Number of asset objects unloaded after import = 1

========================================================================
Received Import Request.
  Time since last request: 0.000025 seconds.
  path: Assets/Downloaded/Footsteps - Essentials/Footsteps_Wood/Footsteps_Wood_Run/Footsteps_Wood_Run_02.wav
  importAddress: Guid(7ffe843b3b9c8d14792d912d39646105) Importer(2089858483,b0f066a214c2f5e87bad3c948f4d605d)
Start importing Assets/Downloaded/Footsteps - Essentials/Footsteps_Wood/Footsteps_Wood_Run/Footsteps_Wood_Run_02.wav using Guid(7ffe843b3b9c8d14792d912d39646105) Importer(2089858483,b0f066a214c2f5e87bad3c948f4d605d) (ScriptedImporter) -> (Import Result ID: '34543a292847478ba382acdfc1d2cb6d') in 0.0184853 seconds [static and dynamic dependencies]. Details - ImportResultOutputID=6a3234ce7664cafb2d5932370c2a937d DependenciesID=1db66c5d2357fd325c1cf8c41775376a StaticDependenciesID=37afb4386dddf9508c43da35de27d13d 
Number of updated asset objects reloaded before import = 0Number of asset objects unloaded after import = 1

========================================================================
Received Import Request.
  Time since last request: 0.000028 seconds.
  path: Assets/Downloaded/Footsteps - Essentials/Footsteps_Wood/Footsteps_Wood_Run/Footsteps_Wood_Run_06.wav
  importAddress: Guid(cee4ef3ef0fd155409f7b5a5162cece8) Importer(2089858483,b0f066a214c2f5e87bad3c948f4d605d)
Start importing Assets/Downloaded/Footsteps - Essentials/Footsteps_Wood/Footsteps_Wood_Run/Footsteps_Wood_Run_06.wav using Guid(cee4ef3ef0fd155409f7b5a5162cece8) Importer(2089858483,b0f066a214c2f5e87bad3c948f4d605d) (ScriptedImporter) -> (Import Result ID: 'cee6462dcff3cc1a4b78c3f427b4fe7d') in 0.018752 seconds [static and dynamic dependencies]. Details - ImportResultOutputID=59c44b0ccb109769625ec3788981dd7a DependenciesID=b82e8a0b28a17b6d018d702617466755 StaticDependenciesID=e73385520dfedd8d5ff04d7722b8cef7 
Number of updated asset objects reloaded before import = 0Number of asset objects unloaded after import = 1

========================================================================
Received Import Request.
  Time since last request: 0.000038 seconds.
  path: Assets/Downloaded/Footsteps - Essentials/Footsteps_Mud
  importAddress: Guid(c428022154526d948bae8d8084826826) Importer(2089858483,b0f066a214c2f5e87bad3c948f4d605d)
Start importing Assets/Downloaded/Footsteps - Essentials/Footsteps_Mud using Guid(c428022154526d948bae8d8084826826) Importer(2089858483,b0f066a214c2f5e87bad3c948f4d605d) (ScriptedImporter) -> (Import Result ID: '664767ceab5890e357d7887797390e83') in 0.0154227 seconds [static and dynamic dependencies]. Details - ImportResultOutputID=a5ae1ca32e496d92358bd89d8f4806a4 DependenciesID=04218c7f7c9c8daa99afd9549ae71442 StaticDependenciesID=4b12c6db2c22fe18a5eb3c57cf68faf7 
Number of updated asset objects reloaded before import = 0Number of asset objects unloaded after import = 1

========================================================================
Received Import Request.
  Time since last request: 0.000022 seconds.
  path: Assets/Downloaded/Footsteps - Essentials/Footsteps_Metal/Footsteps_Metal_Walk/Footsteps_MetalV1_Walk_04.wav
  importAddress: Guid(dfff2b3c7dfb43c419592789f0a6ab81) Importer(2089858483,b0f066a214c2f5e87bad3c948f4d605d)
Start importing Assets/Downloaded/Footsteps - Essentials/Footsteps_Metal/Footsteps_Metal_Walk/Footsteps_MetalV1_Walk_04.wav using Guid(dfff2b3c7dfb43c419592789f0a6ab81) Importer(2089858483,b0f066a214c2f5e87bad3c948f4d605d) (ScriptedImporter) -> (Import Result ID: 'ce713d4b00161c4665ec890acc8883d2') in 0.0194834 seconds [static and dynamic dependencies]. Details - ImportResultOutputID=03808a15d0a2a1ee98314b544e812f3f DependenciesID=7d1217cb119a01ca2b62b20f41359028 StaticDependenciesID=0acb1bf26873a0ffd18776a739b55aad 
Number of updated asset objects reloaded before import = 0Number of asset objects unloaded after import = 1

========================================================================
Received Import Request.
  Time since last request: 0.000024 seconds.
  path: Assets/Downloaded/Horror Atmosphere LITE/Ambience/Ambience FX/Short_Rising-012.wav
  importAddress: Guid(0e264e7a1f8a03243be4e0ebe4d50a7c) Importer(2089858483,b0f066a214c2f5e87bad3c948f4d605d)
Start importing Assets/Downloaded/Horror Atmosphere LITE/Ambience/Ambience FX/Short_Rising-012.wav using Guid(0e264e7a1f8a03243be4e0ebe4d50a7c) Importer(2089858483,b0f066a214c2f5e87bad3c948f4d605d) (ScriptedImporter) -> (Import Result ID: 'e12df8c2a041ea40335cee9c22519ebe') in 0.0445766 seconds [static and dynamic dependencies]. Details - ImportResultOutputID=59666daeb185d8f105c268d22534a113 DependenciesID=b2c0320258e06fe7e6264363de3c8778 StaticDependenciesID=37d9f31efc319f03ce92b798f508247a 
Number of updated asset objects reloaded before import = 0Number of asset objects unloaded after import = 1

========================================================================
Received Import Request.
  Time since last request: 0.000024 seconds.
  path: Assets/Downloaded/Footsteps - Essentials/Footsteps_Grass/Footsteps_Grass_Run/Footsteps_Grass_Run_15.wav
  importAddress: Guid(3ec9ef3892d02044a9d62e412eb45ffb) Importer(2089858483,b0f066a214c2f5e87bad3c948f4d605d)
Start importing Assets/Downloaded/Footsteps - Essentials/Footsteps_Grass/Footsteps_Grass_Run/Footsteps_Grass_Run_15.wav using Guid(3ec9ef3892d02044a9d62e412eb45ffb) Importer(2089858483,b0f066a214c2f5e87bad3c948f4d605d) (ScriptedImporter) -> (Import Result ID: '00873880edb2ce17a947f64de82f6209') in 0.0195845 seconds [static and dynamic dependencies]. Details - ImportResultOutputID=a6c97bac764471272d37e2c31dc24c49 DependenciesID=5b5086da7a600b140ac9613d034d96d7 StaticDependenciesID=1b661e815d9235c05e98fd84b141c723 
Number of updated asset objects reloaded before import = 0Number of asset objects unloaded after import = 1

========================================================================
Received Import Request.
  Time since last request: 0.000032 seconds.
  path: Assets/Downloaded/Footsteps - Essentials/Footsteps_Gravel/Footsteps_Gravel_Run/Footsteps_Gravel_Run_02.wav
  importAddress: Guid(302595b93370c52408825d7fb07d09be) Importer(2089858483,b0f066a214c2f5e87bad3c948f4d605d)
Start importing Assets/Downloaded/Footsteps - Essentials/Footsteps_Gravel/Footsteps_Gravel_Run/Footsteps_Gravel_Run_02.wav using Guid(302595b93370c52408825d7fb07d09be) Importer(2089858483,b0f066a214c2f5e87bad3c948f4d605d) (ScriptedImporter) -> (Import Result ID: '9e183a286d278fd8a81f855db868e298') in 0.0207278 seconds [static and dynamic dependencies]. Details - ImportResultOutputID=d8f7480a3acf9db9da1b571850d3bbb6 DependenciesID=b07003fc2894f8a08e3d51cd51832075 StaticDependenciesID=a7420adb9204d2e485ca3131422c9d90 
Number of updated asset objects reloaded before import = 0Number of asset objects unloaded after import = 1

========================================================================
Received Import Request.
  Time since last request: 0.000021 seconds.
  path: Assets/Downloaded/Footsteps - Essentials/Footsteps_Metal/Footsteps_Metal_Walk/Footsteps_MetalV2_Walk_12.wav
  importAddress: Guid(6b7628f8c05047a4fbef52fe3ed4729d) Importer(2089858483,b0f066a214c2f5e87bad3c948f4d605d)
Start importing Assets/Downloaded/Footsteps - Essentials/Footsteps_Metal/Footsteps_Metal_Walk/Footsteps_MetalV2_Walk_12.wav using Guid(6b7628f8c05047a4fbef52fe3ed4729d) Importer(2089858483,b0f066a214c2f5e87bad3c948f4d605d) (ScriptedImporter) -> (Import Result ID: 'e835e6f711de94194f511448b92afeba') in 0.0242506 seconds [static and dynamic dependencies]. Details - ImportResultOutputID=4d8f667616c9ab8c5001c4fc60d7f7ed DependenciesID=fbd4ce14b53146623905cc5309cfc735 StaticDependenciesID=46278fea9138316a29dd7855bfb5f685 
Number of updated asset objects reloaded before import = 0Number of asset objects unloaded after import = 1

========================================================================
Received Import Request.
  Time since last request: 0.000024 seconds.
  path: Assets/Downloaded/Footsteps - Essentials/Footsteps_Grass/Footsteps_Grass_Walk/Footsteps_Walk_Grass_Mono_09.wav
  importAddress: Guid(56ea356e65429294f9098ef523fdb70b) Importer(2089858483,b0f066a214c2f5e87bad3c948f4d605d)
Start importing Assets/Downloaded/Footsteps - Essentials/Footsteps_Grass/Footsteps_Grass_Walk/Footsteps_Walk_Grass_Mono_09.wav using Guid(56ea356e65429294f9098ef523fdb70b) Importer(2089858483,b0f066a214c2f5e87bad3c948f4d605d) (ScriptedImporter) -> (Import Result ID: '9294c14ecb54fe1165f493a9440e2b0c') in 0.0223153 seconds [static and dynamic dependencies]. Details - ImportResultOutputID=29ec8cb18b057b1cf9194e26a7f9cece DependenciesID=03665ebc1dd2311a443e4afe36119707 StaticDependenciesID=fd370cee26a9c779c8872060111ed693 
Number of updated asset objects reloaded before import = 0Number of asset objects unloaded after import = 1

========================================================================
Received Import Request.
  Time since last request: 0.000037 seconds.
  path: Assets/Downloaded/Footsteps - Essentials/Footsteps_Sand/Footsteps_Sand_Run/Footsteps_Sand_Run_06.wav
  importAddress: Guid(6f1fa4fa8b3675843abe9345bbefffdd) Importer(2089858483,b0f066a214c2f5e87bad3c948f4d605d)
Start importing Assets/Downloaded/Footsteps - Essentials/Footsteps_Sand/Footsteps_Sand_Run/Footsteps_Sand_Run_06.wav using Guid(6f1fa4fa8b3675843abe9345bbefffdd) Importer(2089858483,b0f066a214c2f5e87bad3c948f4d605d) (ScriptedImporter) -> (Import Result ID: '9fd8f124eef77835d05f64d506bded03') in 0.019037 seconds [static and dynamic dependencies]. Details - ImportResultOutputID=aa9949b64253b9490f005c4973952625 DependenciesID=b9e90b83b2ea713285c7911a9c8c8afb StaticDependenciesID=de31e831745258a2743bbf24e847e3d6 
Number of updated asset objects reloaded before import = 0Number of asset objects unloaded after import = 1

========================================================================
Received Import Request.
  Time since last request: 2.059509 seconds.
  path: Assets/Downloaded/shashirajproductions/Deadly_Creatures_Pack1_v1/Audio/SFX/Deadly_Creatures_Growls_Roars_v1_(101).wav
  importAddress: Guid(ae6c4c3a4c882a043bfa359ada35977e) Importer(2089858483,b0f066a214c2f5e87bad3c948f4d605d)
Start importing Assets/Downloaded/shashirajproductions/Deadly_Creatures_Pack1_v1/Audio/SFX/Deadly_Creatures_Growls_Roars_v1_(101).wav using Guid(ae6c4c3a4c882a043bfa359ada35977e) Importer(2089858483,b0f066a214c2f5e87bad3c948f4d605d) (ScriptedImporter) -> (Import Result ID: 'd42912e1fc8bd7c1cda60d5d83531846') in 0.0247876 seconds [static and dynamic dependencies]. Details - ImportResultOutputID=7755bf56937d8ec98fd3a84837a1b992 DependenciesID=d62a97d2262b9d8f23eb0a5a3282c105 StaticDependenciesID=7eb885f030619079ce4cd1e755bcb653 
Number of updated asset objects reloaded before import = 0Number of asset objects unloaded after import = 1

========================================================================
Received Import Request.
  Time since last request: 0.000022 seconds.
  path: Assets/Downloaded/shashirajproductions/Deadly_Creatures_Pack1_v1/Audio/SFX/Deadly_Creatures_Fleshy_Anger_v1_(5).wav
  importAddress: Guid(3412d9ecf1d94b448a4f725ee05a9519) Importer(2089858483,b0f066a214c2f5e87bad3c948f4d605d)
Start importing Assets/Downloaded/shashirajproductions/Deadly_Creatures_Pack1_v1/Audio/SFX/Deadly_Creatures_Fleshy_Anger_v1_(5).wav using Guid(3412d9ecf1d94b448a4f725ee05a9519) Importer(2089858483,b0f066a214c2f5e87bad3c948f4d605d) (ScriptedImporter) -> (Import Result ID: '2d6f8bfd26dacfbda8712cf4eaa3bd3f') in 0.0203337 seconds [static and dynamic dependencies]. Details - ImportResultOutputID=e29edff150438fe1f11493b8bb083d18 DependenciesID=5701712ebfb72c14d1021eed717121b2 StaticDependenciesID=e4ac8f55e501a6bdabb68920f4907ee8 
Number of updated asset objects reloaded before import = 0Number of asset objects unloaded after import = 1

========================================================================
Received Import Request.
  Time since last request: 0.000021 seconds.
  path: Assets/Downloaded/shashirajproductions/Deadly_Creatures_Pack1_v1/Audio/SFX/Deadly_Creatures_Breathy_Airy_v1_(3).wav
  importAddress: Guid(bed4dec13ef248045b7cd1356a79f835) Importer(2089858483,b0f066a214c2f5e87bad3c948f4d605d)
Start importing Assets/Downloaded/shashirajproductions/Deadly_Creatures_Pack1_v1/Audio/SFX/Deadly_Creatures_Breathy_Airy_v1_(3).wav using Guid(bed4dec13ef248045b7cd1356a79f835) Importer(2089858483,b0f066a214c2f5e87bad3c948f4d605d) (ScriptedImporter) -> (Import Result ID: 'c81c1085060c43b3258ccf22b3ca3279') in 0.0228669 seconds [static and dynamic dependencies]. Details - ImportResultOutputID=b3e0f6d636664dc24064dc1d2c4bfc67 DependenciesID=ed9f75ee034af1631cec1b9280b4ff9c StaticDependenciesID=61a630b16ddd3afc4c80f958687ba249 
Number of updated asset objects reloaded before import = 0Number of asset objects unloaded after import = 1

========================================================================
Received Import Request.
  Time since last request: 0.000039 seconds.
  path: Assets/Downloaded/shashirajproductions/Deadly_Creatures_Pack1_v1/Audio/SFX/Deadly_Creatures_Growls_Roars_v1_(33).wav
  importAddress: Guid(408f719c8e8fe8d47a313adee088fc15) Importer(2089858483,b0f066a214c2f5e87bad3c948f4d605d)
Start importing Assets/Downloaded/shashirajproductions/Deadly_Creatures_Pack1_v1/Audio/SFX/Deadly_Creatures_Growls_Roars_v1_(33).wav using Guid(408f719c8e8fe8d47a313adee088fc15) Importer(2089858483,b0f066a214c2f5e87bad3c948f4d605d) (ScriptedImporter) -> (Import Result ID: '5fde577ac28a98a1bed71cd9bc7e31e7') in 0.0197229 seconds [static and dynamic dependencies]. Details - ImportResultOutputID=62f172d028614d5556f7eb88e64477c0 DependenciesID=61e3ca8666089f15b429450211c3d849 StaticDependenciesID=a97adc447b94d92b3a514df42d959706 
Number of updated asset objects reloaded before import = 0Number of asset objects unloaded after import = 1

========================================================================
Received Import Request.
  Time since last request: 0.000022 seconds.
  path: Assets/Downloaded/shashirajproductions/Deadly_Creatures_Pack1_v1/Audio/SFX/Deadly_Creatures_Growls_Roars_v1_(63).wav
  importAddress: Guid(da63a866c02f31244b5fd70b1fd6c416) Importer(2089858483,b0f066a214c2f5e87bad3c948f4d605d)
Start importing Assets/Downloaded/shashirajproductions/Deadly_Creatures_Pack1_v1/Audio/SFX/Deadly_Creatures_Growls_Roars_v1_(63).wav using Guid(da63a866c02f31244b5fd70b1fd6c416) Importer(2089858483,b0f066a214c2f5e87bad3c948f4d605d) (ScriptedImporter) -> (Import Result ID: '35212f3a25e9fffcf0cc4992f95f0f1e') in 0.0247806 seconds [static and dynamic dependencies]. Details - ImportResultOutputID=a2be4690545156ec9121c5175ae6b8e4 DependenciesID=dbe7b71ae8a420dd2a7b5d209a444116 StaticDependenciesID=5afe46a4d9444d98480aa4a53bdd448a 
Number of updated asset objects reloaded before import = 0Number of asset objects unloaded after import = 1

========================================================================
Received Import Request.
  Time since last request: 0.000022 seconds.
  path: Assets/Downloaded/shashirajproductions/Deadly_Creatures_Pack1_v1/Audio/SFX/Deadly_Creatures_Growls_Roars_v1_(96).wav
  importAddress: Guid(000129961b8bb9c4fb9643b37721caa4) Importer(2089858483,b0f066a214c2f5e87bad3c948f4d605d)
Start importing Assets/Downloaded/shashirajproductions/Deadly_Creatures_Pack1_v1/Audio/SFX/Deadly_Creatures_Growls_Roars_v1_(96).wav using Guid(000129961b8bb9c4fb9643b37721caa4) Importer(2089858483,b0f066a214c2f5e87bad3c948f4d605d) (ScriptedImporter) -> (Import Result ID: '7c71bb40493e1245a6f0b36461e3c6c3') in 0.019161 seconds [static and dynamic dependencies]. Details - ImportResultOutputID=b369ab12f6a549df4e29ba775781b1a6 DependenciesID=aa0500d80edcbf7ee65167ffd634a107 StaticDependenciesID=99d013f76bc1a4dfbeda01d9291f19e2 
Number of updated asset objects reloaded before import = 0Number of asset objects unloaded after import = 1

========================================================================
Received Import Request.
  Time since last request: 0.000034 seconds.
  path: Assets/Downloaded/shashirajproductions/Deadly_Creatures_Pack1_v1/Audio/SFX/Deadly_Creatures_Fleshy_Anger_v1_(13).wav
  importAddress: Guid(000b46acd22a4f84c99b9c987917028d) Importer(2089858483,b0f066a214c2f5e87bad3c948f4d605d)
Start importing Assets/Downloaded/shashirajproductions/Deadly_Creatures_Pack1_v1/Audio/SFX/Deadly_Creatures_Fleshy_Anger_v1_(13).wav using Guid(000b46acd22a4f84c99b9c987917028d) Importer(2089858483,b0f066a214c2f5e87bad3c948f4d605d) (ScriptedImporter) -> (Import Result ID: '844cf632d1399f5c4e79898359f762ec') in 0.0188726 seconds [static and dynamic dependencies]. Details - ImportResultOutputID=963f1cec1df4cf3929e5606e1a66622f DependenciesID=ebb1c7b1d7a720683e5f3b0bbe225fd1 StaticDependenciesID=77296724a9f26e1ae8b9252e766aa503 
Number of updated asset objects reloaded before import = 0Number of asset objects unloaded after import = 1

========================================================================
Received Import Request.
  Time since last request: 0.000035 seconds.
  path: Assets/Downloaded/shashirajproductions/Deadly_Creatures_Pack1_v1/Audio/SFX/Deadly_Creatures_Growls_Roars_v1_(50).wav
  importAddress: Guid(d69b32027fbf14f49be533f802aeddd4) Importer(2089858483,b0f066a214c2f5e87bad3c948f4d605d)
Start importing Assets/Downloaded/shashirajproductions/Deadly_Creatures_Pack1_v1/Audio/SFX/Deadly_Creatures_Growls_Roars_v1_(50).wav using Guid(d69b32027fbf14f49be533f802aeddd4) Importer(2089858483,b0f066a214c2f5e87bad3c948f4d605d) (ScriptedImporter) -> (Import Result ID: 'a8aa22231c871e68486d8e8a9ede7527') in 0.018629 seconds [static and dynamic dependencies]. Details - ImportResultOutputID=7bc2ef9063135a7f3c424102ea4a815e DependenciesID=4423bbec12ede81418e364306f61efc5 StaticDependenciesID=9bd6db95197acc69ec7fd003dd0cf131 
Number of updated asset objects reloaded before import = 0Number of asset objects unloaded after import = 1

========================================================================
Received Import Request.
  Time since last request: 0.000024 seconds.
  path: Assets/Downloaded/shashirajproductions/Deadly_Creatures_Pack1_v1/Audio/SFX/Deadly_Creatures_Fleshy_Anger_v1_(17).wav
  importAddress: Guid(d0f0de818b6f63148a35fb140ec983f3) Importer(2089858483,b0f066a214c2f5e87bad3c948f4d605d)
Start importing Assets/Downloaded/shashirajproductions/Deadly_Creatures_Pack1_v1/Audio/SFX/Deadly_Creatures_Fleshy_Anger_v1_(17).wav using Guid(d0f0de818b6f63148a35fb140ec983f3) Importer(2089858483,b0f066a214c2f5e87bad3c948f4d605d) (ScriptedImporter) -> (Import Result ID: 'e0b44c4d51ce6015371ed73872def39b') in 0.0186749 seconds [static and dynamic dependencies]. Details - ImportResultOutputID=0397bd465ac50a63261fdea26cd48ca6 DependenciesID=67ba6f113118e67a87e04f0a3792fe0b StaticDependenciesID=50be7c866d0e2d47ae6574649cde1d4a 
Number of updated asset objects reloaded before import = 0Number of asset objects unloaded after import = 1

========================================================================
Received Import Request.
  Time since last request: 0.000019 seconds.
  path: Assets/Downloaded/shashirajproductions/Deadly_Creatures_Pack1_v1/Audio/SFX/Deadly_Creatures_Fleshy_Anger_v1_(10).wav
  importAddress: Guid(561de6f443f25d341b0fdd608ff07532) Importer(2089858483,b0f066a214c2f5e87bad3c948f4d605d)
Start importing Assets/Downloaded/shashirajproductions/Deadly_Creatures_Pack1_v1/Audio/SFX/Deadly_Creatures_Fleshy_Anger_v1_(10).wav using Guid(561de6f443f25d341b0fdd608ff07532) Importer(2089858483,b0f066a214c2f5e87bad3c948f4d605d) (ScriptedImporter) -> (Import Result ID: 'd4c1435040c1585251132416a150887e') in 0.0194745 seconds [static and dynamic dependencies]. Details - ImportResultOutputID=fa5b6ba7105ac294ffccb2355b32ce4f DependenciesID=1ed241db7443ca0dac7e1eefb138b381 StaticDependenciesID=b0bfce8cac2787c26c5e4558a8aafe52 
Number of updated asset objects reloaded before import = 0Number of asset objects unloaded after import = 1

========================================================================
Received Import Request.
  Time since last request: 0.000024 seconds.
  path: Assets/Downloaded/shashirajproductions/Deadly_Creatures_Pack1_v1/Audio/SFX/Deadly_Creatures_Growls_Roars_v1_(119).wav
  importAddress: Guid(2bb6013e4526f3a4baa5dc479c1d6fac) Importer(2089858483,b0f066a214c2f5e87bad3c948f4d605d)
Start importing Assets/Downloaded/shashirajproductions/Deadly_Creatures_Pack1_v1/Audio/SFX/Deadly_Creatures_Growls_Roars_v1_(119).wav using Guid(2bb6013e4526f3a4baa5dc479c1d6fac) Importer(2089858483,b0f066a214c2f5e87bad3c948f4d605d) (ScriptedImporter) -> (Import Result ID: '651d5cc2a201afb92ddb3b696e1ea362') in 0.0179831 seconds [static and dynamic dependencies]. Details - ImportResultOutputID=5b9f324cad28380ec2d750454934f78c DependenciesID=04bb85cf8be09fdcb060407b0d260ba1 StaticDependenciesID=b97dc88ff2895a8d301c33fd97f0992f 
Number of updated asset objects reloaded before import = 0Number of asset objects unloaded after import = 1

========================================================================
Received Import Request.
  Time since last request: 0.000036 seconds.
  path: Assets/Downloaded/shashirajproductions/Deadly_Creatures_Pack1_v1/Audio/SFX/Deadly_Creatures_Growls_Roars_v1_(108).wav
  importAddress: Guid(90eaa54bf2780114a95c99a1a9586bc6) Importer(2089858483,b0f066a214c2f5e87bad3c948f4d605d)
Start importing Assets/Downloaded/shashirajproductions/Deadly_Creatures_Pack1_v1/Audio/SFX/Deadly_Creatures_Growls_Roars_v1_(108).wav using Guid(90eaa54bf2780114a95c99a1a9586bc6) Importer(2089858483,b0f066a214c2f5e87bad3c948f4d605d) (ScriptedImporter) -> (Import Result ID: 'a26d00d59314077235376dbc69d75216') in 0.0246942 seconds [static and dynamic dependencies]. Details - ImportResultOutputID=5904af618304ecf2a3a0597d12fae6eb DependenciesID=2f83728ae8bcad94db77f4a43dad2047 StaticDependenciesID=392ab098a2ba172ce305863a5e79b23c 
Number of updated asset objects reloaded before import = 0Number of asset objects unloaded after import = 1

========================================================================
Received Import Request.
  Time since last request: 0.000020 seconds.
  path: Assets/Downloaded/shashirajproductions/Deadly_Creatures_Pack1_v1/Audio/SFX/Deadly_Creatures_Growls_Roars_v1_(77).wav
  importAddress: Guid(e1ca7affaf855e3408952f1fab4cb198) Importer(2089858483,b0f066a214c2f5e87bad3c948f4d605d)
Start importing Assets/Downloaded/shashirajproductions/Deadly_Creatures_Pack1_v1/Audio/SFX/Deadly_Creatures_Growls_Roars_v1_(77).wav using Guid(e1ca7affaf855e3408952f1fab4cb198) Importer(2089858483,b0f066a214c2f5e87bad3c948f4d605d) (ScriptedImporter) -> (Import Result ID: '150e752f678d89c5921fee5974fe4887') in 0.0229769 seconds [static and dynamic dependencies]. Details - ImportResultOutputID=3a4b835611c195ba311c45b266537b00 DependenciesID=315904ec07ac61117bcddf82dde4dac1 StaticDependenciesID=338d35a9aca21cf2dbcbf2ba4a0ded74 
Number of updated asset objects reloaded before import = 0Number of asset objects unloaded after import = 1

========================================================================
Received Import Request.
  Time since last request: 0.000019 seconds.
  path: Assets/Downloaded/shashirajproductions/Deadly_Creatures_Pack1_v1/Audio/SFX/Deadly_Creatures_Growls_Roars_v1_(92).wav
  importAddress: Guid(7aa09dcb45475c5468df689a25c6e91e) Importer(2089858483,b0f066a214c2f5e87bad3c948f4d605d)
Start importing Assets/Downloaded/shashirajproductions/Deadly_Creatures_Pack1_v1/Audio/SFX/Deadly_Creatures_Growls_Roars_v1_(92).wav using Guid(7aa09dcb45475c5468df689a25c6e91e) Importer(2089858483,b0f066a214c2f5e87bad3c948f4d605d) (ScriptedImporter) -> (Import Result ID: 'd18dd5491c12756cdacf41a18d1cd171') in 0.0195942 seconds [static and dynamic dependencies]. Details - ImportResultOutputID=ad30ee6a02cf8befa5ae075408d10e0f DependenciesID=f2d434c1cdb3dde97283840b0407a562 StaticDependenciesID=fa6fcdd35802289fbd914b168638a158 
Number of updated asset objects reloaded before import = 0Number of asset objects unloaded after import = 1

========================================================================
Received Import Request.
  Time since last request: 0.000023 seconds.
  path: Assets/Downloaded/shashirajproductions/Deadly_Creatures_Pack1_v1/Audio/SFX/Deadly_Creatures_Growls_Roars_v1_(44).wav
  importAddress: Guid(a3c0444a8d758e042880d8e679765745) Importer(2089858483,b0f066a214c2f5e87bad3c948f4d605d)
Start importing Assets/Downloaded/shashirajproductions/Deadly_Creatures_Pack1_v1/Audio/SFX/Deadly_Creatures_Growls_Roars_v1_(44).wav using Guid(a3c0444a8d758e042880d8e679765745) Importer(2089858483,b0f066a214c2f5e87bad3c948f4d605d) (ScriptedImporter) -> (Import Result ID: 'c0fd4ac07d022e118457901da361ba67') in 0.0195402 seconds [static and dynamic dependencies]. Details - ImportResultOutputID=0093bd4c51fdec907602b5967f50e21d DependenciesID=a48b1170e2e2b9be729b230a6c18659f StaticDependenciesID=103fac50e607bae0b1319a5d9587eed4 
Number of updated asset objects reloaded before import = 0Number of asset objects unloaded after import = 1

========================================================================
Received Import Request.
  Time since last request: 3.441225 seconds.
  path: Assets/New Animator Controller.controller
  importAddress: Guid(f832b983aaa18a6459d1789199bfae49) Importer(815301076,1909f56bfc062723c751e8b465ee728b)
Start importing Assets/New Animator Controller.controller using Guid(f832b983aaa18a6459d1789199bfae49) Importer(815301076,1909f56bfc062723c751e8b465ee728b) (PreviewImporter) -> (Import Result ID: '219b3c0e47a4fe234b1fd57ff87e3832') in 0.0022191 seconds [static and dynamic dependencies]. Details - ImportResultOutputID=36e8780c833b30589e7c3aee7f5d4a6e DependenciesID=7f77243c9cf08d5a3e80911b154fd8c3 StaticDependenciesID=ac5911308215d484f3984647182bf97a 
Number of updated asset objects reloaded before import = 0Number of asset objects unloaded after import = 1

========================================================================
Received Import Request.
  Time since last request: 0.885627 seconds.
  path: Assets/New Animator Controller.controller
  importAddress: Guid(f832b983aaa18a6459d1789199bfae49) Importer(2089858483,b0f066a214c2f5e87bad3c948f4d605d)
Start importing Assets/New Animator Controller.controller using Guid(f832b983aaa18a6459d1789199bfae49) Importer(2089858483,b0f066a214c2f5e87bad3c948f4d605d) (ScriptedImporter) -> (Import Result ID: '8686956ccd66cf22c64d89da70814942') in 0.0190044 seconds [static and dynamic dependencies]. Details - ImportResultOutputID=4e5362c0e2cefa1032a77bde5b4f3f07 DependenciesID=7905cabcdf43310ac813af4d34e68ed6 StaticDependenciesID=185af533bb66f6c3affa96464c5fa48c 
Number of updated asset objects reloaded before import = 0Number of asset objects unloaded after import = 1

========================================================================
Received Prepare
Begin MonoManager ReloadAssembly
[Licensing::Client] Successfully resolved entitlement details
ADTM: Control thread waiting for realtime thread timed out, have to lock...
Assembly Assembly-CSharp-Editor-firstpass.dll at Library/ScriptAssemblies/Assembly-CSharp-Editor-firstpass.dll not valid. Loading of assembly skipped.
Assembly Assembly-CSharp-firstpass.dll at Library/ScriptAssemblies/Assembly-CSharp-firstpass.dll not valid. Loading of assembly skipped.
Assembly DocCodeExamples.dll at Library/ScriptAssemblies/DocCodeExamples.dll not valid. Loading of assembly skipped.
Assembly TestNewCustomAssembly.dll at Library/ScriptAssemblies/TestNewCustomAssembly.dll not valid. Loading of assembly skipped.
Assembly Unity.2D.Sprite.Package.EditorTests.dll at Library/ScriptAssemblies/Unity.2D.Sprite.Package.EditorTests.dll not valid. Loading of assembly skipped.
Assembly Unity.Collections.BurstCompatibilityGen.dll at Library/ScriptAssemblies/Unity.Collections.BurstCompatibilityGen.dll not valid. Loading of assembly skipped.
Assembly Unity.Collections.DocCodeSamples.dll at Library/ScriptAssemblies/Unity.Collections.DocCodeSamples.dll not valid. Loading of assembly skipped.
Assembly Unity.Collections.PerformanceTests.dll at Library/ScriptAssemblies/Unity.Collections.PerformanceTests.dll not valid. Loading of assembly skipped.
Assembly Unity.Collections.Tests.dll at Library/ScriptAssemblies/Unity.Collections.Tests.dll not valid. Loading of assembly skipped.
Assembly Unity.Collections.Tests.Playmode.dll at Library/ScriptAssemblies/Unity.Collections.Tests.Playmode.dll not valid. Loading of assembly skipped.
Assembly Unity.InputSystem.IntegrationTests.dll at Library/ScriptAssemblies/Unity.InputSystem.IntegrationTests.dll not valid. Loading of assembly skipped.
Assembly Unity.Mathematics.Tests.dll at Library/ScriptAssemblies/Unity.Mathematics.Tests.dll not valid. Loading of assembly skipped.
Assembly Unity.Multiplayer.Center.Editor.Tests.dll at Library/ScriptAssemblies/Unity.Multiplayer.Center.Editor.Tests.dll not valid. Loading of assembly skipped.
Assembly Unity.Multiplayer.Center.Tests.dll at Library/ScriptAssemblies/Unity.Multiplayer.Center.Tests.dll not valid. Loading of assembly skipped.
Assembly Unity.Nuget.Mono-Cecil.dll at Library/ScriptAssemblies/Unity.Nuget.Mono-Cecil.dll not valid. Loading of assembly skipped.
Assembly Unity.PathTracing.Editor.Tests.dll at Library/ScriptAssemblies/Unity.PathTracing.Editor.Tests.dll not valid. Loading of assembly skipped.
Assembly Unity.PathTracing.Runtime.Tests.dll at Library/ScriptAssemblies/Unity.PathTracing.Runtime.Tests.dll not valid. Loading of assembly skipped.
Assembly Unity.RenderPipelines.Core.Editor.Tests.dll at Library/ScriptAssemblies/Unity.RenderPipelines.Core.Editor.Tests.dll not valid. Loading of assembly skipped.
Assembly Unity.RenderPipelines.Core.Runtime.Tests.dll at Library/ScriptAssemblies/Unity.RenderPipelines.Core.Runtime.Tests.dll not valid. Loading of assembly skipped.
Assembly Unity.RenderPipelines.Universal.Config.Editor.Tests.dll at Library/ScriptAssemblies/Unity.RenderPipelines.Universal.Config.Editor.Tests.dll not valid. Loading of assembly skipped.
Assembly Unity.RenderPipelines.Universal.Editor.Tests.dll at Library/ScriptAssemblies/Unity.RenderPipelines.Universal.Editor.Tests.dll not valid. Loading of assembly skipped.
Assembly Unity.RenderPipelines.Universal.Runtime.Tests.dll at Library/ScriptAssemblies/Unity.RenderPipelines.Universal.Runtime.Tests.dll not valid. Loading of assembly skipped.
Assembly Unity.Searcher.EditorTests.dll at Library/ScriptAssemblies/Unity.Searcher.EditorTests.dll not valid. Loading of assembly skipped.
Assembly Unity.ShaderGraph.Editor.Tests.dll at Library/ScriptAssemblies/Unity.ShaderGraph.Editor.Tests.dll not valid. Loading of assembly skipped.
Assembly Unity.TextMeshPro.Editor.Tests.dll at Library/ScriptAssemblies/Unity.TextMeshPro.Editor.Tests.dll not valid. Loading of assembly skipped.
Assembly Unity.TextMeshPro.Tests.dll at Library/ScriptAssemblies/Unity.TextMeshPro.Tests.dll not valid. Loading of assembly skipped.
Assembly Unity.UnifiedRayTracing.Editor.Tests.dll at Library/ScriptAssemblies/Unity.UnifiedRayTracing.Editor.Tests.dll not valid. Loading of assembly skipped.
Assembly UnityEditor.UI.Common.Tests.dll at Library/ScriptAssemblies/UnityEditor.UI.Common.Tests.dll not valid. Loading of assembly skipped.
Assembly UnityEditor.UI.EditorTests.dll at Library/ScriptAssemblies/UnityEditor.UI.EditorTests.dll not valid. Loading of assembly skipped.
Assembly UnityEngine.UI.Tests.dll at Library/ScriptAssemblies/UnityEngine.UI.Tests.dll not valid. Loading of assembly skipped.
Refreshing native plugins compatible for Editor in 2.09 ms, found 4 plugins.
Native extension for WindowsStandalone target not found
Native extension for WebGL target not found
[Package Manager] Failed to launch server process. Reason: Unity was launched with the -noUpm command-line argument
[Package Manager] Unable to send message (not connected to server process).
[Package Manager] Cannot connect to Unity Package Manager local server
[Package Manager] Failed to launch server process. Reason: Unity was launched with the -noUpm command-line argument
[Package Manager] Unable to send message (not connected to server process).
[Package Manager] Cannot connect to Unity Package Manager local server
ScheduleIndexationOnStartup MainProcess:False IndexOnStartup:True
Mono: successfully reloaded assembly
- Finished resetting the current domain, in  1.328 seconds
Domain Reload Profiling: 3512ms
	BeginReloadAssembly (1349ms)
		DisableScriptedObjects (8ms)
		CreateAndSetChildDomain (1076ms)
	RebuildCommonClasses (55ms)
	RebuildNativeTypeToScriptingClass (18ms)
	initialDomainReloadingComplete (95ms)
	LoadAllAssembliesAndSetupDomain (666ms)
		LoadAssemblies (551ms)
		AnalyzeDomain (297ms)
			TypeCache.Refresh (13ms)
			BuildScriptInfoCaches (265ms)
			ResolveRequiredComponents (17ms)
	FinalizeReload (1329ms)
		SetupLoadedEditorAssemblies (0ms)
			InitializePlatformSupportModulesInManaged (3ms)
			BeforeProcessingInitializeOnLoad (208ms)
			ProcessInitializeOnLoadAttributes (715ms)
			ProcessInitializeOnLoadMethodAttributes (125ms)
			AfterProcessingInitializeOnLoad (3ms)
		AwakeInstancesAfterBackupRestoration (27ms)
Refreshing native plugins compatible for Editor in 2.89 ms, found 4 plugins.
Unloading 24 Unused Serialized files (Serialized files now loaded: 0)
Unloading 6633 unused Assets / (5.1 MB). Loaded Objects now: 7609.
Memory consumption went from 176.6 MB to 171.5 MB.
Total: 12.451500 ms (FindLiveObjects: 0.731600 ms CreateObjectMapping: 0.525000 ms MarkObjects: 8.181500 ms  DeleteObjects: 3.011000 ms)

Prepare: number of updated asset objects reloaded= 0
========================================================================
Received Prepare
Begin MonoManager ReloadAssembly
[Licensing::Client] Successfully resolved entitlement details
ADTM: Control thread waiting for realtime thread timed out, have to lock...
Assembly Assembly-CSharp-Editor-firstpass.dll at Library/ScriptAssemblies/Assembly-CSharp-Editor-firstpass.dll not valid. Loading of assembly skipped.
Assembly Assembly-CSharp-firstpass.dll at Library/ScriptAssemblies/Assembly-CSharp-firstpass.dll not valid. Loading of assembly skipped.
Assembly DocCodeExamples.dll at Library/ScriptAssemblies/DocCodeExamples.dll not valid. Loading of assembly skipped.
Assembly TestNewCustomAssembly.dll at Library/ScriptAssemblies/TestNewCustomAssembly.dll not valid. Loading of assembly skipped.
Assembly Unity.2D.Sprite.Package.EditorTests.dll at Library/ScriptAssemblies/Unity.2D.Sprite.Package.EditorTests.dll not valid. Loading of assembly skipped.
Assembly Unity.Collections.BurstCompatibilityGen.dll at Library/ScriptAssemblies/Unity.Collections.BurstCompatibilityGen.dll not valid. Loading of assembly skipped.
Assembly Unity.Collections.DocCodeSamples.dll at Library/ScriptAssemblies/Unity.Collections.DocCodeSamples.dll not valid. Loading of assembly skipped.
Assembly Unity.Collections.PerformanceTests.dll at Library/ScriptAssemblies/Unity.Collections.PerformanceTests.dll not valid. Loading of assembly skipped.
Assembly Unity.Collections.Tests.dll at Library/ScriptAssemblies/Unity.Collections.Tests.dll not valid. Loading of assembly skipped.
Assembly Unity.Collections.Tests.Playmode.dll at Library/ScriptAssemblies/Unity.Collections.Tests.Playmode.dll not valid. Loading of assembly skipped.
Assembly Unity.InputSystem.IntegrationTests.dll at Library/ScriptAssemblies/Unity.InputSystem.IntegrationTests.dll not valid. Loading of assembly skipped.
Assembly Unity.Mathematics.Tests.dll at Library/ScriptAssemblies/Unity.Mathematics.Tests.dll not valid. Loading of assembly skipped.
Assembly Unity.Multiplayer.Center.Editor.Tests.dll at Library/ScriptAssemblies/Unity.Multiplayer.Center.Editor.Tests.dll not valid. Loading of assembly skipped.
Assembly Unity.Multiplayer.Center.Tests.dll at Library/ScriptAssemblies/Unity.Multiplayer.Center.Tests.dll not valid. Loading of assembly skipped.
Assembly Unity.Nuget.Mono-Cecil.dll at Library/ScriptAssemblies/Unity.Nuget.Mono-Cecil.dll not valid. Loading of assembly skipped.
Assembly Unity.PathTracing.Editor.Tests.dll at Library/ScriptAssemblies/Unity.PathTracing.Editor.Tests.dll not valid. Loading of assembly skipped.
Assembly Unity.PathTracing.Runtime.Tests.dll at Library/ScriptAssemblies/Unity.PathTracing.Runtime.Tests.dll not valid. Loading of assembly skipped.
Assembly Unity.RenderPipelines.Core.Editor.Tests.dll at Library/ScriptAssemblies/Unity.RenderPipelines.Core.Editor.Tests.dll not valid. Loading of assembly skipped.
Assembly Unity.RenderPipelines.Core.Runtime.Tests.dll at Library/ScriptAssemblies/Unity.RenderPipelines.Core.Runtime.Tests.dll not valid. Loading of assembly skipped.
Assembly Unity.RenderPipelines.Universal.Config.Editor.Tests.dll at Library/ScriptAssemblies/Unity.RenderPipelines.Universal.Config.Editor.Tests.dll not valid. Loading of assembly skipped.
Assembly Unity.RenderPipelines.Universal.Editor.Tests.dll at Library/ScriptAssemblies/Unity.RenderPipelines.Universal.Editor.Tests.dll not valid. Loading of assembly skipped.
Assembly Unity.RenderPipelines.Universal.Runtime.Tests.dll at Library/ScriptAssemblies/Unity.RenderPipelines.Universal.Runtime.Tests.dll not valid. Loading of assembly skipped.
Assembly Unity.Searcher.EditorTests.dll at Library/ScriptAssemblies/Unity.Searcher.EditorTests.dll not valid. Loading of assembly skipped.
Assembly Unity.ShaderGraph.Editor.Tests.dll at Library/ScriptAssemblies/Unity.ShaderGraph.Editor.Tests.dll not valid. Loading of assembly skipped.
Assembly Unity.TextMeshPro.Editor.Tests.dll at Library/ScriptAssemblies/Unity.TextMeshPro.Editor.Tests.dll not valid. Loading of assembly skipped.
Assembly Unity.TextMeshPro.Tests.dll at Library/ScriptAssemblies/Unity.TextMeshPro.Tests.dll not valid. Loading of assembly skipped.
Assembly Unity.UnifiedRayTracing.Editor.Tests.dll at Library/ScriptAssemblies/Unity.UnifiedRayTracing.Editor.Tests.dll not valid. Loading of assembly skipped.
Assembly UnityEditor.UI.Common.Tests.dll at Library/ScriptAssemblies/UnityEditor.UI.Common.Tests.dll not valid. Loading of assembly skipped.
Assembly UnityEditor.UI.EditorTests.dll at Library/ScriptAssemblies/UnityEditor.UI.EditorTests.dll not valid. Loading of assembly skipped.
Assembly UnityEngine.UI.Tests.dll at Library/ScriptAssemblies/UnityEngine.UI.Tests.dll not valid. Loading of assembly skipped.
Refreshing native plugins compatible for Editor in 3.32 ms, found 4 plugins.
Native extension for WindowsStandalone target not found
Native extension for WebGL target not found
[Package Manager] Failed to launch server process. Reason: Unity was launched with the -noUpm command-line argument
[Package Manager] Unable to send message (not connected to server process).
[Package Manager] Cannot connect to Unity Package Manager local server
[Package Manager] Failed to launch server process. Reason: Unity was launched with the -noUpm command-line argument
[Package Manager] Unable to send message (not connected to server process).
[Package Manager] Cannot connect to Unity Package Manager local server
ScheduleIndexationOnStartup MainProcess:False IndexOnStartup:True
Mono: successfully reloaded assembly
- Finished resetting the current domain, in  1.321 seconds
Domain Reload Profiling: 3522ms
	BeginReloadAssembly (1346ms)
		DisableScriptedObjects (9ms)
		CreateAndSetChildDomain (1059ms)
	RebuildCommonClasses (55ms)
	RebuildNativeTypeToScriptingClass (20ms)
	initialDomainReloadingComplete (100ms)
	LoadAllAssembliesAndSetupDomain (679ms)
		LoadAssemblies (532ms)
		AnalyzeDomain (326ms)
			TypeCache.Refresh (16ms)
			BuildScriptInfoCaches (287ms)
			ResolveRequiredComponents (19ms)
	FinalizeReload (1322ms)
		SetupLoadedEditorAssemblies (0ms)
			InitializePlatformSupportModulesInManaged (4ms)
			BeforeProcessingInitializeOnLoad (221ms)
			ProcessInitializeOnLoadAttributes (678ms)
			ProcessInitializeOnLoadMethodAttributes (123ms)
			AfterProcessingInitializeOnLoad (3ms)
		AwakeInstancesAfterBackupRestoration (25ms)
Refreshing native plugins compatible for Editor in 2.71 ms, found 4 plugins.
Unloading 24 Unused Serialized files (Serialized files now loaded: 0)
Unloading 6633 unused Assets / (5.0 MB). Loaded Objects now: 7612.
Memory consumption went from 179.7 MB to 174.6 MB.
Total: 12.152100 ms (FindLiveObjects: 0.644600 ms CreateObjectMapping: 0.476600 ms MarkObjects: 8.370800 ms  DeleteObjects: 2.657800 ms)

Prepare: number of updated asset objects reloaded= 0
========================================================================
Received Prepare
Begin MonoManager ReloadAssembly
[Licensing::Client] Successfully resolved entitlement details
ADTM: Control thread waiting for realtime thread timed out, have to lock...
Assembly Assembly-CSharp-Editor-firstpass.dll at Library/ScriptAssemblies/Assembly-CSharp-Editor-firstpass.dll not valid. Loading of assembly skipped.
Assembly Assembly-CSharp-firstpass.dll at Library/ScriptAssemblies/Assembly-CSharp-firstpass.dll not valid. Loading of assembly skipped.
Assembly DocCodeExamples.dll at Library/ScriptAssemblies/DocCodeExamples.dll not valid. Loading of assembly skipped.
Assembly TestNewCustomAssembly.dll at Library/ScriptAssemblies/TestNewCustomAssembly.dll not valid. Loading of assembly skipped.
Assembly Unity.2D.Sprite.Package.EditorTests.dll at Library/ScriptAssemblies/Unity.2D.Sprite.Package.EditorTests.dll not valid. Loading of assembly skipped.
Assembly Unity.Collections.BurstCompatibilityGen.dll at Library/ScriptAssemblies/Unity.Collections.BurstCompatibilityGen.dll not valid. Loading of assembly skipped.
Assembly Unity.Collections.DocCodeSamples.dll at Library/ScriptAssemblies/Unity.Collections.DocCodeSamples.dll not valid. Loading of assembly skipped.
Assembly Unity.Collections.PerformanceTests.dll at Library/ScriptAssemblies/Unity.Collections.PerformanceTests.dll not valid. Loading of assembly skipped.
Assembly Unity.Collections.Tests.dll at Library/ScriptAssemblies/Unity.Collections.Tests.dll not valid. Loading of assembly skipped.
Assembly Unity.Collections.Tests.Playmode.dll at Library/ScriptAssemblies/Unity.Collections.Tests.Playmode.dll not valid. Loading of assembly skipped.
Assembly Unity.InputSystem.IntegrationTests.dll at Library/ScriptAssemblies/Unity.InputSystem.IntegrationTests.dll not valid. Loading of assembly skipped.
Assembly Unity.Mathematics.Tests.dll at Library/ScriptAssemblies/Unity.Mathematics.Tests.dll not valid. Loading of assembly skipped.
Assembly Unity.Multiplayer.Center.Editor.Tests.dll at Library/ScriptAssemblies/Unity.Multiplayer.Center.Editor.Tests.dll not valid. Loading of assembly skipped.
Assembly Unity.Multiplayer.Center.Tests.dll at Library/ScriptAssemblies/Unity.Multiplayer.Center.Tests.dll not valid. Loading of assembly skipped.
Assembly Unity.Nuget.Mono-Cecil.dll at Library/ScriptAssemblies/Unity.Nuget.Mono-Cecil.dll not valid. Loading of assembly skipped.
Assembly Unity.PathTracing.Editor.Tests.dll at Library/ScriptAssemblies/Unity.PathTracing.Editor.Tests.dll not valid. Loading of assembly skipped.
Assembly Unity.PathTracing.Runtime.Tests.dll at Library/ScriptAssemblies/Unity.PathTracing.Runtime.Tests.dll not valid. Loading of assembly skipped.
Assembly Unity.RenderPipelines.Core.Editor.Tests.dll at Library/ScriptAssemblies/Unity.RenderPipelines.Core.Editor.Tests.dll not valid. Loading of assembly skipped.
Assembly Unity.RenderPipelines.Core.Runtime.Tests.dll at Library/ScriptAssemblies/Unity.RenderPipelines.Core.Runtime.Tests.dll not valid. Loading of assembly skipped.
Assembly Unity.RenderPipelines.Universal.Config.Editor.Tests.dll at Library/ScriptAssemblies/Unity.RenderPipelines.Universal.Config.Editor.Tests.dll not valid. Loading of assembly skipped.
Assembly Unity.RenderPipelines.Universal.Editor.Tests.dll at Library/ScriptAssemblies/Unity.RenderPipelines.Universal.Editor.Tests.dll not valid. Loading of assembly skipped.
Assembly Unity.RenderPipelines.Universal.Runtime.Tests.dll at Library/ScriptAssemblies/Unity.RenderPipelines.Universal.Runtime.Tests.dll not valid. Loading of assembly skipped.
Assembly Unity.Searcher.EditorTests.dll at Library/ScriptAssemblies/Unity.Searcher.EditorTests.dll not valid. Loading of assembly skipped.
Assembly Unity.ShaderGraph.Editor.Tests.dll at Library/ScriptAssemblies/Unity.ShaderGraph.Editor.Tests.dll not valid. Loading of assembly skipped.
Assembly Unity.TextMeshPro.Editor.Tests.dll at Library/ScriptAssemblies/Unity.TextMeshPro.Editor.Tests.dll not valid. Loading of assembly skipped.
Assembly Unity.TextMeshPro.Tests.dll at Library/ScriptAssemblies/Unity.TextMeshPro.Tests.dll not valid. Loading of assembly skipped.
Assembly Unity.UnifiedRayTracing.Editor.Tests.dll at Library/ScriptAssemblies/Unity.UnifiedRayTracing.Editor.Tests.dll not valid. Loading of assembly skipped.
Assembly UnityEditor.UI.Common.Tests.dll at Library/ScriptAssemblies/UnityEditor.UI.Common.Tests.dll not valid. Loading of assembly skipped.
Assembly UnityEditor.UI.EditorTests.dll at Library/ScriptAssemblies/UnityEditor.UI.EditorTests.dll not valid. Loading of assembly skipped.
Assembly UnityEngine.UI.Tests.dll at Library/ScriptAssemblies/UnityEngine.UI.Tests.dll not valid. Loading of assembly skipped.
Refreshing native plugins compatible for Editor in 2.16 ms, found 4 plugins.
Native extension for WindowsStandalone target not found
Native extension for WebGL target not found
[Package Manager] Failed to launch server process. Reason: Unity was launched with the -noUpm command-line argument
[Package Manager] Unable to send message (not connected to server process).
[Package Manager] Cannot connect to Unity Package Manager local server
[Package Manager] Failed to launch server process. Reason: Unity was launched with the -noUpm command-line argument
[Package Manager] Unable to send message (not connected to server process).
[Package Manager] Cannot connect to Unity Package Manager local server
ScheduleIndexationOnStartup MainProcess:False IndexOnStartup:True
Mono: successfully reloaded assembly
- Finished resetting the current domain, in  1.300 seconds
Domain Reload Profiling: 3450ms
	BeginReloadAssembly (1333ms)
		DisableScriptedObjects (8ms)
		CreateAndSetChildDomain (1063ms)
	RebuildCommonClasses (56ms)
	RebuildNativeTypeToScriptingClass (19ms)
	initialDomainReloadingComplete (92ms)
	LoadAllAssembliesAndSetupDomain (650ms)
		LoadAssemblies (529ms)
		AnalyzeDomain (295ms)
			TypeCache.Refresh (11ms)
			BuildScriptInfoCaches (265ms)
			ResolveRequiredComponents (17ms)
	FinalizeReload (1300ms)
		SetupLoadedEditorAssemblies (0ms)
			InitializePlatformSupportModulesInManaged (3ms)
			BeforeProcessingInitializeOnLoad (201ms)
			ProcessInitializeOnLoadAttributes (673ms)
			ProcessInitializeOnLoadMethodAttributes (141ms)
			AfterProcessingInitializeOnLoad (3ms)
		AwakeInstancesAfterBackupRestoration (28ms)
Refreshing native plugins compatible for Editor in 4.14 ms, found 4 plugins.
Unloading 24 Unused Serialized files (Serialized files now loaded: 0)
Unloading 6633 unused Assets / (5.1 MB). Loaded Objects now: 7615.
Memory consumption went from 182.9 MB to 177.7 MB.
Total: 11.732100 ms (FindLiveObjects: 0.706700 ms CreateObjectMapping: 0.490700 ms MarkObjects: 8.011900 ms  DeleteObjects: 2.520900 ms)

Prepare: number of updated asset objects reloaded= 0
